MKT,SERIES,SYMBOL,SECURITY,PREV_CL_PR,OPEN_PRICE,HIGH_PRICE,LOW_PRICE,CLOSE_PRICE,NET_TRDVAL,NET_TRDQTY,IND_SEC,CORP_IND,TRADES,HI_52_WK,LO_52_WK
Y, , ,Nifty 50,     22776.10,     22690.45,     22717.65,     22546.30,     22603.05,1152686138767.29,4907441330,Y, ,41064041,     26373.20,     22182.55
Y, , ,NIFTY50 EQL Wgt,     30980.95,     30836.45,     30853.90,     30596.05,     30672.20,0.00,0,Y, ,0,         0.00,         0.00
Y, , ,NIFTY100 EQL Wgt,     32934.10,     32832.25,     32838.95,     32551.90,     32648.05,0.00,0,Y, ,0,         0.00,         0.00
Y, , ,NIFTY100 LowVol30,     18857.45,     18770.80,     18783.50,     18626.50,     18679.90,0.00,0,Y, ,0,         0.00,         0.00
Y, , ,NIFTY Alpha 50,     55418.20,     55467.65,     55880.60,     55164.45,     55676.95,0.00,0,Y, ,0,         0.00,         0.00
Y, , ,NIFTY MIDCAP 150,     21979.45,     21947.80,     21958.80,     21772.30,     21838.00,0.00,0,Y, ,0,     23647.50,     19218.00
Y, , ,NIFTY SMLCAP 50,      9700.90,      9706.00,      9771.80,      9660.60,      9728.50,0.00,0,Y, ,0,     10067.95,      7338.35
Y, , ,NIFTY SMLCAP 250,     17902.30,     17910.60,     17969.35,     17815.85,     17917.75,0.00,0,Y, ,0,     18551.00,     14143.45
Y, , ,NIFTY MIDSML 400,     20524.60,     20508.90,     20532.60,     20368.80,     20445.70,0.00,0,Y, ,0,     21770.30,     17390.85
Y, , ,NIFTY200 QUALTY30,     19057.00,     18997.35,     19011.90,     18793.50,     18843.60,0.00,0,Y, ,0,         0.00,         0.00
Y, , ,Nifty FinSrv25 50,     26839.30,     26765.30,     26857.90,     26621.25,     26778.25,0.00,0,Y, ,0,         0.00,         0.00
Y, , ,NIFTY AlphaLowVol,     25180.90,     25062.45,     25090.05,     24848.45,     24910.35,0.00,0,Y, ,0,         0.00,         0.00
Y, , ,Nifty200Momentm30,     29907.30,     29824.60,     29854.80,     29557.05,     29687.90,0.00,0,Y, ,0,         0.00,         0.00
Y, , ,Nifty100ESGSecLdr,      3806.75,      3794.15,      3795.00,      3765.55,      3773.10,0.00,0,Y, ,0,         0.00,         0.00
Y, , ,NIFTY100 ESG,      4699.75,      4686.10,      4686.35,      4649.00,      4659.55,0.00,0,Y, ,0,         0.00,         0.00
Y, , ,NIFTY M150 QLTY50,     23070.85,     23042.35,     23057.85,     22853.00,     22951.65,0.00,0,Y, ,0,         0.00,         0.00
Y, , ,NIFTY INDIA MFG,     15422.65,     15372.50,     15393.10,     15211.10,     15243.30,0.00,0,Y, ,0,         0.00,         0.00
Y, , ,Nifty200 Alpha 30,     25730.15,     25650.60,     25743.95,     25472.85,     25602.35,0.00,0,Y, ,0,         0.00,         0.00
Y, , ,NiftyM150Momntm50,     61551.95,     61441.40,     61543.60,     61068.60,     61381.25,0.00,0,Y, ,0,         0.00,         0.00
Y, , ,Nifty50 USD,      8184.40,      8184.40,      8240.95,      8056.00,      8092.20,0.00,0,Y, ,0,         0.00,         0.00
Y, , ,Nifty IT,     28136.05,     27993.25,     28109.45,     27714.65,     27757.80,0.00,0,Y, ,0,     40301.40,     25699.10
Y, , ,Nifty Next 50,     69973.70,     69840.00,     69863.80,     69178.05,     69404.00,0.00,0,Y, ,0,     75000.40,     59896.10
Y, , ,Nifty Bank,     55128.40,     54968.70,     55340.70,     54636.20,     55055.55,0.00,0,Y, ,0,     61764.85,     49954.85
Y, , ,NIFTY MIDCAP 100,     59761.20,     59674.30,     59718.55,     59200.05,     59382.60,0.00,0,Y, ,0,     64450.90,     52032.85
Y, , ,Nifty 500,     22202.85,     22146.35,     22156.80,     21997.05,     22059.90,0.00,0,Y, ,0,     24144.20,     20385.65
Y, , ,Nifty 100,     23881.70,     23800.20,     23814.15,     23640.35,     23697.75,0.00,0,Y, ,0,     26975.15,     22720.45
Y, , ,Nifty Midcap 50,     17119.70,     17089.20,     17089.45,     16938.90,     16990.85,0.00,0,Y, ,0,     18500.95,     14804.55
Y, , ,Nifty Realty,       837.45,       834.70,       837.05,       821.75,       822.60,0.00,0,Y, ,0,       974.50,       638.65
Y, , ,Nifty Infra,      8797.55,      8776.90,      8793.15,      8708.05,      8728.50,0.00,0,Y, ,0,      9792.60,      8426.65
Y, , ,Nifty Energy,     36915.75,     36840.50,     36866.30,     36601.60,     36683.45,0.00,0,Y, ,0,     41828.55,     32890.30
Y, , ,Nifty FMCG,     45205.35,     45012.70,     45051.50,     44641.40,     44800.85,0.00,0,Y, ,0,     57445.20,     43442.30
Y, , ,Nifty MNC,     30489.45,     30401.40,     30422.30,     30075.90,     30139.55,0.00,0,Y, ,0,     34028.00,     27597.20
Y, , ,Nifty Pharma,     26549.60,     26518.70,     26656.40,     26357.30,     26436.55,0.00,0,Y, ,0,     27255.05,     21149.90
Y, , ,Nifty PSE,      9346.45,      9320.10,      9328.30,      9225.30,      9232.35,0.00,0,Y, ,0,     10839.05,      9120.00
Y, , ,Nifty PSU Bank,      8008.40,      7984.85,      8128.15,      7921.85,      8088.70,0.00,0,Y, ,0,      9918.65,      7570.45
Y, , ,Nifty Serv Sector,     29240.70,     29185.60,     29245.10,     28998.20,     29059.00,0.00,0,Y, ,0,     34549.75,     28232.65
Y, , ,Nifty Auto,     25541.95,     25409.45,     25470.55,     25067.15,     25138.90,0.00,0,Y, ,0,     29865.50,     23560.10
Y, , ,Nifty Metal,     12599.75,     12525.05,     12552.85,     12302.45,     12306.70,0.00,0,Y, ,0,     13931.35,      9968.40
Y, , ,Nifty Media,      1567.70,      1578.00,      1591.20,      1566.45,      1578.50,0.00,0,Y, ,0,      1636.25,      1245.05
Y, , ,NIFTY SMLCAP 100,     19448.70,     19456.00,     19578.10,     19358.80,     19506.95,0.00,0,Y, ,0,     20187.80,     14986.00
Y, , ,Nifty 200,     13254.30,     13214.30,     13218.95,     13122.45,     13155.90,0.00,0,Y, ,0,     14700.95,     12396.10
Y, , ,Nifty Div Opps 50,      5466.15,      5444.45,      5448.05,      5389.60,      5411.10,0.00,0,Y, ,0,      6584.65,      5360.05
Y, , ,Nifty Commodities,      9239.30,      9198.15,      9209.35,      9088.70,      9107.25,0.00,0,Y, ,0,     10569.65,      8928.45
Y, , ,Nifty Consumption,     11074.35,     11029.50,     11031.35,     10951.75,     10976.65,0.00,0,Y, ,0,     12716.20,     10298.50
Y, , ,Nifty Fin Service,     24946.05,     24882.20,     25015.50,     24755.55,     24916.40,0.00,0,Y, ,0,     28562.50,     23373.95
Y, , ,Nifty50 Div Point,       196.79,       196.79,       196.79,       196.79,       196.79,0.00,0,Y, ,0,         0.00,         0.00
Y, , ,Nifty100 Liq 15,      7221.90,      7215.10,      7244.75,      7175.05,      7192.05,0.00,0,Y, ,0,      7785.85,      6565.70
Y, , ,Nifty CPSE,      6163.25,      6151.90,      6160.10,      6082.90,      6091.60,0.00,0,Y, ,0,      7593.35,      6061.60
Y, , ,Nifty GrowSect 15,     10503.40,     10422.30,     10440.35,     10329.80,     10339.65,0.00,0,Y, ,0,     12852.45,     10329.35
Y, , ,Nifty50 PR 2x Lev,     10569.00,     10488.00,     10512.90,     10354.45,     10406.85,0.00,0,Y, ,0,     14993.40,     10062.55
Y, , ,Nifty50 PR 1x Inv,       234.50,       235.40,       236.90,       235.15,       236.30,0.00,0,Y, ,0,       240.20,       197.80
Y, , ,Nifty50 TR 2x Lev,     16113.75,     15990.30,     16028.25,     15786.70,     15866.60,0.00,0,Y, ,0,     22435.45,     15341.65
Y, , ,Nifty50 TR 1x Inv,       190.20,       190.95,       192.15,       190.75,       191.70,0.00,0,Y, ,0,       194.85,       161.80
Y, , ,Nifty50 Value 20,     11228.25,     11184.25,     11212.05,     11118.45,     11151.30,0.00,0,Y, ,0,     13684.40,     11001.15
Y, , ,Nifty Mid Liq 15,     16396.50,     16378.20,     16422.40,     16277.85,     16330.90,0.00,0,Y, ,0,     17721.85,     13702.75
Y, , ,Nifty Pvt Bank,     27093.75,     27030.05,     27240.30,     26852.10,     27115.90,0.00,0,Y, ,0,     29748.45,     23957.45
Y, , ,NIFTY100 Qualty30,      5329.90,      5308.80,      5314.90,      5255.60,      5267.30,0.00,0,Y, ,0,         0.00,         0.00
Y, , ,Nifty GS 8 13Yr,      3011.19,      3011.76,      3011.77,      3002.15,      3007.19,0.00,0,Y, ,0,         0.00,         0.00
Y, , ,Nifty GS 10Yr,      2635.64,      2636.14,      2636.15,      2624.87,      2631.59,0.00,0,Y, ,0,         0.00,         0.00
Y, , ,Nifty GS 10Yr Cln,       853.34,       853.34,       853.35,       849.59,       851.83,0.00,0,Y, ,0,         0.00,         0.00
Y, , ,Nifty GS 4 8Yr,      3302.30,      3302.90,      3302.93,      3297.79,      3301.52,0.00,0,Y, ,0,         0.00,         0.00
Y, , ,Nifty GS 11 15Yr,      3318.98,      3319.63,      3319.64,      3305.53,      3314.57,0.00,0,Y, ,0,         0.00,         0.00
Y, , ,Nifty GS 15YrPlus,      3516.46,      3517.20,      3526.10,      3506.63,      3524.97,0.00,0,Y, ,0,         0.00,         0.00
Y, , ,Nifty GS Compsite,      3101.03,      3101.63,      3101.64,      3091.92,      3099.39,0.00,0,Y, ,0,         0.00,         0.00
Y, , ,NIFTY HEALTHCARE,     16101.30,     16073.00,     16138.70,     16003.10,     16059.15,0.00,0,Y, ,0,     16941.70,     13536.50
Y, , ,NIFTY CONSR DURBL,     36750.10,     36444.00,     36480.45,     36105.65,     36331.80,0.00,0,Y, ,0,     40964.55,     32587.95
Y, , ,NIFTY OIL AND GAS,     10676.85,     10625.00,     10658.70,     10578.90,     10622.80,0.00,0,Y, ,0,     12445.70,     10395.45
Y, , ,NIFTY500 MULTICAP,     15842.35,     15811.50,     15824.50,     15708.40,     15759.45,0.00,0,Y, ,0,     16847.15,     14102.20
Y, , ,NIFTY LARGEMID250,     15846.85,     15808.40,     15810.35,     15692.30,     15734.80,0.00,0,Y, ,0,     17077.75,     14445.65
Y, , ,NIFTY MID SELECT,     13826.00,     13811.90,     13831.45,     13708.05,     13757.20,0.00,0,Y, ,0,     15089.75,     12046.20
Y, , ,NIFTY TOTAL MKT,     12576.40,     12545.45,     12552.45,     12461.75,     12497.70,0.00,0,Y, ,0,     13548.00,     11436.55
Y, , ,NIFTY MICROCAP250,     26254.45,     26237.60,     26322.40,     26099.65,     26191.65,0.00,0,Y, ,0,     26798.50,     18858.50
Y, , ,NIFTY IND DIGITAL,      8163.15,      8150.95,      8204.15,      8123.00,      8138.95,0.00,0,Y, ,0,      9723.25,      7233.65
Y, , ,Nifty Tata 25 Cap,     13519.50,     13412.90,     13420.60,     13265.70,     13301.45,0.00,0,Y, ,0,     15588.85,     13045.50
Y, , ,Nifty MidSml Hlth,     51089.15,     51099.60,     51249.05,     50834.10,     51035.80,0.00,0,Y, ,0,     53415.10,     40352.90
Y, , ,Nifty Multi Mfg,     16006.00,     15957.10,     15974.95,     15821.50,     15855.60,0.00,0,Y, ,0,     17180.30,     14148.20
Y, , ,Nifty Multi Infra,     13827.50,     13810.25,     13812.45,     13692.00,     13724.05,0.00,0,Y, ,0,     14885.80,     12542.85
Y, , ,BHARATBOND-APR30,      1608.92,      1609.24,      1609.30,      1608.56,      1608.56,0.00,0,Y, ,0,         0.00,         0.00
Y, , ,BHARATBOND-APR31,      1454.45,      1454.73,      1454.75,      1454.73,      1454.75,0.00,0,Y, ,0,         0.00,         0.00
Y, , ,BHARATBOND-APR32,      1315.61,      1315.87,      1315.88,      1315.81,      1315.81,0.00,0,Y, ,0,         0.00,         0.00
Y, , ,BHARATBOND-APR33,      1272.53,      1272.79,      1272.80,      1272.75,      1272.75,0.00,0,Y, ,0,         0.00,         0.00
Y, , ,Nifty Ind Defence,      9347.25,      9335.10,      9336.50,      9198.60,      9215.35,0.00,0,Y, ,0,     10067.20,      7184.90
Y, , ,Nifty Ind Tourism,      7694.30,      7685.10,      7749.90,      7643.80,      7649.95,0.00,0,Y, ,0,      9091.10,      6502.65
Y, , ,Nifty Capital Mkt,      5262.55,      5239.25,      5309.65,      5208.80,      5288.40,0.00,0,Y, ,0,      5697.10,      4209.75
Y, , ,Nifty500Momentm50,     53824.90,     53803.35,     53836.25,     53405.30,     53657.40,0.00,0,Y, ,0,         0.00,         0.00
Y, , ,NiftyMS400 MQ 100,     50045.05,     49992.20,     50153.70,     49667.80,     50007.80,0.00,0,Y, ,0,         0.00,         0.00
Y, , ,NiftySml250MQ 100,     48230.95,     48311.20,     48553.50,     48060.40,     48413.70,0.00,0,Y, ,0,         0.00,         0.00
Y, , ,Nifty Top 10 EW,      8213.10,      8190.00,      8235.75,      8150.95,      8189.75,0.00,0,Y, ,0,         0.00,         0.00
Y, , ,Nifty AQL 30,     21586.20,     21515.90,     21548.25,     21321.65,     21382.25,0.00,0,Y, ,0,         0.00,         0.00
Y, , ,Nifty AQLV 30,     18908.00,     18858.00,     18886.80,     18691.35,     18736.70,0.00,0,Y, ,0,         0.00,         0.00
Y, , ,Nifty EV,      3007.55,      3000.15,      3004.00,      2970.65,      2979.90,0.00,0,Y, ,0,         0.00,         0.00
Y, , ,Nifty HighBeta 50,      4195.05,      4184.00,      4203.35,      4151.70,      4169.30,0.00,0,Y, ,0,         0.00,         0.00
Y, , ,Nifty New Consump,     11283.20,     11252.80,     11278.45,     11180.40,     11216.60,0.00,0,Y, ,0,         0.00,         0.00
Y, , ,Nifty Corp MAATR,     36200.05,     35999.85,     36019.60,     35583.30,     35629.40,0.00,0,Y, ,0,         0.00,         0.00
Y, , ,Nifty Low Vol 50,     23147.25,     23056.70,     23073.00,     22886.10,     22947.35,0.00,0,Y, ,0,         0.00,         0.00
Y, , ,Nifty Mobility,     21898.20,     21831.15,     21843.85,     21567.05,     21599.30,0.00,0,Y, ,0,         0.00,         0.00
Y, , ,Nifty Qlty LV 30,     15739.05,     15681.80,     15707.40,     15569.65,     15607.05,0.00,0,Y, ,0,         0.00,         0.00
Y, , ,Nifty Sml250 Q50,     24540.65,     24523.60,     24616.30,     24392.40,     24488.65,0.00,0,Y, ,0,         0.00,         0.00
Y, , ,Nifty Top 15 EW,      9169.25,      9139.25,      9169.75,      9097.90,      9116.70,0.00,0,Y, ,0,         0.00,         0.00
Y, , ,Nifty100 Alpha 30,     17244.25,     17155.50,     17180.05,     16975.25,     17051.95,0.00,0,Y, ,0,         0.00,         0.00
Y, , ,Nifty100 Enh ESG,      4730.50,      4716.80,      4717.05,      4679.50,      4690.10,0.00,0,Y, ,0,         0.00,         0.00
Y, , ,Nifty200 Value 30,     14025.30,     13967.75,     13992.40,     13870.45,     13929.65,0.00,0,Y, ,0,         0.00,         0.00
Y, , ,Nifty500 EW,     14351.40,     14337.15,     14346.50,     14231.05,     14288.10,0.00,0,Y, ,0,         0.00,         0.00
Y, , ,Nifty Multi MQ 50,     40393.60,     40302.45,     40375.10,     40016.25,     40280.85,0.00,0,Y, ,0,         0.00,         0.00
Y, , ,Nifty500 Value 50,     15131.80,     15078.35,     15092.25,     14951.85,     15004.45,0.00,0,Y, ,0,         0.00,         0.00
Y, , ,Nifty Top 20 EW,      8347.75,      8316.00,      8328.85,      8260.85,      8277.50,0.00,0,Y, ,0,         0.00,         0.00
Y, , ,Nifty CoreHousing,     14449.05,     14374.00,     14407.25,     14258.55,     14333.15,0.00,0,Y, ,0,     16353.10,     12788.20
Y, , ,Nifty FinSerExBnk,     29703.85,     29643.70,     29785.00,     29424.90,     29658.10,0.00,0,Y, ,0,     33301.05,     26788.05
Y, , ,Nifty Housing,     11236.50,     11188.70,     11201.35,     11077.05,     11119.85,0.00,0,Y, ,0,     12244.25,     10358.70
Y, , ,Nifty IPO,      2459.50,      2461.05,      2490.85,      2448.25,      2488.35,0.00,0,Y, ,0,      2490.85,      1774.60
Y, , ,Nifty MS Fin Serv,     21133.30,     21075.45,     21208.70,     20943.30,     21073.40,0.00,0,Y, ,0,     23193.65,     18013.20
Y, , ,Nifty MS Ind Cons,     17726.80,     17708.85,     17753.30,     17604.75,     17628.25,0.00,0,Y, ,0,     20135.15,     15614.35
Y, , ,Nifty MS IT Telcm,      9754.10,      9789.30,      9793.85,      9683.20,      9727.90,0.00,0,Y, ,0,     10591.60,      7748.35
Y, , ,Nifty NonCyc Cons,     14599.65,     14551.00,     14551.45,     14449.90,     14488.15,0.00,0,Y, ,0,     16774.20,     13311.10
Y, , ,Nifty Rural,     14243.70,     14208.20,     14217.70,     14086.55,     14127.70,0.00,0,Y, ,0,     16396.40,     13751.35
Y, , ,Nifty Shariah 25,      7479.20,      7444.35,      7455.65,      7380.70,      7394.55,0.00,0,Y, ,0,      8562.10,      7196.60
Y, , ,Nifty Trans Logis,     24290.55,     24231.70,     24239.05,     23937.20,     23963.70,0.00,0,Y, ,0,     27025.05,     21355.40
Y, , ,Nifty50 Shariah,      3962.95,      3945.65,      3949.90,      3909.20,      3912.25,0.00,0,Y, ,0,      4982.45,      3876.20
Y, , ,Nifty500 LMS Eql,     17790.20,     17764.25,     17783.25,     17649.45,     17711.75,0.00,0,Y, ,0,     18831.80,     15495.10
Y, , ,Nifty500 Shariah,      6652.70,      6638.80,      6642.40,      6581.30,      6596.60,0.00,0,Y, ,0,      7285.70,      6162.95
Y, , ,Nifty500 Qlty50,     18449.15,     18412.95,     18422.00,     18233.90,     18278.10,0.00,0,Y, ,0,         0.00,         0.00
Y, , ,Nifty500 LowVol50,     20910.05,     20847.10,     20872.90,     20689.55,     20739.65,0.00,0,Y, ,0,         0.00,         0.00
Y, , ,Nifty500 MQVLv50,     29001.15,     28949.05,     28963.65,     28763.50,     28865.80,0.00,0,Y, ,0,         0.00,         0.00
Y, , ,Nifty500 Flexicap,      9445.25,      9410.35,      9422.35,      9341.30,      9378.25,0.00,0,Y, ,0,         0.00,         0.00
Y, , ,Nifty TMMQ 50,     43019.15,     42963.75,     43092.95,     42683.55,     42990.15,0.00,0,Y, ,0,         0.00,         0.00
Y, , ,Nifty FPI 150,      1478.45,      1473.60,      1473.75,      1462.70,      1465.70,0.00,0,Y, ,0,      1641.40,      1346.50
Y, , ,Nifty SME Emerge,     15196.75,     15211.85,     15266.95,     15186.80,     15240.55,0.00,0,Y, ,0,     17223.65,     11015.55
Y, , ,Nifty Internet,      1379.35,      1379.85,      1398.35,      1370.15,      1386.85,0.00,0,Y, ,0,      1507.95,      1056.45
Y, , ,Nifty Chemicals,     28541.15,     28536.50,     28543.65,     28175.25,     28305.55,0.00,0,Y, ,0,     31895.45,     24851.65
Y, , ,Nifty Waves,      1836.95,      1848.25,      1850.95,      1835.80,      1844.75,0.00,0,Y, ,0,      2789.80,      1581.05
Y, , ,Nifty InfraLog,     11560.45,     11543.90,     11543.90,     11413.55,     11436.30,0.00,0,Y, ,0,     12549.95,      9210.40
Y, , ,Nifty500 Health,     21058.05,     21027.30,     21105.35,     20934.10,     21002.85,0.00,0,Y, ,0,     22125.15,     16294.60
Y, , ,Nifty RailwaysPSU,      2577.65,      2573.60,      2574.40,      2543.10,      2546.95,0.00,0,Y, ,0,      4005.50,      2540.05
Y, , ,NiftyConglomerate,     14097.35,     14031.90,     14034.95,     13853.90,     13876.95,0.00,0,Y, ,0,     15692.30,     12226.80
Y, , ,Nifty MidSmall 50 50,     20129.50,     20119.80,     20151.80,     19991.95,     20073.85,0.00,0,Y, ,0,     21223.00,     16874.30
Y, , ,Nifty Cement,     13616.40,     13567.65,     13601.65,     13418.45,     13496.80,0.00,0,Y, ,0,     18188.60,     13394.00
Y, , ,Nifty Smallcap 500,     20571.80,     20575.00,     20640.15,     20468.00,     20569.05,0.00,0,Y, ,0,     21203.80,     15960.20
Y, , ,Nifty REITs Realty,      1864.60,      1862.45,      1862.95,      1848.85,      1852.45,0.00,0,Y, ,0,      2012.90,      1632.55
Y, , ,India VIX,13.6075,13.6075,14.3150,13.6075,13.8850,0,0,Y, ,0,28.9075,8.7200
 , , , , , , , , , , , , , , , 
 , , , , , , , , , , , , , , , 
 , , ,NIFTY 50 Sec, , , , , , , , , , , , 
N,EQ,ADANIENT,ADANI ENTERPRISES LIMITED,      2849.90,      2827.00,      2848.30,      2732.00,      2743.00,               4807878952.00,1738033,Y, ,63714,      3245.00,      1753.00
N,EQ,ADANIPORTS,ADANI PORT & SEZ LTD,      1783.40,      1782.50,      1786.00,      1739.40,      1750.10,               2094861201.90,1187835,Y, ,59427,      1891.10,      1292.00
N,EQ,APOLLOHOSP,APOLLO HOSPITALS ENTER. L,      7914.50,      7850.00,      7917.00,      7822.00,      7917.00,               4296132913.50,545499,Y, ,64756,      9070.50,      6696.50
N,EQ,ASIANPAINT,ASIAN PAINTS LIMITED,      2424.20,      2371.80,      2403.20,      2360.20,      2372.10,               1240948747.00,522763,Y, ,43604,      2985.70,      2115.00
N,EQ,AXISBANK,AXIS BANK LIMITED,      1248.00,      1240.20,      1259.00,      1230.20,      1242.50,              12075402806.10,9678421,Y, ,287982,      1418.30,      1150.30
N,EQ,BAJAJ-AUTO,BAJAJ AUTO LIMITED,     10017.00,      9970.00,      9997.00,      9727.00,      9884.00,               4345485848.00,442314,Y, ,49923,     12470.00,      8605.00
N,EQ,BAJAJFINSV,BAJAJ FINSERV LTD.,      1752.40,      1740.00,      1758.60,      1728.10,      1743.30,               1724069210.00,990041,Y, ,40154,      2195.00,      1597.00
N,EQ,BAJFINANCE,BAJAJ FINANCE LIMITED,       963.10,       969.15,       984.40,       952.30,       963.85,              11056679859.25,11415155,Y, ,156168,      1176.40,       787.90
N,EQ,BEL,BHARAT ELECTRONICS LTD,       387.40,       386.50,       386.50,       378.00,       378.30,               5180924197.70,13636290,Y, ,158539,       473.45,       377.00
N,EQ,BHARTIARTL,BHARTI AIRTEL LIMITED,      1810.50,      1823.00,      1854.70,      1810.50,      1833.90,              25529095074.80,13920833,Y, ,210543,      2174.50,      1726.30
N,EQ,BSE,BSE LIMITED,      3305.00,      3265.00,      3372.60,      3246.50,      3356.00,              21940221774.10,6608257,Y, ,219510,      4446.80,      2102.00
N,EQ,CIPLA,CIPLA LTD,      1340.20,      1338.50,      1351.00,      1324.70,      1327.20,               1129947727.20,847901,Y, ,27439,      1673.00,      1165.70
N,EQ,COALINDIA,COAL INDIA LTD,       411.65,       411.65,       415.85,       410.80,       414.50,               2648471171.35,6400277,Y, ,76544,       491.25,       369.60
N,EQ,DRREDDY,DR. REDDY S LABORATORIES,      1208.00,      1208.00,      1222.80,      1192.20,      1203.80,               2116834876.30,1754646,Y, ,63324,      1414.90,      1101.00
N,EQ,EICHERMOT,EICHER MOTORS LTD,      7051.00,      7004.00,      7050.00,      6960.00,      6960.00,               1907833003.00,272452,Y, ,31909,      8230.00,      6442.00
N,EQ,ETERNAL,ETERNAL LIMITED,       329.00,       332.60,       332.70,       324.60,       328.00,               7833411565.95,23804457,Y, ,386018,       368.45,       212.60
N,EQ,GRASIM,GRASIM INDUSTRIES LTD,      2969.00,      2945.50,      2957.20,      2901.60,      2921.10,                689869946.50,235855,Y, ,26440,      3411.10,      2502.50
N,EQ,HCLTECH,HCL TECHNOLOGIES LTD,      1204.40,      1196.10,      1202.60,      1172.80,      1185.00,               2149652762.80,1810295,Y, ,70926,      1780.10,      1030.00
N,EQ,HDFCBANK,HDFC BANK LTD,       711.45,       708.55,       711.00,       701.70,       702.75,              21115152208.15,29944008,Y, ,252910,      1020.50,       681.90
N,EQ,HDFCLIFE,HDFC LIFE INS CO LTD,       543.95,       545.85,       548.35,       538.35,       546.05,               1386588767.40,2546074,Y, ,38255,       788.50,       508.70
N,EQ,HINDALCO,HINDALCO  INDUSTRIES  LTD,       940.50,       930.10,       937.85,       910.85,       910.85,               3486894396.25,3792281,Y, ,85215,      1176.00,       754.45
N,EQ,HINDUNILVR,HINDUSTAN UNILEVER LTD.,      1895.20,      1888.00,      1888.00,      1864.30,      1865.40,               1161355333.90,620459,Y, ,45872,      2479.60,      1826.90
N,EQ,ICICIBANK,ICICI BANK LTD.,      1342.80,      1343.00,      1360.00,      1329.90,      1357.50,              19928765567.90,14774121,Y, ,210590,      1480.00,      1187.60
N,EQ,INDIGO,INTERGLOBE AVIATION LTD,      5050.50,      5015.00,      5069.50,      4972.30,      4990.00,               8147668801.70,1618923,Y, ,81740,      5970.00,      3895.20
N,EQ,INFY,INFOSYS LIMITED,      1013.85,      1006.00,      1009.00,       990.10,       992.00,               7474377015.35,7493993,Y, ,162916,      1728.00,       980.40
N,EQ,ITC,ITC LTD,       266.70,       265.70,       267.15,       262.45,       265.70,              13260858711.50,50025295,Y, ,134937,       426.40,       254.65
N,EQ,JIOFIN,JIO FIN SERVICES LTD,       217.90,       217.45,       218.78,       215.55,       216.44,               2217326193.56,10207060,Y, ,68075,       316.85,       208.50
N,EQ,JSWSTEEL,JSW STEEL LIMITED,      1259.60,      1249.00,      1253.00,      1225.90,      1230.00,               2254968188.70,1830488,Y, ,85526,      1351.00,      1073.20
N,EQ,KOTAKBANK,KOTAK MAHINDRA BANK LTD,       431.90,       432.05,       441.50,       429.00,       440.00,              16664569433.65,37972097,Y, ,264248,      2266.00,       345.50
N,EQ,LT,LARSEN & TOUBRO LTD.,      3770.00,      3750.00,      3758.10,      3684.60,      3701.50,               5976877424.10,1609969,Y, ,88514,      4440.00,      3288.10
N,EQ,M&M,MAHINDRA & MAHINDRA LTD,      2855.00,      2823.60,      2837.90,      2800.00,      2800.00,               9463176277.90,3361287,Y, ,121389,      3839.90,      2800.00
N,EQ,MARUTI,MARUTI SUZUKI INDIA LTD.,     11625.00,     11561.00,     11597.00,     11383.00,     11450.00,               7198982874.00,628155,Y, ,63463,     17370.00,     11305.00
N,EQ,MAXHEALTH,MAX HEALTHCARE INS LTD,       902.50,       900.00,       911.25,       891.60,       908.00,               1805804667.35,2002385,Y, ,39390,      1221.90,       891.60
N,EQ,NESTLEIND,NESTLE INDIA LIMITED,      1341.40,      1326.30,      1336.60,      1313.10,      1324.00,               1867653659.40,1409917,Y, ,51323,      1553.00,      1158.60
N,EQ,NTPC,NTPC LTD,       321.45,       320.15,       321.70,       315.90,       316.75,               2017722456.90,6330699,Y, ,69539,       414.40,       313.05
N,EQ,ONGC,OIL AND NATURAL GAS CORP.,       224.20,       223.91,       224.92,       220.63,       221.88,               3154570891.77,14223609,Y, ,152315,       307.50,       220.60
N,EQ,POWERGRID,POWER GRID CORP. LTD.,       257.20,       256.60,       256.65,       252.85,       253.05,               1104222334.60,4339989,Y, ,69333,       324.95,       250.00
N,EQ,RELIANCE,RELIANCE INDUSTRIES LTD,      1218.00,      1212.00,      1220.80,      1203.50,      1207.70,              14382508204.30,11880731,Y, ,303168,      1611.80,      1160.80
N,EQ,SBILIFE,SBI LIFE INSURANCE CO LTD,      1750.00,      1735.00,      1750.50,      1701.80,      1726.10,               1777000254.70,1030112,Y, ,41402,      2132.00,      1652.90
N,EQ,SBIN,STATE BANK OF INDIA,       958.75,       955.00,       966.00,       945.60,       954.00,              11949213801.10,12523009,Y, ,166004,      1234.70,       857.25
N,EQ,SHRIRAMFIN,SHRIRAM FINANCE LIMITED,       965.05,       959.00,       960.00,       930.00,       948.00,               5749096218.95,6096545,Y, ,138936,      1153.70,       646.50
N,EQ,SUNPHARMA,SUN PHARMACEUTICAL IND L,      1804.10,      1797.10,      1804.20,      1772.10,      1781.00,               2050719353.10,1150689,Y, ,80814,      2046.90,      1583.70
N,EQ,TATACONSUM,TATA CONSUMER PRODUCT LTD,       976.00,       968.00,       972.40,       962.75,       968.50,                515503054.45,532061,Y, ,39148,      1282.70,       945.00
N,EQ,TATASTEEL,TATA STEEL LIMITED,       178.69,       177.79,       178.25,       174.60,       175.64,               3318060690.67,18846203,Y, ,125202,       224.40,       160.06
N,EQ,TCS,TATA CONSULTANCY SERV LT,      2100.00,      2085.20,      2105.00,      2076.00,      2080.30,               2819489886.30,1349758,Y, ,62070,      3350.00,      1976.80
N,EQ,TECHM,TECH MAHINDRA LIMITED,      1504.50,      1504.00,      1513.00,      1486.20,      1491.10,               1878899025.60,1254257,Y, ,54229,      1854.00,      1304.10
N,EQ,TITAN,TITAN COMPANY LIMITED,      4550.00,      4439.00,      4440.00,      4335.60,      4377.00,              12913301459.20,2951280,Y, ,172614,      5186.70,      3401.00
N,EQ,TMPV,TATA MOTORS PASS VEH LTD,       285.80,       285.60,       286.65,       280.80,       283.00,               2625527269.70,9266278,Y, ,75821,       421.55,       272.20
N,EQ,TRENT,TRENT LTD,      2906.00,      2897.00,      2909.00,      2876.80,      2890.30,               3812990377.20,1317846,Y, ,60619,      4908.00,      2545.80
N,EQ,ULTRACEMCO,ULTRATECH CEMENT LIMITED,     10750.00,     10730.00,     10812.00,     10595.00,     10658.00,               3073166641.00,287808,Y, ,44241,     13110.00,     10325.00
 , , , , , , , , , , , , , , , 
 , , ,NIFTY Next 50 Sec, , , , , , , , , , , , 
N,EQ,ABB,ABB INDIA LIMITED,      7122.50,      7122.50,      7122.50,      6989.00,      7005.00,                938432567.00,133622,N, ,29524,      7924.50,      4637.50
N,EQ,ADANIENSOL,ADANI ENERGY SOLUTION LTD,      1350.10,      1349.90,      1370.50,      1305.10,      1318.80,               1958530762.10,1468657,N, ,48249,      1789.00,       803.10
N,EQ,ADANIGREEN,ADANI GREEN ENERGY LTD,      1313.00,      1313.00,      1377.80,      1310.70,      1341.40,               8699853758.30,6420423,N, ,124425,      1631.50,       765.00
N,EQ,ADANIPOWER,ADANI POWER LTD,       202.40,       202.00,       203.45,       196.00,       196.94,               3740741536.38,18844725,N, ,91396,       254.20,       128.10
N,EQ,AMBUJACEM,AMBUJA CEMENTS LTD,       361.55,       362.40,       362.75,       352.45,       356.90,               1235251418.80,3466426,N, ,51715,       588.75,       352.45
N,EQ,BAJAJHLDNG,BAJAJ HOLDINGS & INVS LTD,     10600.00,     10699.00,     10779.00,     10568.00,     10662.00,                417657923.00,39078,N, ,8412,     13250.00,      8588.00
N,EQ,BANKBARODA,BANK OF BARODA,       232.73,       231.80,       236.38,       230.18,       234.55,               1478587434.72,6320157,N, ,56922,       325.50,       223.82
N,EQ,BOSCHLTD,BOSCH LIMITED,     45000.00,     45000.00,     45000.00,     44305.00,     44410.00,                944526245.00,21193,N, ,10596,     50000.00,     28610.00
N,EQ,BPCL,BHARAT PETROLEUM CORP  LT,       300.50,       297.00,       298.65,       294.75,       296.35,               1852756216.25,6249901,N, ,51257,       391.65,       266.60
N,EQ,BRITANNIA,BRITANNIA INDUSTRIES LTD,      4883.80,      4870.10,      4873.20,      4775.10,      4780.00,               1192157919.60,248082,N, ,22152,      6271.00,      4734.10
N,EQ,CANBK,CANARA BANK,       117.82,       117.95,       120.25,       116.51,       119.15,               2109972906.40,17756429,N, ,90620,       162.89,       116.51
N,EQ,CGPOWER,CG POWER AND IND SOL LTD,       912.00,       912.00,       912.60,       890.20,       894.50,               1671432180.85,1854228,N, ,42621,       980.90,       525.50
N,EQ,CHOLAFIN,CHOLAMANDALAM IN & FIN CO,      1611.00,      1607.10,      1612.40,      1564.70,      1564.70,               2948161244.80,1859926,N, ,87446,      1952.50,      1299.40
N,EQ,CUMMINSIND,CUMMINS INDIA LTD,      4919.00,      4925.00,      4964.30,      4850.00,      4872.20,               3098637018.80,631136,N, ,57775,      6100.00,      3882.50
N,EQ,DIVISLAB,DIVI S LABORATORIES LTD,      9550.00,      9500.50,      9660.00,      9494.00,      9588.00,               4040650727.00,422217,N, ,42362,      9740.00,      5647.50
N,EQ,DLF,DLF LIMITED,       666.10,       664.95,       666.45,       652.40,       656.00,               1991607647.35,3028905,N, ,44774,       786.50,       489.40
N,EQ,DMART,AVENUE SUPERMARTS LIMITED,      3581.90,      3567.10,      3636.00,      3560.20,      3636.00,               1468376433.50,406908,N, ,27697,      4644.00,      3521.00
N,EQ,ENRIN,SIEMENS ENERGY INDIA LTD,      3307.50,      3300.00,      3406.90,      3276.30,      3344.00,               1431158107.80,426581,N, ,35715,      3968.00,      2115.00
N,EQ,GAIL,GAIL (INDIA) LTD,       172.08,       171.01,       171.22,       168.56,       170.71,               1206394713.41,7094410,N, ,35592,       186.87,       134.36
N,EQ,GODREJCP,GODREJ CONSUMER PRODUCTS,       872.50,       874.75,       874.75,       853.65,       865.55,               1150696120.40,1332394,N, ,28658,      1273.90,       832.60
N,EQ,HAL,HINDUSTAN AERONAUTICS LTD,      4816.00,      4819.90,      4831.40,      4732.10,      4746.30,               2467197422.40,515972,N, ,40877,      5149.90,      3479.10
N,EQ,HDFCAMC,HDFC AMC LIMITED,      2352.40,      2345.00,      2347.00,      2300.00,      2314.80,               1685803906.20,727092,N, ,59531,      5934.50,      2205.60
N,EQ,HINDZINC,HINDUSTAN ZINC LIMITED,       557.65,       561.00,       561.00,       550.55,       551.00,               1108764211.55,1999170,N, ,35226,       733.00,       453.50
N,EQ,HYUNDAI,HYUNDAI MOTOR INDIA LTD,      1989.00,      1989.00,      1989.00,      1935.00,      1945.00,                975040478.50,498987,N, ,33364,      2549.50,      1658.00
N,EQ,IDEA,VODAFONE IDEA LIMITED,        13.21,        13.18,        13.40,        13.09,        13.18,               4982770461.99,377013597,N, ,361768,        15.79,         8.13
N,EQ,IOC,INDIAN OIL CORP LTD,       131.60,       130.60,       131.19,       129.70,       130.00,                947303860.29,7269916,N, ,50094,       188.96,       129.55
N,EQ,IRFC,INDIAN RAILWAY FIN CORP L,        77.10,        76.90,        77.20,        76.04,        76.15,                399424841.51,5212579,N, ,33412,       137.17,        76.04
N,EQ,JINDALSTEL,JINDAL STEEL LIMITED,      1085.90,      1080.60,      1082.60,      1055.60,      1061.00,                961174710.70,904316,N, ,26011,      1306.20,       977.10
N,EQ,LTM,LTM LIMITED,      3971.10,      3971.00,      4008.00,      3905.60,      3930.00,               1011273622.50,255181,N, ,26083,      6429.50,      3528.00
N,EQ,MAZDOCK,MAZAGON DOCK SHIPBUIL LTD,      2101.00,      2101.00,      2102.50,      2052.40,      2064.40,                905570645.00,437816,N, ,25701,      2929.70,      2031.20
N,EQ,MOTHERSON,SAMVRDHNA MTHRSN INTL LTD,       160.00,       158.73,       159.98,       156.99,       159.20,               1771449387.61,11181774,N, ,54984,       173.27,       101.01
N,EQ,MUTHOOTFIN,MUTHOOT FINANCE LIMITED,      2686.00,      2695.20,      2695.20,      2639.30,      2654.40,               1674738131.10,629510,N, ,38080,      4149.50,      2639.30
N,EQ,PFC,POWER FIN CORP LTD.,       322.60,       322.90,       332.25,       321.95,       325.55,               5178470549.00,15838626,N, ,101286,       486.50,       313.35
N,EQ,PIDILITIND,PIDILITE INDUSTRIES LTD,      1520.50,      1515.00,      1515.00,      1483.10,      1488.50,                803649987.80,537272,N, ,40292,      1707.50,      1259.00
N,EQ,PNB,PUNJAB NATIONAL BANK,       111.92,       111.60,       115.10,       110.55,       114.59,               2075382618.41,18275898,N, ,71430,       135.15,        98.50
N,EQ,POLYCAB,POLYCAB INDIA LIMITED,      8147.00,      8130.50,      8335.50,      8038.00,      8310.00,               4340265666.50,531310,N, ,44462,     10126.00,      6663.00
N,EQ,POWERINDIA,HITACHI ENERGY INDIA LTD,     31640.00,     31470.00,     31825.00,     31300.00,     31610.00,               1499092810.00,47440,N, ,14722,     38785.00,     16111.00
N,EQ,SIEMENS,SIEMENS LTD,      3854.00,      3848.00,      3848.00,      3772.00,      3793.00,                944812573.80,247482,N, ,17179,      4149.40,      2826.00
N,EQ,SOLARINDS,SOLAR INDUSTRIES (I) LTD,     20071.00,     20100.00,     20150.00,     19770.00,     20050.00,               3166552886.00,158117,N, ,36928,     22700.00,     11646.00
N,EQ,TATACAP,TATA CAPITAL LIMITED,       322.10,       322.90,       322.90,       317.30,       320.55,                361346142.10,1129597,N, ,29873,       390.20,       296.00
N,EQ,TATAPOWER,TATA POWER CO LTD,       351.65,       350.90,       350.90,       341.00,       345.15,               1804496539.05,5227497,N, ,67613,       464.90,       341.00
N,EQ,TMCV,TATA MOTORS LIMITED,       433.80,       432.50,       433.80,       424.05,       427.90,               2354432484.45,5489931,N, ,77857,       509.00,       306.30
N,EQ,TORNTPHARM,TORRENT PHARMACEUTICALS L,      4772.00,      4765.00,      4791.30,      4679.00,      4716.20,               1136898582.70,241200,N, ,28212,      5250.00,      3480.60
N,EQ,TVSMOTOR,TVS MOTOR COMPANY  LTD,      3981.00,      3982.80,      3995.00,      3870.80,      3926.00,               2655781863.90,673718,N, ,47052,      4484.50,      3228.00
N,EQ,UNIONBANK,UNION BANK OF INDIA,       168.44,       167.67,       174.90,       165.44,       173.15,               2315832905.40,13484976,N, ,76751,       205.49,       135.30
N,EQ,VAML,VEDANTA ALUMINIUM METAL L,       401.05,       401.25,       401.80,       393.05,       394.00,               1337514098.20,3370906,N, ,102095,       537.00,       391.45
N,EQ,VBL,VARUN BEVERAGES LIMITED,       439.30,       438.00,       444.05,       435.00,       440.75,               1583796856.75,3591044,N, ,34518,       555.80,       381.00
N,EQ,VEDL,VEDANTA LIMITED,       265.60,       264.50,       265.20,       258.80,       261.40,               2661812694.30,10190251,N, ,69569,       360.00,       247.25
N,EQ,WIPRO,WIPRO LTD,       161.84,       160.60,       162.20,       158.70,       159.60,               1985519566.87,12404246,N, ,70047,       273.10,       156.79
N,EQ,ZYDUSLIFE,ZYDUS LIFESCIENCES LTD,      1159.50,      1165.00,      1167.40,      1147.60,      1153.00,               1321716157.00,1143059,N, ,25945,      1232.10,       835.50
 , , , , , , , , , , , , , , , 
 , , ,COMPULSORY ROLLING STOCKS, , , , , , , , , , , , 
N,EQ,20MICRONS,20 MICRONS LTD,       207.87,       208.00,       210.58,       203.50,       204.56,                 14415790.61,70093,N, ,2203,       237.40,       129.61
N,EQ,21STCENMGM,21ST CENTURY MGMT SERVICE,        38.36,        38.40,        39.12,        37.69,        39.12,                   283338.60,7291,N, ,27,        53.79,        28.25
N,EQ,360ONE,360 ONE WAM LIMITED,      1069.50,      1060.20,      1070.80,      1053.70,      1063.00,                262134480.70,246152,N, ,17213,      1236.20,       906.05
N,EQ,3BBLACKBIO,3B BLACKBIO DX LTD.,      1575.10,      1606.00,      1667.90,      1576.50,      1615.50,                 18778390.30,11520,N, ,2214,      1740.00,      1085.00
N,EQ,3MINDIA,3M INDIA LIMITED,     30840.00,     30910.00,     31250.00,     30475.00,     30825.00,                396331840.00,12866,N, ,1746,     38030.00,     28730.00
N,EQ,3PLAND,3P LAND HOLDINGS LIMITED,        30.75,        30.75,        30.90,        30.36,        30.80,                     8583.18,282,N, ,15,        45.01,        28.51
N,EQ,5PAISA,5PAISA CAPITAL LIMITED,       349.70,       349.05,       352.95,       344.30,       348.00,                  8778243.85,25160,N, ,2177,       416.95,       245.50
N,EQ,63MOONS,63 MOONS TECHNOLOGIES LTD,       792.95,       791.00,       806.70,       775.95,       783.20,                129819975.50,164400,N, ,7328,       957.95,       467.00
N,EQ,A2ZINFRA,A2Z INFRA ENGINEERING LTD,        14.00,        13.71,        14.28,        13.71,        14.10,                  2491333.67,177440,N, ,1006,        19.39,        12.00
N,EQ,AAATECH,AAA TECHNOLOGIES LIMITED,       103.53,       103.51,       111.00,       103.51,       106.79,                 44415880.87,416475,N, ,2654,       136.00,        81.10
N,EQ,AADHARHFC,AADHAR HOUSING FINANCE L,       453.80,       451.05,       460.25,       443.15,       455.05,                 98708405.10,218913,N, ,9370,       563.00,       427.30
N,SM,AAKAAR,AAKAAR MEDICAL TECHNO LTD,        65.55,        66.00,        66.00,        66.00,        66.00,                   105600.00,1600,N, ,1,        90.00,        46.00
N,EQ,AAKASH,AAKASH EXPLORATION SER L,         8.21,         8.21,         8.40,         8.15,         8.24,                   665075.78,80907,N, ,356,        13.40,         6.86
N,EQ,AAREYDRUGS,AAREY DRUGS & PHARM LTD,       107.85,       108.10,       110.00,       104.48,       108.81,                 54028938.54,497489,N, ,1919,       110.00,        50.31
N,EQ,AARON,AARON INDUSTRIES LIMITED,       122.31,       123.63,       124.00,       120.50,       122.50,                   840553.27,6844,N, ,226,       228.00,       106.80
N,EQ,AARTIDRUGS,AARTI DRUGS LTD.,       428.80,       425.00,       429.95,       415.00,       417.55,                 61778037.10,147075,N, ,6461,       534.00,       318.95
N,EQ,AARTIIND,AARTI INDUSTRIES LTD,       481.15,       481.75,       492.90,       478.40,       491.25,                278222773.90,570690,N, ,18628,       551.75,       338.05
N,EQ,AARTIPHARM,AARTI PHARMALABS LIMITED,       975.00,       980.05,       980.50,       950.00,       953.35,                502331938.20,522298,N, ,36798,      1002.40,       585.00
N,EQ,AARVI,AARVI ENCON LIMITED,       138.82,       139.30,       141.90,       136.00,       140.71,                  1540459.94,11004,N, ,225,       168.40,       115.99
N,EQ,AASTHA,AASTHA SPINTEX LIMITED,        29.54,        29.70,        31.00,        29.62,        30.12,                 17571443.87,579923,N, ,2808,       140.01,        29.29
N,SM,AATMAJ,AATMAJ HEALTHCARE LIMITED,        21.55,        21.55,        22.40,        21.55,        22.05,                   218400.00,10000,N, ,5,        25.50,        16.70
N,EQ,AAVAS,AAVAS FINANCIERS LIMITED,      1215.10,      1218.00,      1236.60,      1194.00,      1231.70,                 54149392.00,44345,N, ,8918,      1771.90,      1060.40
N,EQ,ABANSENT,ABANS ENTERPRISES LTD.,        27.51,        27.51,        27.78,        26.75,        27.66,                    96396.24,3518,N, ,204,        48.85,        22.30
N,EQ,ABBOTINDIA,ABBOTT INDIA LIMITED,     26115.00,     26150.00,     26200.00,     25950.00,     26095.00,                233276040.00,8952,N, ,2340,     30655.00,     25135.00
N,EQ,ABCAPITAL,ADITYA BIRLA CAPITAL LTD.,       378.90,       377.50,       380.20,       370.05,       372.10,               1636432809.10,4394040,N, ,43898,       430.70,       287.70
N,EQ,ABCOTS,A B COTSPIN INDIA LIMITED,       193.34,       195.00,       195.00,       192.00,       192.07,                  1269911.05,6530,N, ,68,       474.90,       181.73
N,EQ,ABDL,ALLIED BLEND N DISTILS L,       714.65,       719.60,       719.60,       690.30,       694.25,                280365755.05,398467,N, ,14366,       753.80,       382.10
N,EQ,ABFRL,ADITYA BIRLA FASHION & RT,        45.68,        45.49,        45.55,        44.48,        44.62,                184538031.71,4104346,N, ,16516,        88.40,        44.04
N,SM,ABH,ABH HEALTHCARE LIMITED,        45.65,        47.50,        47.90,        43.50,        47.85,                  3008940.00,63600,N, ,50,        99.00,        38.20
N,SM,ABHAPOWER,ABHA POWER N STEEL LTD,        23.05,        23.00,        23.00,        22.00,        22.40,                   180720.00,8000,N, ,5,        46.10,        22.00
N,EQ,ABLBL,ADITYA BIRLA LIFES BRAN L,        73.16,        73.00,        76.46,        72.61,        73.69,                614129085.71,8210032,N, ,37461,       150.79,        72.20
N,EQ,ABMKNO,A B M KNOWLEDGEWARE LTD.,       165.87,       165.87,       169.99,       164.00,       169.00,                    81044.44,482,N, ,24,       254.90,       161.20
N,EQ,ABREL,ADITYA BIRLA REAL EST LTD,      1078.00,      1080.90,      1090.00,      1040.20,      1049.40,                222703300.90,209940,N, ,22579,      1914.00,      1040.20
N,EQ,ABSLAMC,ADIT BIRL SUN LIF AMC LTD,      1009.65,      1009.65,      1040.40,      1009.65,      1015.50,                207379946.65,201360,N, ,26654,      1224.90,       708.00
N,SM,ABSMARINE,ABS MARINE SERVICES LTD,       325.60,       323.05,       328.05,       322.00,       324.35,                  9405700.00,29000,N, ,52,       360.00,       143.05
N,EQ,ACC,ACC LIMITED,      1177.00,      1180.00,      1182.70,      1160.10,      1165.50,                111287988.30,95185,N, ,10855,      1987.00,      1160.10
N,EQ,ACCELYA,ACCELYA SOLN INDIA LTD,      1097.50,      1102.80,      1108.50,      1097.00,      1100.10,                 55028920.80,50002,N, ,3084,      1527.00,      1012.40
N,SM,ACCENTMIC,ACCENT MICROCELL LIMITED,       662.80,       673.70,       673.70,       665.50,       666.65,                 31395725.00,47000,N, ,87,       731.70,       238.00
N,EQ,ACCURACY,ACCURACY SHIPPING LIMITED,         4.10,         4.08,         4.19,         3.97,         4.17,                   439762.09,106788,N, ,287,         7.10,         3.40
N,EQ,ACE,ACTION CONST EQUIP LTD,      1252.20,      1251.00,      1263.00,      1235.90,      1249.90,                307964317.90,245926,N, ,20719,      1268.00,       745.10
N,EQ,ACEINTEG,ACE INTEGRATED SOLU. LTD.,        17.03,        17.35,        17.35,        16.37,        16.84,                    14997.76,885,N, ,87,        27.29,        14.20
N,EQ,ACEVECTOR,ACEVECTOR LIMITED,        25.93,        25.80,        31.11,        25.27,        31.11,               1960910979.13,66714951,N, ,92049,        31.11,        23.37
N,EQ,ACGL,AUTOMOBILE CORPN OF GOA L,      1723.70,      1740.00,      1784.30,      1696.50,      1703.80,                   832752.10,481,N, ,204,      1961.90,      1605.00
N,EQ,ACI,ARCHEAN CHEMICAL IND LTD,       474.50,       471.40,       478.05,       466.85,       476.20,                 52556999.95,110914,N, ,6467,       685.35,       446.00
N,EQ,ACL,ANDHRA CEMENTS LIMITED,        39.67,        39.94,        39.94,        39.20,        39.41,                   109875.07,2786,N, ,243,        85.57,        38.40
N,EQ,ACMESOLAR,ACME SOLAR HOLDINGS LTD,       448.20,       450.00,       450.00,       433.40,       436.15,                355190830.20,813273,N, ,37346,       476.90,       195.90
N,EQ,ACUTAAS,ACUTAAS CHEMICALS LIMITED,      3156.70,      3160.00,      3194.10,      3136.10,      3174.20,                662042150.90,209529,N, ,28199,      3740.00,      1374.00
N,EQ,ADDIND,ADDI INDUSTRIES LTD.,        78.90,        80.48,        81.00,        71.65,        73.88,                    24645.63,315,N, ,16,        94.60,        70.00
N,EQ,ADFFOODS,ADF FOODS LIMITED,       293.10,       295.00,       297.90,       290.35,       291.70,                 63811946.20,217579,N, ,5713,       346.95,       153.10
N,SM,ADISOFT,ADISOFT TECHNOLOGIES LTD,       301.65,       304.00,       322.65,       301.00,       306.85,                 39707520.00,128800,N, ,154,       322.65,       170.00
N,EQ,ADL,ARCHIDPLY DECOR LIMITED,        76.20,        76.20,        76.20,        71.23,        72.29,                    32027.01,443,N, ,25,       109.90,        50.26
N,EQ,ADOR,ADOR WELDING LTD,      1535.00,      1549.80,      1574.90,      1517.00,      1552.10,                 40807828.50,26360,N, ,3731,      1766.40,       848.00
N,EQ,ADSL,ALLIED DIGITAL SERV. LTD,       103.82,       102.39,       104.28,       101.32,       102.04,                 14068775.80,137109,N, ,2751,       204.65,        86.27
N,EQ,ADVAIT,ADVAIT ENRGY TRANSITION L,      1946.90,      1958.00,      1958.00,      1883.20,      1910.80,                 57000231.00,29825,N, ,5436,      2485.00,      1351.00
N,EQ,ADVANCE,ADVANCE AGROLIFE LIMITED,       117.76,       118.34,       120.00,       115.28,       117.49,                 11841872.30,100984,N, ,1152,       154.00,        84.10
N,EQ,ADVANIHOTR,ADVANI HOT.& RES.(I) LTD,        47.51,        47.94,        48.40,        47.50,        47.91,                   700145.83,14589,N, ,373,        65.50,        46.75
N,EQ,ADVENTHTL,ADVENT HOTELS INTERNATI L,       122.21,       122.50,       125.45,       120.15,       121.77,                 14970572.91,121576,N, ,2870,       345.05,       120.02
N,EQ,ADVENZYMES,ADVANCED ENZYME TECH LTD,       273.10,       273.10,       274.95,       269.25,       270.05,                 50591712.35,186349,N, ,4781,       419.00,       251.95
N,EQ,ADVIKCA,ADVIK CAPITAL LTD.,         0.99,         0.99,         1.01,         0.95,         0.98,                   545673.76,559603,N, ,342,         1.27,         0.86
N,EQ,AEGISLOG,AEGIS LOGISTICS LIMITED,      1395.90,      1399.10,      1481.00,      1383.40,      1460.20,               2484484745.00,1713087,N, ,82476,      1528.70,       576.10
N,EQ,AEGISVOPAK,AEGIS VOPAK TERMINALS LTD,       293.35,       294.00,       301.80,       290.50,       294.25,                407480860.90,1371001,N, ,29365,       320.95,       158.00
N,EQ,AEPL,ARTEMIS ELECTRICALS & P L,        15.20,        14.66,        15.80,        14.66,        15.04,                   572267.47,37730,N, ,136,        20.25,        13.25
N,EQ,AEQUS,AEQUS LIMITED,       286.10,       284.75,       292.15,       278.55,       288.15,               1368267128.65,4796952,N, ,55798,       294.70,       113.30
N,EQ,AEROENTER,AEROFLEX ENTERPRISES LTD,       132.56,       131.90,       131.90,       128.20,       129.01,                 54853688.15,422833,N, ,5519,       159.60,        62.20
N,EQ,AEROFLEX,AEROFLEX INDUSTRIES LTD,       560.75,       566.40,       567.00,       550.35,       563.85,                570726752.10,1019697,N, ,27001,       584.15,       158.00
N,SM,AERON,AERON COMPOSITE LIMITED,        84.00,        87.50,        88.75,        87.05,        87.50,                  3348050.00,38000,N, ,38,       121.95,        70.00
N,EQ,AERONEU,AEROFLEX NEU LIMITED,        69.97,        69.50,        71.00,        69.31,        70.21,                  2811235.18,40034,N, ,280,       105.50,        63.21
N,EQ,AEROPLANE,AMIR CHAND JAG KUM (E) L,       209.24,       208.40,       219.70,       208.40,       218.44,                346680089.05,1610248,N, ,16167,       219.70,       117.02
N,SM,AESTHETIK,AESTHETIK ENGINEERS LTD,        67.05,        67.05,        67.05,        67.00,        67.00,                   402100.00,6000,N, ,5,       138.00,        59.60
N,EQ,AETHER,AETHER INDUSTRIES LIMITED,      1799.80,      1781.10,      1807.90,      1770.50,      1787.60,                490100992.30,273746,N, ,23919,      1814.10,       728.00
N,EQ,AFCONS,AFCONS INFRASTRUCTURE LTD,       242.15,       240.95,       245.70,       240.17,       244.38,                 56181367.01,230744,N, ,6863,       479.40,       225.35
N,EQ,AFFLE,AFFLE 3I LIMITED,      1450.20,      1450.20,      1453.00,      1428.00,      1436.00,                167822850.70,116544,N, ,13467,      1993.70,      1251.30
N,EQ,AFFORDABLE,AFFORD ROBO & AUTO LTD,       163.67,       163.00,       168.00,       161.86,       165.30,                  1096320.13,6653,N, ,435,       297.00,       119.71
N,EQ,AFIL,AKME FINTRADE (INDIA) LTD,         7.90,         7.93,         7.95,         6.95,         7.54,                  8066026.35,1086225,N, ,1663,        11.10,         3.92
N,EQ,AFSL,ABANS FINANCIAL SRVCS LTD,       201.00,       201.01,       202.50,       201.00,       201.00,                   385245.45,1915,N, ,70,       227.00,       194.41
N,EQ,AGARIND,AGARWAL INDS CORP LTD.,       396.50,       396.50,       397.35,       387.55,       388.90,                  7275603.20,18567,N, ,1204,       949.00,       360.00
N,EQ,AGARWALEYE,DR AGARWALS HEALTH CARE L,       486.85,       480.25,       490.00,       479.10,       483.25,                 96685431.65,199969,N, ,13344,       568.00,       401.00
N,SM,AGARWALTUF,AGARWAL TOUGH GLASS IND L,       175.55,       174.00,       181.00,       172.05,       175.55,                 27543360.00,157200,N, ,71,       181.00,        81.00
N,EQ,AGI,AGI GREENPAC LIMITED,       786.40,       786.00,       795.75,       773.30,       787.50,                 67030879.00,85348,N, ,7303,       896.15,       465.00
N,EQ,AGIIL,AGI INFRA LIMITED,       259.10,       259.00,       259.65,       255.30,       257.15,                 51354465.95,199474,N, ,3510,      1408.00,       224.70
N,EQ,AGL,ALLCARGO GLOBAL LIMITED,        12.77,        12.71,        13.13,        12.51,        12.63,                 10909797.29,853864,N, ,2406,        22.00,        12.03
N,SM,AGNI,AGNI GREEN POWER LTD,        14.30,        14.10,        14.50,        14.10,        14.30,                   214125.00,15000,N, ,6,        27.60,        13.60
N,EQ,AGRITECH,AGRI-TECH (INDIA) LIMITED,        87.68,        89.99,        89.99,        86.15,        87.10,                   368635.95,4222,N, ,101,       187.19,        85.55
N,EQ,AGROPHOS,AGRO PHOS INDIA LIMITED,        21.92,        21.92,        23.97,        21.92,        23.38,                   689837.61,29816,N, ,233,        45.89,        21.00
N,EQ,AHCL,ANLON HEALTHCARE LIMITED,        29.66,        28.18,        28.18,        28.18,        28.18,                 60277048.18,2139001,N, ,3139,       172.75,        12.91
N,EQ,AHLADA,AHLADA ENGINEERS LIMITED,        38.33,        39.78,        39.79,        35.75,        38.80,                   373265.15,9920,N, ,142,        66.44,        31.22
N,EQ,AHLEAST,ASIAN HOTELS (EAST) LTD,       135.74,       134.16,       138.88,       134.15,       134.95,                   109372.08,804,N, ,29,       175.30,       127.25
N,EQ,AHLUCONT,AHLUWALIA CONT IND LTD,       576.05,       574.95,       574.95,       558.00,       561.50,                 15858922.25,28075,N, ,2814,      1077.95,       540.55
N,EQ,AIAENG,AIA ENGINEERING LIMITED,      3914.70,      3933.00,      3933.00,      3825.60,      3858.00,                174737987.10,45135,N, ,13057,      5180.00,      3150.60
N,EQ,AIIL,AUTHUM INVEST & INFRA LTD,       550.15,       554.70,       555.80,       545.45,       549.65,                 44954226.45,81517,N, ,6422,      3318.70,       400.00
N,SM,AILIMITED,ABHISHEK INTEGRATIONS LTD,        14.85,        14.30,        14.30,        14.30,        14.30,                    42900.00,3000,N, ,1,        47.50,        14.30
N,SM,AIMTRON,AIMTRON ELECTRONICS LTD,      1900.90,      1900.90,      1920.00,      1823.00,      1835.90,                 63595140.00,34200,N, ,155,      2010.00,       675.00
N,EQ,AIRAN,AIRAN LIMITED,        15.40,        15.40,        15.77,        15.12,        15.32,                   703652.85,45744,N, ,249,        25.79,        12.63
N,EQ,AIROLAM,AIRO LAM LIMITED,        88.29,        88.02,        95.11,        88.02,        91.07,                  1457481.00,15611,N, ,317,       117.50,        78.00
N,SM,AISL,ANI INTEGRATED SERV LTD.,        73.60,        76.95,        77.25,        74.00,        74.05,                  2117700.00,28200,N, ,22,        95.80,        49.00
N,EQ,AJANTPHARM,AJANTA PHARMA LIMITED,      3573.40,      3573.40,      3611.00,      3529.30,      3569.80,                333647960.90,93213,N, ,25941,      3796.00,      2380.20
N,EQ,AJAXENGG,AJAX ENGINEERING LIMITED,       585.85,       589.00,       589.00,       579.00,       582.75,                 19541492.55,33509,N, ,3877,       678.00,       394.80
N,EQ,AJMERA,AJMERA REALTY & INF I LTD,       116.24,       116.50,       118.85,       115.01,       117.99,                 17757207.58,151319,N, ,2097,      1107.00,        98.03
N,EQ,AJOONI,AJOONI BIOTECH LIMITED,         3.08,         3.06,         3.11,         2.95,         3.01,                  3291449.75,1091559,N, ,870,         5.50,         2.95
N,SM,AKANKSHA,AKANKSHA POWER N INFRA L,       182.20,       182.00,       191.00,       178.05,       190.00,                 42258600.00,225000,N, ,176,       191.00,        57.00
N,EQ,AKASH,AKASH INFRA-PROJECTS LTD,        24.81,        25.15,        25.90,        24.40,        24.66,                   144502.79,5765,N, ,50,        34.74,        22.80
N,EQ,AKCAPIT,A K CAPITAL SERVICES LTD.,      1709.10,      1730.00,      1751.00,      1689.40,      1747.20,                  1182197.70,683,N, ,49,      1875.00,      1484.90
N,EQ,AKG,AKG EXIM LIMITED,         9.38,         9.42,         9.46,         9.32,         9.38,                   289450.76,30881,N, ,87,        15.34,         8.06
N,SM,AKIKO,AKIKO GLOBAL SERVICES L,       420.00,       408.00,       421.00,       405.00,       413.00,                  4939920.00,12000,N, ,15,       445.00,       190.25
N,EQ,AKSHAR,AKSHAR SPINTEX LIMITED,         0.41,         0.41,         0.43,         0.41,         0.42,                   480284.16,1144299,N, ,227,         0.76,         0.36
N,EQ,AKUMS,AKUMS DRUGS AND PHARMA L,       814.65,       819.80,       833.00,       814.65,       822.55,                126920148.40,153950,N, ,11753,       838.80,       409.30
N,EQ,ALANKIT,ALANKIT LIMITED,         7.58,         7.58,         8.25,         7.55,         7.71,                  1377122.45,177413,N, ,447,        13.12,         6.80
N,EQ,ALBERTDAVD,ALBERT DAVID LIMITED,       839.10,       827.30,       838.55,       807.20,       812.75,                  3941415.40,4818,N, ,434,       931.85,       579.90
N,EQ,ALEMBICLTD,ALEMBIC LIMITED,       104.99,       105.00,       105.28,       102.81,       103.57,                 37410940.24,360068,N, ,4757,       117.72,        70.46
N,EQ,ALFREDHE,ALFRED HERBERT INDIA L,      2750.00,      2727.20,      2770.00,      2727.20,      2769.60,                    27454.00,10,N, ,7,      3599.00,      2709.20
N,EQ,ALGOQUANT,ALGOQUANT FINTECH LIMITED,        70.56,        70.56,        73.73,        69.37,        70.20,                137867913.61,1930088,N, ,7460,        76.20,        47.80
N,EQ,ALICON,ALICON CASTALLOY LIMITED,       866.90,       871.20,       909.00,       855.00,       901.40,                116855674.75,131461,N, ,10877,      1022.00,       580.00
N,EQ,ALIVUS,ALIVUS LIFE SCIENCES LTD,      1384.00,      1389.90,      1389.90,      1361.60,      1370.20,                109148752.10,79355,N, ,12369,      1493.80,       819.00
N,EQ,ALKEM,ALKEM LABORATORIES LTD.,      5292.00,      5297.00,      5404.50,      5292.00,      5350.50,               1097354359.50,205152,N, ,22033,      5933.50,      5051.00
N,EQ,ALKYLAMINE,ALKYL AMINES CHEM. LTD,      1962.20,      1925.20,      1930.00,      1886.10,      1918.90,                362493161.10,189986,N, ,20644,      2115.00,      1212.00
N,EQ,ALLCARGO,ALLCARGO LOGISTICS LTD,        10.50,        10.50,        10.52,        10.22,        10.28,                 32860827.01,3180670,N, ,4490,        15.89,         7.11
N,EQ,ALLDIGI,ALLDIGI TECH LIMITED,       768.10,       772.10,       790.00,       768.65,       783.80,                  3516272.30,4506,N, ,560,      1000.00,       700.00
N,SM,ALLETEC,ALL E TECHNOLOGIES LTD,       121.50,       121.50,       123.30,       119.00,       119.45,                  2975100.00,24800,N, ,52,       277.40,       115.80
N,EQ,ALLTIME,ALL TIME PLASTICS LIMITED,       184.36,       184.79,       188.80,       181.55,       184.43,                 12198816.35,66197,N, ,1994,       314.70,       180.01
N,EQ,ALOKINDS,ALOK INDUSTRIES LIMITED,         7.83,         8.00,         8.50,         7.95,         8.29,                522462872.94,63108260,N, ,97443,        18.45,         6.92
N,EQ,ALPA,ALPA LABORATORIES LTD,        58.73,        59.00,        59.68,        57.42,        57.71,                   503848.11,8674,N, ,252,        93.85,        46.10
N,SM,ALPEXSOLAR,ALPEX SOLAR LIMITED,       814.15,       802.30,       822.95,       792.55,       815.10,                 19565355.00,24200,N, ,188,      1319.00,       660.00
N,EQ,ALPINETEX,ALPINE TEXWORLD LIMITED,        46.44,        45.79,        47.59,        45.79,        46.04,                  5027455.44,107857,N, ,2120,       105.00,        45.50
N,EQ,ALUFLUOR,ALUFLUORIDE LTD.,       619.45,       617.25,       658.95,       609.70,       649.15,                 14265142.05,22254,N, ,1427,       658.95,       421.00
N,SM,ALUWIND,ALUWIND INFRA-TECH LTD,        48.50,        48.50,        48.50,        48.00,        48.00,                   578925.00,12000,N, ,8,        92.00,        40.00
N,EQ,AMAGI,AMAGI MEDIA LABS LIMITED,       564.15,       558.55,       568.95,       557.20,       561.45,                 78752215.90,140264,N, ,10001,       727.40,       310.20
N,EQ,AMAL,AMAL LTD.,       753.70,       754.95,       817.00,       753.70,       798.05,                 55427989.40,69704,N, ,4559,       822.00,       636.05
N,EQ,AMARJOTHI,AMARJOTHI SPINNING MILL L,       149.05,       150.45,       150.45,       147.05,       147.12,                    95289.67,636,N, ,32,       166.00,       141.65
N,SM,AMBAAUTO,AMBA AUTO SALES AND SER L,       110.00,       113.75,       113.75,       110.20,       111.25,                  1458650.00,13000,N, ,12,       137.50,        63.60
N,SM,AMBANIORGO,AMBANI ORGOCHEM LIMITED,       115.05,       119.50,       120.80,       119.50,       120.80,                   601800.00,5000,N, ,4,       143.90,        94.90
N,EQ,AMBER,AMBER ENTERPRISES (I) LTD,      6869.00,      6810.00,      6925.00,      6767.50,      6925.00,                625647701.00,91287,N, ,16423,      8974.00,      5400.50
N,EQ,AMBICAAGAR,AMBICA AGAR & AROMAINDLTD,        24.42,        24.10,        25.25,        23.00,        23.53,                   364460.63,15438,N, ,321,        29.68,        20.00
N,EQ,AMBIKCO,AMBIKA COTTON MILL LTD.,      1532.70,      1535.10,      1554.00,      1495.00,      1504.90,                  8787809.40,5825,N, ,821,      1931.00,      1101.00
N,SM,AMCL,ANB METAL CAST LIMITED,       376.20,       378.00,       378.00,       364.00,       370.15,                 11443040.00,30800,N, ,41,       554.00,       266.00
N,SM,AMEYA,AMEYA PRECISION ENG LTD,       147.90,       145.00,       155.25,       145.00,       154.70,                  3135850.00,21000,N, ,19,       164.95,        86.00
N,EQ,AMJLAND,AMJ LAND HOLDINGS LIMITED,        37.66,        38.00,        38.00,        36.81,        37.35,                    50958.60,1369,N, ,89,        57.39,        30.30
N,EQ,AMNPLST,AMINES & PLASTICIZERS LTD,       186.92,       185.61,       185.61,       170.40,       172.60,                  7073399.45,40282,N, ,1161,       250.00,       127.00
N,EQ,AMRUTANJAN,AMRUTAJAN HEALTH LTD,       523.70,       522.00,       526.95,       517.00,       521.55,                 11012255.15,21130,N, ,1210,       760.15,       476.50
N,EQ,ANANDRATHI,ANAND RATHI WEALTH LTD,      2142.00,      2149.00,      2167.50,      2120.90,      2127.20,                605412761.20,282649,N, ,19597,      3735.00,      1710.60
N,IV,ANANTAM,ANANTAM HIGHWAYS TRUST,       102.99,       103.00,       103.00,       102.96,       103.00,                  9389255.22,91158,N, ,116,       117.00,       100.10
N,EQ,ANANTRAJ,ANANT RAJ LIMITED,       608.90,       613.70,       622.55,       601.55,       612.15,               1248563435.65,2034133,N, ,42737,       743.65,       403.00
N,SM,ANAWIL,ANAWIL WIRE AND ENGIN LTD,       397.40,       400.00,       438.00,       400.00,       433.20,                 91346040.00,216400,N, ,490,       540.00,       313.20
N,EQ,ANDHRAPAP,ANDHRA PAPER LIMITED,        70.48,        70.82,        70.98,        69.85,        70.07,                 13389242.24,190578,N, ,2457,        86.89,        58.00
N,EQ,ANDHRSUGAR,ANDHRA SUGARS LTD,        94.42,        94.56,        95.95,        92.80,        93.37,                 25741489.98,274458,N, ,5490,       107.23,        66.50
N,EQ,ANDREWYU,ANDREW YULE & CO. LTD.,        24.95,        25.00,        25.29,        24.31,        24.63,                  3417966.09,138603,N, ,1008,        40.70,        23.40
N,EQ,ANGELONE,ANGEL ONE LIMITED,       295.00,       293.50,       306.25,       291.25,       302.00,               4074750029.65,13538340,N, ,84641,      2867.00,       208.63
N,EQ,ANIKINDS,ANIK INDUSTRIES LTD,        45.40,        46.00,        47.77,        44.83,        45.65,                   676483.38,14635,N, ,368,        83.40,        32.50
N,SM,ANLON,ANLON TECHNOLOGY SOL LTD,       765.00,       764.00,       790.00,       744.00,       788.00,                  6088740.00,8000,N, ,19,       858.10,       335.00
N,EQ,ANNAPURNA,ANNAPURNA SWADISHT LTD,       130.35,       131.60,       131.60,       129.00,       129.40,                  5254873.91,40448,N, ,436,       167.00,       125.00
N,EQ,ANNU,ANNU PROJECTS LIMITED,        44.33,        44.40,        46.00,        43.84,        45.53,                 18700887.35,414110,N, ,4638,        75.60,        43.22
N,SM,ANONDITA,ANONDITA MEDICARE LIMITED,      1075.30,      1084.80,      1084.80,      1040.00,      1070.80,                 59583640.00,56000,N, ,227,      1316.00,       385.10
N,EQ,ANSALBU,ANSAL BUILDWELL LTD.,        85.57,        84.81,        86.90,        82.30,        84.50,                   207323.37,2446,N, ,76,       107.50,        70.64
N,EQ,ANTELOPUS,ANTELOPUS SELAN ENRGY LTD,      1100.60,      1113.90,      1160.00,      1107.70,      1130.20,                430492235.50,378318,N, ,19077,      1290.90,       357.00
N,EQ,ANTGRAPHIC,ANTARCTICA LTD,         0.69,         0.69,         0.71,         0.69,         0.70,                    32713.77,46847,N, ,137,         1.17,         0.64
N,EQ,ANTHEM,ANTHEM BIOSCIENCES LTD,       890.35,       892.00,       892.90,       881.30,       887.05,                144943629.15,163476,N, ,11388,       977.55,       579.15
N,EQ,ANUHPHR,ANUH PHARMA LIMITED,        87.57,        87.98,        88.00,        85.00,        85.51,                  4563724.74,52996,N, ,1607,        99.50,        67.00
N,EQ,ANUP,THE ANUP ENGINEERING LTD,      1575.90,      1575.00,      1577.00,      1535.00,      1547.00,                 17098875.10,11000,N, ,2538,      2524.00,      1422.30
N,EQ,ANURAS,ANUPAM RASAYAN INDIA LTD,      1170.20,      1166.00,      1172.00,      1159.50,      1165.10,                 64711051.80,55559,N, ,5670,      1415.00,      1047.90
N,IV,ANZEN,ANZEN IND ENE YLD PLU TRU,       131.00,       131.00,       131.20,       129.00,       129.87,                 22847500.00,175000,N, ,7,       132.90,       114.00
N,EQ,AONEGOLD,AONEAMC - AONEGOLD,        13.69,        13.72,        13.78,        13.65,        13.69,                  1857730.55,135587,N, ,1580,        17.73,        10.22
N,EQ,AONESILVER,AONEAMC - AONESILVER,         8.40,         8.44,         8.44,         8.35,         8.36,                  1800349.53,214616,N, ,1382,        12.00,         7.43
N,EQ,AONESTEELS,A-ONE STEELS INDIA LTD,       384.80,       387.95,       425.00,       379.25,       420.35,                483545653.00,1184043,N, ,35956,       470.00,       366.45
N,EQ,APARINDS,APAR INDUSTRIES LTD.,     18016.00,     18200.00,     18308.00,     17960.00,     18160.00,               1936359121.00,106708,N, ,36125,     19265.00,      6801.00
N,EQ,APCL,ANJANI PORTLAND CEM LTD,        93.58,        95.00,        95.00,        92.60,        92.64,                   358555.74,3852,N, ,91,       148.78,        91.50
N,EQ,APCOTEXIND,APCOTEX INDUSTRIES LIMITE,       610.70,       608.10,       608.60,       585.50,       592.70,                 46449661.00,78154,N, ,5754,       712.00,       310.45
N,EQ,APEX,APEX FROZEN FOODS LIMITED,       339.80,       339.80,       345.00,       332.50,       343.40,                 29637985.40,86812,N, ,4595,       514.50,       219.86
N,EQ,APLAPOLLO,APL APOLLO TUBES LTD,      2152.00,      2128.60,      2156.50,      2115.10,      2135.00,               1306760552.90,613418,N, ,29882,      2301.40,      1690.00
N,EQ,APLLTD,ALEMBIC PHARMA LTD,       834.20,       834.10,       839.00,       821.25,       833.80,                112937413.20,135889,N, ,17948,       998.00,       635.80
N,EQ,APOLLO,APOLLO MICRO SYSTEMS LTD,       408.05,       407.25,       422.45,       405.00,       414.75,               3779527412.35,9053893,N, ,83470,       466.50,       179.50
N,EQ,APOLLOPIPE,APOLLO PIPES LIMITED,       529.80,       530.65,       539.00,       521.00,       531.45,                 47748681.75,90308,N, ,2944,       668.80,       252.10
N,EQ,APOLLOTYRE,APOLLO TYRES LTD,       401.55,       397.70,       408.15,       397.05,       407.60,                220936283.85,546102,N, ,20371,       540.50,       365.30
N,EQ,APOLSINHOT,APOLLO SINDOORI HOTEL LTD,      1174.70,      1205.90,      1205.90,      1173.00,      1178.30,                   318646.60,270,N, ,41,      1440.00,       950.00
N,SM,APRAMEYA,APRAMEYA ENGINEERING LTD,       106.35,       114.50,       118.00,       110.05,       114.30,                  1378000.00,12000,N, ,22,       360.00,        94.95
N,SM,APS,AUSTRALIAN PREM SOLAR I L,       228.40,       227.00,       230.50,       224.05,       230.00,                   801550.00,3500,N, ,14,       543.95,       223.00
N,EQ,APTECHT,APTECH LIMITED,        88.19,        88.50,        88.50,        86.02,        86.87,                  4997743.03,57268,N, ,1675,       128.48,        69.10
N,EQ,APTUS,APTUS VALUE HSG FIN I LTD,       223.90,       223.35,       224.50,       217.29,       219.46,                339099714.86,1540789,N, ,41102,       326.15,       193.03
N,EQ,AQYLON,AQYLON NEXUS LIMITED,        15.46,        15.98,        16.10,        15.35,        15.79,                  4417356.79,280496,N, ,926,      2247.00,        14.69
N,SM,ARABIAN,ARABIAN PETROLEUM LIMITED,       104.10,       103.95,       106.00,       102.50,       102.50,                  2703100.00,26000,N, ,10,       106.00,        63.20
N,EQ,ARCHIDPLY,ARCHIDPLY IND. LTD,       101.67,       102.52,       103.40,       100.61,       102.73,                  1048595.31,10266,N, ,131,       124.78,        60.00
N,EQ,ARCHIES,ARCHIES LTD,        12.24,        12.30,        12.50,        12.11,        12.42,                    39919.39,3247,N, ,53,        21.50,        10.86
N,SM,ARCIIL,ARC INSULATION & INSU LTD,        32.65,        34.25,        34.25,        31.10,        32.50,                   192350.00,6000,N, ,6,       117.80,        30.00
N,EQ,ARCIL,ASSET RECONSTRUC CO (I) L,       145.74,       149.00,       160.31,       148.00,       160.31,               2507949337.97,15925021,N, ,91133,       160.31,       124.50
N,EQ,ARCL,ARCL ORGANICS LTD.,       226.99,       230.00,       236.99,       224.00,       229.99,                   236914.57,1021,N, ,54,       280.70,       216.89
N,EQ,ARDEE,ARDEE INDUSTRIES LIMITED,        50.22,        50.00,        51.00,        49.29,        50.79,                 91996076.15,1828318,N, ,9484,        73.19,        46.50
N,EQ,ARE&M,AMARA RAJA ENERGY MOB LTD,       742.90,       744.00,       745.00,       729.75,       733.25,                255564929.00,347787,N, ,23868,      1023.00,       670.00
N,EQ,ARENTERP,RAJDARSHAN INDUSTRIES LTD,        33.89,        33.89,        33.89,        32.10,        32.44,                    73236.15,2252,N, ,40,        60.79,        27.60
N,EQ,ARFIN,ARFIN INDIA LIMITED,        96.36,        98.50,       104.00,        97.70,       103.06,               1170883493.00,11566941,N, ,51683,       106.20,        47.00
N,SM,ARHAM,ARHAM TECHNOLOGIES LTD,       206.30,       205.00,       205.00,       191.05,       198.85,                 22921450.00,115000,N, ,90,       223.75,        95.20
N,EQ,ARIHANT,ARIHANT FOUN & HOU LTD,       914.90,       930.00,       940.00,       920.00,       929.90,                  1382574.25,1486,N, ,117,      1225.00,       841.00
N,SM,ARIHANTACA,ARIHANT ACADEMY LIMITED,       515.00,       230.00,       230.00,       230.00,       230.00,                   552000.00,2400,N, ,2,       555.00,       230.00
N,EQ,ARIHANTCAP,ARIHANT CAPITAL MKTS LTD,        94.13,        94.49,        98.00,        93.43,        97.38,                125009623.93,1292989,N, ,10114,       120.00,        56.97
N,EQ,ARIHANTSUP,ARIHANT SUPERSTRUCT LTD,       220.26,       220.00,       237.00,       219.99,       231.18,                  1287550.31,5577,N, ,177,       465.00,       188.80
N,EQ,ARIS,ARISINFRA SOLUTIONS LTD,       143.66,       143.66,       144.50,       139.72,       142.31,                220234283.25,1545690,N, ,12635,       178.30,        82.18
N,SM,ARISTO,ARISTO BIO T AND LIFESC L,        91.75,        94.00,        94.00,        94.00,        94.00,                    75200.00,800,N, ,1,       136.00,        74.30
N,EQ,ARKADE,ARKADE DEVELOPERS LIMITED,       121.24,       120.51,       122.48,       119.10,       119.73,                 13597071.05,112810,N, ,1454,       180.00,        92.62
N,EQ,ARMANFIN,ARMAN FIN SERV LTD,      1743.70,      1742.90,      1750.90,      1716.00,      1741.20,                 33917960.80,19584,N, ,2620,      2158.60,      1301.00
N,EQ,ARMEE,ARMEE INFOTECH LIMITED,       271.05,       273.95,       273.95,       263.05,       269.95,                256595123.20,959155,N, ,14587,       375.00,       251.05
N,SM,ARMOUR,ARMOUR SECURITY (INDIA) L,        21.15,        20.00,        21.45,        18.10,        19.75,                   159100.00,8000,N, ,3,        45.60,        15.80
N,EQ,AROGRANITE,ARO GRANITE IND. LTD.,        22.97,        23.08,        23.15,        22.41,        22.53,                    77107.64,3406,N, ,60,        39.99,        18.67
N,EQ,ARROWGREEN,ARROW GREENTECH LIMITED,       891.75,       896.15,       905.80,       887.65,       893.35,                 17763250.20,19826,N, ,1932,       952.75,       341.95
N,EQ,ARSSBL,ANAND RATHI SH N STK BR L,       551.55,       551.50,       574.70,       545.10,       571.15,                343404449.30,606937,N, ,16673,       794.85,       416.00
N,EQ,ARTEMISMED,ARTEMIS MED SERVICE LTD,       318.35,       316.00,       323.15,       316.00,       318.30,                 79672035.95,249720,N, ,17308,       378.80,       203.35
N,SM,ARUNAYA,ARUNAYA ORGANICS LIMITED,        13.90,        13.80,        13.80,        13.80,        13.80,                    27600.00,2000,N, ,1,        31.45,        13.70
N,EQ,ARVEE,ARVEE LABORATORIES I LTD,       216.89,       211.50,       217.95,       209.01,       211.79,                  1189490.07,5579,N, ,288,       290.78,       129.11
N,EQ,ARVIND,ARVIND LIMITED,       534.65,       534.65,       535.50,       526.30,       529.30,                203074935.60,382759,N, ,19583,       607.15,       277.90
N,EQ,ARVINDFASN,ARVIND FASHIONS LIMITED,       406.40,       405.00,       408.80,       396.00,       397.95,                 56028100.20,139446,N, ,14696,       569.00,       366.20
N,SM,ARVINDPORT,ARVIND PORT AND INFRA LTD,        31.40,        31.10,        31.60,        31.10,        31.60,                    94050.00,3000,N, ,2,        71.25,        24.40
N,EQ,ARVSMART,ARVIND SMARTSPACES LTD,       603.80,       600.45,       618.45,       597.20,       612.50,                 62509279.90,102437,N, ,2852,       707.85,       486.80
N,EQ,ARYAMAN,ARYAMAN FINANCIAL SERV L,       620.90,       620.00,       620.00,       605.00,       610.00,                    55405.00,91,N, ,7,       674.95,       570.00
N,EQ,ASAHIINDIA,ASAHI INDIA GLASS LIMITED,       956.95,       961.00,       981.50,       950.00,       976.25,                138514624.35,142786,N, ,15250,      1074.00,       775.10
N,EQ,ASAL,AUTOMOTIVE STAMPINGS & AS,       426.20,       426.20,       430.50,       420.05,       423.30,                  3976180.20,9378,N, ,543,       612.00,       374.50
N,EQ,ASALCBR,ASSO ALCOHOLS & BREW LTD,       598.70,       595.00,       600.00,       586.00,       590.10,                 13448677.90,22603,N, ,1424,      1277.00,       586.00
N,SM,ASHALOG,ASHAPURA LOGISTICS LTD,        61.50,        61.55,        65.00,        61.55,        63.85,                  2675050.00,42000,N, ,17,        77.90,        49.60
N,EQ,ASHAPURMIN,ASHAPURA MINECHEM LTD,       502.90,       500.00,       504.90,       479.50,       488.00,                356762326.20,732922,N, ,25184,       924.90,       455.10
N,EQ,ASHIANA,ASHIANA HOUSING LTD,       382.95,       385.00,       385.00,       376.00,       379.20,                  7013313.00,18452,N, ,1029,       435.90,       269.45
N,EQ,ASHIMASYN,ASHIMA LTD,        14.88,        15.10,        15.10,        14.07,        14.51,                  1852385.27,127326,N, ,531,        23.50,        11.50
N,EQ,ASHOKA,ASHOKA BUILDCON LTD,       106.42,       106.40,       106.80,       103.75,       104.03,                 59729368.42,569916,N, ,6308,       214.50,       101.00
N,EQ,ASHOKAMET,ASHOKA METCAST LIMITED,        14.71,        14.64,        14.98,        14.42,        14.61,                   221838.45,15077,N, ,165,        19.40,        12.13
N,EQ,ASHOKLEY,ASHOK LEYLAND LTD,       153.70,       152.91,       153.41,       148.64,       149.20,               1791446581.23,11928149,N, ,94533,       215.42,       134.21
N,SM,ASHUTOSH,ASHUTOSH FIBRE LIMITED,       138.95,       139.10,       147.40,       139.10,       143.15,                 14349540.00,99600,N, ,81,       174.50,       134.10
N,SM,ASHWINI,ASHWINI CONTAINER MOVER L,       165.00,       163.00,       163.00,       163.00,       163.00,                   163000.00,1000,N, ,1,       219.90,       120.00
N,EQ,ASIANENE,ASIAN ENERGY SERVICES LTD,       463.75,       465.60,       484.00,       459.25,       480.15,                116857773.45,246810,N, ,10286,       565.70,       230.00
N,EQ,ASIANHOTNR,ASIAN HOTELS (NORTH) LTD,       328.65,       331.00,       335.05,       325.25,       330.25,                  2186991.45,6603,N, ,277,       423.80,       247.50
N,EQ,ASIANTILES,ASIAN GRANITO IND. LTD.,        48.10,        47.80,        48.69,        47.10,        47.19,                 14225182.35,299617,N, ,1732,        79.06,        42.50
N,EQ,ASIANTNE,ASIAN TEA & EXPORTS LTD.,         9.06,         9.20,         9.25,         8.50,         9.07,                   287386.41,31919,N, ,98,        10.99,         8.22
N,EQ,ASKAUTOLTD,ASK AUTOMOTIVE LIMITED,       609.75,       606.75,       632.70,       602.00,       626.55,                185711320.20,298688,N, ,21017,       687.70,       375.30
N,EQ,ASMS,AVIO SMART MRKT STACK LTD,         5.98,         6.09,         6.09,         5.80,         5.95,                   948849.40,159330,N, ,445,        16.70,         5.10
N,EQ,ASPINWALL,ASPINWALL & CO LTD,       238.35,       241.99,       241.99,       238.01,       241.65,                   355873.33,1484,N, ,18,       299.80,       200.25
N,SM,ASPIRE,ASPIRE & INNOVATIVE ADV L,        15.65,        14.90,        15.95,        14.90,        15.60,                    92900.00,6000,N, ,3,        22.80,        10.20
N,EQ,ASSAMENT,ASSAM ENTRADE LIMITED,       799.00,       780.00,       838.95,       780.00,       789.55,                    20528.95,26,N, ,5,       857.75,       705.00
N,EQ,ASTAR,ASIAN STAR CO. LTD.,       639.80,       642.00,       650.00,       627.00,       645.05,                   103576.75,162,N, ,46,       848.00,       485.00
N,EQ,ASTEC,ASTEC LIFESCIENCES LTD,       704.70,       724.95,       773.70,       714.90,       748.20,                312168799.15,414236,N, ,21078,       941.75,       513.40
N,EQ,ASTERDM,ASTER DM QUALITY CARE LTD,       684.70,       685.05,       690.05,       676.30,       680.30,                820440476.35,1205263,N, ,42183,       891.30,       519.10
N,EQ,ASTRAL,ASTRAL LIMITED,      1402.30,      1401.30,      1448.00,      1390.20,      1427.70,               1091292537.30,759824,N, ,44595,      1768.70,      1311.60
N,EQ,ASTRAMICRO,ASTRA MICROWAVE LTD,      1705.90,      1704.60,      1723.90,      1688.00,      1701.10,                336576375.50,197596,N, ,17249,      1960.00,       851.00
N,EQ,ASTRAZEN,ASTRAZENECA PHARMA IND LT,      5980.50,      6000.50,      6000.50,      5802.00,      5918.00,                 36351451.50,6175,N, ,1998,      9849.50,      5802.00
N,EQ,ATALREAL,ATAL REALTECH LIMITED,        12.36,        12.33,        12.33,        11.75,        12.12,                 21915190.26,1832761,N, ,1583,        36.70,        11.70
N,EQ,ATAM,ATAM VALVES LIMITED,        54.20,        55.40,        56.90,        53.60,        55.26,                   385443.31,6950,N, ,207,       111.00,        48.50
N,SM,ATCENERGY,ATC ENERGIES SYSTEM LTD,        21.20,        21.45,        21.45,        21.00,        21.00,                   153360.00,7200,N, ,3,        60.30,        19.35
N,EQ,ATGL,ADANI TOTAL GAS LIMITED,       588.45,       588.45,       595.45,       580.20,       581.90,                334509056.05,570256,N, ,20276,       859.85,       462.80
N,EQ,ATHERENERG,ATHER ENERGY LIMITED,      1446.00,      1436.00,      1466.00,      1418.40,      1455.00,               5880136846.40,4057014,N, ,99304,      1744.00,       582.00
N,EQ,ATL,ALLCARGO TERMINALS LTD,        24.71,        24.67,        26.00,        24.24,        25.67,                  9642488.69,381121,N, ,3030,        38.69,        18.20
N,EQ,ATLANTAA,ATLANTAA LIMITED,        35.34,        35.37,        35.94,        35.25,        35.47,                   812996.04,22881,N, ,249,        73.39,        31.52
N,EQ,ATLANTAELE,ATLANTA ELECTRICALS LTD,      1869.30,      1869.00,      1938.50,      1857.60,      1875.80,                536873463.60,281587,N, ,41414,      2152.60,       707.60
N,EQ,ATLASCYCLE,ATLAS CYCLE (HARYANA) LTD,        92.93,        92.93,        93.98,        91.35,        92.10,                   331333.35,3586,N, ,94,       123.67,        76.15
N,E1,ATLPP,ATL RE.0.50 PPD UP,         9.00,         8.96,         9.06,         8.87,         9.04,                    26776.92,2997,N, ,39,        13.49,         6.22
N,SM,ATMASTCO,ATMASTCO LIMITED,       117.05,       117.05,       117.85,       115.05,       117.85,                   372620.00,3200,N, ,8,       224.75,        98.00
N,EQ,ATUL,ATUL LTD,      6000.00,      6000.00,      6025.00,      5917.00,      5999.50,                272726668.50,45518,N, ,8711,      7180.00,      5560.50
N,EQ,ATULAUTO,ATUL AUTO LIMITED,       427.50,       428.60,       430.30,       424.00,       426.25,                 14473828.35,33902,N, ,2139,       596.55,       380.05
N,EQ,AUBANK,AU SMALL FINANCE BANK LTD,      1028.00,      1018.40,      1027.00,       988.30,       993.40,               1768646367.10,1757696,N, ,52284,      1144.10,       745.00
N,EQ,AUGMONT,AUGMONT ENTERPRISES LTD,      1162.20,      1153.00,      1220.30,      1137.50,      1216.20,                780620098.90,653465,N, ,22926,      1254.90,       806.05
N,EQ,AURIONPRO,AURIONPRO SOLN LTD,       616.05,       617.10,       620.20,       604.65,       612.80,                 57533981.55,93995,N, ,5266,      1240.00,       593.35
N,EQ,AUROPHARMA,AUROBINDO PHARMA LTD,      1692.80,      1696.20,      1698.90,      1670.50,      1682.00,                738178666.70,438151,N, ,25264,      1740.00,      1066.80
N,EQ,AURUM,AURUM PROPTECH LIMITED,       231.14,       229.06,       236.40,       227.11,       231.20,                 28713315.26,124143,N, ,2573,       264.64,       151.90
N,EQ,AURUS,AURUS GEM CORP LIMITED,         4.29,         4.38,         4.40,         4.20,         4.29,                    61859.54,14643,N, ,102,         6.95,         4.06
N,SM,AUSL,ADITYA ULTRA STEEL LTD,        23.00,        22.75,        22.75,        22.75,        22.75,                    45500.00,2000,N, ,1,        37.00,        17.35
N,EQ,AUSOMENT,AUSOM ENTERPRISE LIMITED,       137.48,       144.30,       144.30,       131.33,       141.68,                  1589373.73,11558,N, ,220,       178.00,        93.00
N,EQ,AUSTENG,AUSTIN ENGINEERING CO. L,       166.43,       167.47,       173.00,       160.50,       161.74,                   597302.69,3616,N, ,191,       178.00,       110.00
N,EQ,AUTOAXLES,AUTOMOTIVE AXLES LIMITED,      1638.10,      1644.90,      1679.80,      1620.00,      1651.40,                 17043556.90,10364,N, ,1408,      2115.00,      1540.20
N,EQ,AUTOIND,AUTOLINE INDUSTRIES LTD,        85.82,        85.00,        85.72,        83.00,        83.38,                  5599415.27,66502,N, ,1060,       104.00,        48.35
N,EQ,AVADHSUGAR,AVADH SUG & ENERGY LTD,       873.30,       880.10,       947.95,       880.10,       937.55,                524955028.10,570096,N, ,33025,       947.95,       306.05
N,EQ,AVALON,AVALON TECHNOLOGIES LTD,      2400.40,      2400.40,      2475.00,      2353.30,      2429.70,                885661480.60,364773,N, ,41917,      2618.00,       777.30
N,SM,AVANA,AVANA ELECTROSYSTEMS LTD,       150.85,       147.10,       147.20,       136.70,       139.60,                  2014100.00,14000,N, ,7,       168.05,        60.10
N,EQ,AVANCE,AVANCE TECHNOLOGIES LTD.,         0.77,         0.78,         0.80,         0.77,         0.78,                  2419063.78,3079223,N, ,1252,         0.94,         0.75
N,EQ,AVANTEL,AVANTEL LIMITED,       151.08,       150.97,       154.29,       150.03,       153.28,                111883386.35,734201,N, ,10279,       215.00,       117.05
N,EQ,AVANTIFEED,AVANTI FEEDS LIMITED,       714.10,       714.10,       730.00,       707.00,       722.30,                171344363.10,237908,N, ,14744,      1593.80,       636.00
N,SM,AVATAR,AVATAR INDUSTRIES LIMITED,       166.95,       175.25,       175.25,       175.25,       175.25,                  1752500.00,10000,N, ,5,       258.00,        62.95
N,EQ,AVG,AVG LOGISTICS LIMITED,       172.06,       177.80,       177.80,       168.10,       169.65,                  1759301.66,10293,N, ,215,       264.43,       116.66
N,SM,AVIANSH,AVI ANSH TEXTILE LIMITED,       100.50,       100.00,       100.00,        98.00,        98.00,                   296050.00,3000,N, ,3,       123.50,        97.25
N,SM,AVIENCE,AVIENCE BIOMEDICALS LTD,       290.15,       298.00,       300.00,       286.70,       287.40,                  9329100.00,31800,N, ,48,       414.95,       222.00
N,EQ,AVL,ADITYA VISION LIMITED,       595.10,       597.70,       625.00,       591.15,       621.10,                110973772.10,180605,N, ,18633,       705.00,       436.55
N,EQ,AVONMORE,AVONMORE CAP&MGT SERV LTD,        12.55,        12.59,        12.97,        12.47,        12.80,                   750337.68,58913,N, ,400,        20.39,         9.05
N,SM,AVPINFRA,AVP INFRACON LIMITED,        57.30,        57.30,        57.30,        55.60,        55.60,                   448720.00,8000,N, ,9,       184.60,        53.05
N,EQ,AVROIND,AVRO INDIA LIMITED,         6.85,         7.09,         7.09,         5.82,         6.13,                  5877289.43,965865,N, ,3238,       158.70,         5.82
N,EQ,AVTNPL,AVT NATURAL PRODUCTS LTD,        90.18,        89.30,        89.58,        87.81,        88.75,                 11489934.41,129673,N, ,1698,       102.00,        53.50
N,EQ,AWFIS,AWFIS SPACE SOLUTIONS LTD,       243.54,       244.91,       256.20,       241.00,       250.75,                369728401.67,1503516,N, ,24008,       639.40,       229.05
N,EQ,AWHCL,ANTONY WASTE HDG CELL LTD,       355.20,       357.10,       357.10,       346.00,       348.70,                 40048256.55,114375,N, ,3806,       605.00,       337.55
N,EQ,AWL,AWL AGRI BUSINESS LIMITED,       185.93,       185.81,       188.85,       183.53,       187.11,                520968523.69,2805362,N, ,33528,       282.90,       171.19
N,EQ,AXISCADES,AXISCADES TECH LTD,      2288.50,      2268.00,      2285.90,      2223.30,      2245.60,                276035049.70,122674,N, ,13247,      2360.00,      1063.30
N,EQ,AXITA,AXITA COTTON LIMITED,         7.51,         7.52,         7.58,         7.40,         7.44,                  4110733.43,551363,N, ,672,        13.42,         6.57
N,EQ,AXTEL,AXTEL INDUSTRIES LTD.,       447.95,       450.00,       450.00,       431.50,       435.50,                  1099706.60,2517,N, ,314,       459.90,       385.00
N,EQ,AYE,AYE FINANCE LIMITED,       165.56,       165.07,       169.90,       163.00,       167.63,                102469222.35,614549,N, ,12925,       197.29,        88.22
N,EQ,AYMSYNTEX,AYM SYNTEX LIMITED,       289.25,       290.80,       291.70,       275.00,       277.50,                 41130471.10,146550,N, ,2618,       330.00,       141.53
N,EQ,AZAD,AZAD ENGINEERING LIMITED,      3062.60,      3050.00,      3064.90,      2996.50,      3048.20,               1779701718.30,585882,N, ,38081,      3127.90,      1360.00
N,EQ,AZADIND,AZAD INDIA MOBILITY LTD.,        80.94,        81.89,        83.50,        81.00,        82.85,                  3232324.60,39168,N, ,914,        98.99,        70.41
N,SM,BAGDIGITAL,B.A.G.CONVERGENCE LIMITED,       107.70,       104.20,       110.70,       104.20,       110.15,                  9672400.00,89600,N, ,39,       139.00,        95.75
N,EQ,BAGFILMS,B.A.G FILMS AND MEDIA LTD,         4.11,         4.16,         4.16,         4.05,         4.12,                   257455.20,62806,N, ,135,         8.00,         3.61
N,RR,BAGMANE,BAGMANE PRIME OFFICE REIT,       106.43,       106.80,       106.97,       106.41,       106.62,                 39459180.42,370239,N, ,10020,       111.94,       102.25
N,SM,BAHETI,BAHETI RECYCLING IND LTD,       725.55,       738.00,       738.00,       710.00,       712.65,                 10843256.25,15000,N, ,34,       881.00,       478.00
N,EQ,BAIDFIN,BAID FINSERV LIMITED,        10.32,        10.11,        10.75,        10.00,        10.21,                   445063.34,43355,N, ,248,        12.98,         8.80
N,EQ,BAJAJCON,BAJAJ CONSUMER CARE LTD,       493.50,       491.50,       492.70,       481.05,       483.00,                 93068066.50,191498,N, ,11119,       692.00,       235.15
N,EQ,BAJAJELEC,BAJAJ ELECT.LTD,       300.25,       299.70,       303.00,       297.60,       300.70,                 27047922.30,90029,N, ,4168,       560.95,       296.00
N,EQ,BAJAJHCARE,BAJAJ HEALTHCARE LIMITED,       323.10,       320.25,       326.65,       319.30,       323.30,                 22009791.70,68139,N, ,2492,       506.45,       272.35
N,EQ,BAJAJHFL,BAJAJ HOUSING FINANCE LTD,        82.36,        82.11,        84.41,        81.70,        84.08,                383686747.55,4604045,N, ,24582,       113.45,        72.65
N,EQ,BAJAJHIND,BAJAJ HINDUSTHAN SUGAR LT,        21.33,        21.16,        21.64,        20.84,        21.05,                405614445.90,19089108,N, ,31220,        26.00,        14.85
N,EQ,BAJAJINDEF,INDEF MANUFACTURING LTD,       207.21,       211.50,       211.50,       200.00,       203.96,                  2405764.22,11766,N, ,503,       442.60,       200.00
N,EQ,BAJAJST,BAJAJ STEEL INDS. LTD.,       324.40,       325.25,       336.00,       323.40,       331.40,                  1092260.35,3314,N, ,278,       507.80,       322.00
N,EQ,BAJEL,BAJEL PROJECTS LIMITED,       164.08,       163.88,       163.88,       161.71,       162.34,                 11033270.29,67793,N, ,1584,       219.64,       135.10
N,EQ,BALAJEE,SHREE TIRUPATI BALAJEE L,        24.24,        25.10,        25.10,        23.60,        23.97,                   653371.31,27282,N, ,428,        54.48,        21.10
N,EQ,BALAJITELE,BALAJI TELEFILMS LIMITED.,        90.56,        90.56,        91.15,        88.96,        89.18,                  5955964.51,66329,N, ,932,       133.23,        69.52
N,EQ,BALAMINES,BALAJI AMINES LIMITED,      2287.70,      2269.20,      2269.20,      2132.10,      2155.90,               1552153979.70,709751,N, ,53585,      2629.80,       968.10
N,EQ,BALAXI,BALAXI PHARMA LTD,        22.67,        22.95,        23.49,        22.22,        22.38,                   343472.39,15155,N, ,146,        45.31,        15.20
N,SM,BALCO,SOLVE PLASTIC PRODUCTS L,        19.95,        19.05,        19.05,        19.05,        19.05,                    22860.00,1200,N, ,1,        30.50,        13.40
N,EQ,BALKRISHNA,BALKRISHNA PAPER MILLS L,        16.21,        16.06,        16.68,        15.57,        16.00,                   153676.20,9533,N, ,118,        25.18,        12.00
N,EQ,BALKRISIND,BALKRISHNA IND. LTD,      2082.70,      2079.00,      2079.00,      2002.00,      2006.60,                596495826.40,295283,N, ,30013,      2775.00,      1970.00
N,EQ,BALMLAWRIE,BALMER LAWRIE & CO LTD,       158.78,       158.20,       159.95,       154.10,       158.88,                 54468092.89,346197,N, ,5310,       211.59,       148.36
N,EQ,BALRAMCHIN,BALRAMPUR CHINI MILLS LTD,       691.30,       692.05,       710.00,       687.60,       706.60,               1154944963.15,1646549,N, ,42392,       780.95,       393.55
N,EQ,BALUFORGE,BALU FORGE INDUSTRIES LTD,       526.95,       525.15,       525.90,       505.70,       507.50,                276392507.75,538063,N, ,16501,       678.00,       341.05
N,EQ,BANARBEADS,BANARAS BEADS LTD,       116.11,       115.00,       119.10,       108.50,       110.27,                   761054.24,6818,N, ,203,       164.70,        96.05
N,EQ,BANARISUG,BANNARI AMMAN SUGARS LTD,      3349.30,      3325.00,      3395.00,      3325.00,      3375.30,                  2646757.60,785,N, ,132,      4338.00,      3105.20
N,EQ,BANCOINDIA,BANCO PRODUCTS (I) LTD,       602.65,       599.00,       605.00,       594.70,       600.20,                 36778256.20,61310,N, ,4744,       879.80,       502.00
N,EQ,BANDHANBNK,BANDHAN BANK LIMITED,       164.15,       164.15,       167.59,       161.33,       162.99,               1649764674.61,10016167,N, ,49687,       220.76,       134.25
N,EQ,BANG,BANG OVERSEAS LTD.,        33.49,        33.49,        34.35,        33.01,        33.64,                  1067637.55,31724,N, ,122,        62.07,        25.84
N,EQ,BANKA,BANKA BIOLOO LIMITED,        69.50,        70.00,        70.00,        67.62,        67.97,                    69813.51,1011,N, ,30,        96.58,        41.00
N,EQ,BANKINDIA,BANK OF INDIA,       132.16,       132.59,       135.19,       130.26,       133.55,               1311546900.45,9853574,N, ,49821,       178.36,       122.20
N,EQ,BANSALWIRE,BANSAL WIRE INDUSTRIES L,       325.70,       327.80,       330.90,       320.15,       324.00,                 35736999.50,110111,N, ,5157,       370.00,       222.50
N,EQ,BANSWRAS,BANSWARA SYNTEX LIMITED,       105.09,       102.85,       107.34,       102.85,       105.44,                  1239548.43,11679,N, ,371,       144.00,        93.73
N,SM,BARFLEX,BARFLEX POLYFILMS LIMITED,        52.25,        55.00,        56.00,        53.00,        55.60,                  2588000.00,48000,N, ,18,        80.50,        49.15
N,EQ,BASF,BASF INDIA LTD,      3472.10,      3472.10,      3495.40,      3434.00,      3453.80,                 32712528.20,9472,N, ,2539,      4719.40,      3122.20
N,SM,BASILIC,BASILIC FLY STUDIO LTD,       198.30,       205.00,       237.95,       202.00,       216.75,                 29901600.00,137700,N, ,285,       394.90,       161.05
N,EQ,BASML,BANNARI AM SPIN MILL LTD.,        22.88,        22.98,        23.25,        22.25,        22.69,                  1441897.05,63299,N, ,218,        31.90,        17.05
N,EQ,BATAINDIA,BATA INDIA LTD,       619.85,       619.85,       624.00,       613.60,       615.10,                 28383508.95,45932,N, ,4108,      1238.00,       605.00
N,EQ,BATLIBOI,BATLIBOI LTD.,        96.16,        96.83,        98.82,        93.01,        94.80,                  8946185.87,93592,N, ,3833,       106.50,        71.21
N,SM,BAWEJA,BAWEJA STUDIOS LIMITED,        26.10,        25.25,        25.25,        25.25,        25.25,                    20200.00,800,N, ,1,        49.00,        21.10
N,EQ,BAYERCROP,BAYER CROPSCIENCE LTD,      3533.40,      3535.00,      3549.80,      3478.00,      3491.50,                 92672020.00,26503,N, ,7651,      5149.90,      3478.00
N,EQ,BBL,BHARAT BIJLEE LTD,      2068.80,      2070.00,      2084.80,      2037.00,      2042.00,                 37165977.50,18092,N, ,3464,      3411.00,      2037.00
N,EQ,BBNPPGOLD,BARODABNP - BBNPPGOLD,       141.85,       141.80,       142.25,       141.40,       141.60,                   291534.15,2058,N, ,50,       184.05,       110.25
N,EQ,BBOX,BLACK BOX LIMITED,       839.95,       840.95,       893.10,       815.85,       884.85,               1961759313.00,2262486,N, ,77340,      1103.00,       444.30
N,EQ,BBTC,BOMBAY BURMAH TRADING COR,      1298.20,      1301.30,      1301.30,      1263.20,      1269.40,                145138773.40,113931,N, ,10995,      2135.00,      1263.20
N,EQ,BBTCL,B&B TRIPLEWALL CONT LTD,       233.12,       240.00,       240.00,       223.57,       225.66,                  2682668.78,11763,N, ,382,       262.00,       156.00
N,EQ,BCG,BRIGHTCOM GROUP LIMITED,         9.07,         9.07,         9.15,         9.05,         9.08,                 20752307.12,2283346,N, ,2824,        13.10,         7.70
N,EQ,BCLIND,BCL INDUSTRIES LIMITED,        32.03,        32.03,        32.09,        31.12,        31.55,                 10514201.58,331997,N, ,2706,        41.70,        25.53
N,EQ,BCONCEPTS,BRAND CONCEPTS LIMITED,       146.88,       146.00,       146.90,       142.00,       143.73,                   502952.25,3493,N, ,221,       380.00,       136.50
N,EQ,BCPL,BCPL RAILWAY INFRA LTD,        67.24,        67.24,        67.98,        66.10,        66.43,                   584841.76,8784,N, ,247,        92.00,        60.00
N,EQ,BDL,BHARAT DYNAMICS LIMITED,      1101.80,      1104.90,      1104.90,      1078.60,      1085.00,                858307276.90,790105,N, ,32999,      1633.40,      1071.20
N,SM,BEACON,BEACON TRUSTEESHIP LTD,        81.30,        79.50,        82.90,        79.50,        82.90,                   486850.00,6000,N, ,6,       124.80,        51.25
N,EQ,BEARDSELL,BEARDSELL LIMITED,        22.50,        22.89,        22.89,        21.96,        22.22,                  1061118.48,47882,N, ,286,        37.37,        20.02
N,EQ,BECTORFOOD,MRS BECTORS FOOD SPE LTD,       212.16,       212.00,       212.65,       208.83,       211.07,                292875745.93,1387522,N, ,16272,      1386.90,       165.00
N,EQ,BEDMUTHA,BEDMUTHA INDUST LTD,       106.23,       110.50,       110.50,       107.00,       110.08,                   720799.71,6599,N, ,91,       144.00,        94.55
N,EQ,BEEKAY,BEEKAY STEEL INDS. LTD.,       434.10,       446.00,       455.00,       435.00,       440.05,                   568717.50,1282,N, ,72,       480.00,       355.05
N,EQ,BELLACASA,BELLA CASA FASH AND RET L,       242.13,       242.13,       270.20,       239.13,       251.77,                  3170477.90,12782,N, ,607,       497.35,       214.68
N,EQ,BELRISE,BELRISE INDUSTRIES LTD,       236.81,       236.70,       247.25,       233.66,       246.31,                914784024.64,3749664,N, ,51108,       268.20,       142.59
N,EQ,BEML,BEML LIMITED,      2042.20,      2042.20,      2042.60,      1992.10,      2006.20,                296049020.50,146910,N, ,16360,      4551.50,      1355.00
N,EQ,BENARAS,BENARES HOTELS LTD.,     10238.00,     10200.00,     10348.00,     10200.00,     10201.00,                   388091.00,38,N, ,12,     11499.00,      9965.00
N,EQ,BENGALASM,BENGAL & ASSAM CO. LTD.,      6110.50,      6145.00,      6196.00,      5960.50,      6036.00,                  1373080.50,226,N, ,129,      7268.00,      5421.00
N,EQ,BEPL,BHANSALI ENG. POLYMERS LT,       128.63,       129.60,       129.60,       126.82,       127.61,                 69296484.56,541542,N, ,6906,       138.50,        74.20
N,EQ,BERGEPAINT,BERGER PAINTS (I) LTD,       472.55,       470.60,       471.90,       461.80,       463.90,                 88474072.70,189882,N, ,17091,       594.55,       391.10
N,EQ,BESTAGRO,BEST AGROLIFE LIMITED,        17.89,        17.57,        17.86,        17.52,        17.59,                  7655997.47,433321,N, ,1079,       464.15,        12.30
N,EQ,BETA,BETA DRUGS LIMITED,      2001.40,      1980.00,      2024.00,      1980.00,      1991.40,                 18203863.10,9114,N, ,1304,      2807.90,       990.10
N,SM,BEWLTD,BEW ENGINEERING LIMITED,        57.80,        58.00,        58.95,        58.00,        58.45,                   263400.00,4500,N, ,9,       148.35,        47.70
N,EQ,BFINVEST,BF INVESTMENT LIMITED,       441.35,       442.40,       444.05,       436.90,       439.10,                  2797084.95,6355,N, ,552,       584.70,       315.00
N,EQ,BFUTILITIE,BF UTILITIES LIMITED,       498.90,       495.90,       500.45,       492.00,       496.20,                 18277846.50,36837,N, ,1990,       834.00,       368.70
N,EQ,BHAGCHEM,BHAGIRADHA CHEM & INDS L,       239.91,       240.48,       240.95,       234.10,       235.82,                 41345744.48,174477,N, ,1717,       316.90,       170.60
N,EQ,BHAGERIA,BHAGERIA INDUSTRIES LTD,       393.55,       393.00,       403.60,       370.55,       377.55,                 66957414.30,173072,N, ,6246,       415.80,       127.51
N,EQ,BHAGYANGR,BHAGYANAGAR INDIA LIMITED,       432.95,       441.00,       454.55,       430.00,       454.55,                270782657.05,601005,N, ,7527,       467.90,        94.08
N,EQ,BHANDARI,BHANDARI HOSIERY EXP LTD,         2.83,         2.86,         2.86,         2.73,         2.78,                   327993.34,117426,N, ,221,         5.13,         2.00
N,EQ,BHARATCOAL,BHARAT COKING COAL LTD,        32.05,        32.05,        32.32,        31.85,        32.09,                 96468387.99,3011307,N, ,12521,        45.09,        29.74
N,EQ,BHARATFORG,BHARAT FORGE LTD,      1880.00,      1871.00,      1871.00,      1826.90,      1841.80,                757677855.70,410629,N, ,32186,      2295.00,      1179.40
N,EQ,BHARATRAS,BHARAT RASAYAN LTD,       998.30,      1005.30,      1008.00,       980.00,       985.20,                  9893604.30,10022,N, ,1280,     11950.00,       970.00
N,EQ,BHARATSE,BHARAT SEATS LIMITED,       206.14,       206.15,       207.54,       203.61,       204.59,                 10721412.97,52196,N, ,2793,       263.18,       133.60
N,EQ,BHARATWIRE,BHARAT WIRE ROPES LTD.,       165.28,       165.90,       174.39,       163.72,       171.99,                131982054.39,771202,N, ,12902,       262.00,       148.01
N,EQ,BHARTIHEXA,BHARTI HEXACOM LIMITED,      1386.80,      1386.80,      1485.00,      1376.50,      1477.90,               2192157717.80,1512590,N, ,103571,      1955.60,      1359.20
N,EQ,BHEL,BHEL,       452.00,       451.50,       455.95,       446.60,       448.50,               6506938074.65,14450998,N, ,158346,       455.95,       229.54
N,EQ,BIGBLOC,BIGBLOC CONSTRUCTION LTD,        37.22,        37.50,        37.66,        36.30,        36.47,                  2068036.67,55930,N, ,914,        80.00,        36.30
N,EQ,BIKAJI,BIKAJI FOODS INTERN LTD,       481.10,       484.90,       490.30,       482.00,       483.55,                 66606946.75,137074,N, ,16513,       768.50,       477.55
N,EQ,BIL,BHARTIYA INTERNATIONAL,      1092.85,      1092.85,      1092.85,      1070.00,      1072.90,                  6429000.05,5985,N, ,327,      1150.00,       602.00
N,EQ,BIMETAL,BIMETAL BEARINGS LTD.,       660.40,       663.70,       663.70,       636.20,       640.65,                   121148.60,189,N, ,13,       750.75,       537.90
N,EQ,BIOCON,BIOCON LIMITED.,       369.10,       368.40,       368.40,       358.40,       360.00,               1593149894.85,4416752,N, ,44081,       447.15,       337.70
N,EQ,BIOFILCHEM,BIOFIL CHEM & PHARMA LTD,        30.11,        30.12,        30.65,        30.00,        30.43,                    89648.54,2965,N, ,78,        46.34,        25.60
N,SM,BIOPOL,BIOPOL CHEMICALS LIMITED,        51.75,        53.35,        53.35,        51.70,        52.25,                   251280.00,4800,N, ,4,       133.75,        39.50
N,RR,BIRET,BROOKFIELD INDIA RET,       329.89,       329.50,       330.99,       328.10,       329.60,                147422012.55,446920,N, ,7531,       375.69,       312.05
N,EQ,BIRLACABLE,BIRLA CABLE LIMITED,       395.45,       398.00,       404.35,       377.25,       385.05,                207481602.30,529869,N, ,14243,       418.80,       104.00
N,EQ,BIRLACORPN,BIRLA CORPORATION LTD,       803.45,       803.40,       820.50,       793.00,       814.40,                 42271063.75,52418,N, ,5505,      1346.10,       769.60
N,EQ,BIRLAMONEY,ADITYA BIRLA MONEY LTD,       116.45,       116.45,       119.94,       115.81,       118.98,                  3076138.04,26003,N, ,928,       179.85,        95.00
N,EQ,BIRLANU,BIRLANU LIMITED,      1406.50,      1410.70,      1411.90,      1190.30,      1321.30,                172726728.80,133938,N, ,8825,      1999.00,      1190.10
N,EQ,BLACKBUCK,BLACKBUCK LIMITED,       596.00,       599.50,       618.70,       593.75,       616.40,                262780376.10,430095,N, ,34914,       748.00,       496.00
N,EQ,BLACKROSE,BLACK ROSE INDS. LTD.,       107.65,       109.40,       113.00,       108.41,       110.78,                  3210459.50,28903,N, ,481,       129.90,        80.05
N,EQ,BLAL,BEML LAND ASSETS LIMITED,       157.53,       159.99,       159.99,       156.20,       156.57,                  1606912.37,10214,N, ,315,       217.88,       153.50
N,EQ,BLBLIMITED,BLB LIMITED,        16.09,        16.48,        17.45,        16.00,        16.91,                  1521772.38,91763,N, ,530,        22.47,        12.00
N,EQ,BLEL,BEHARI LAL ENGINEERING L,       510.05,       510.05,       518.80,       503.00,       514.40,                660190099.45,1287175,N, ,30851,       548.00,       415.00
N,EQ,BLIL,BALMER LAWRIE INVSTS. L,        65.21,        65.48,        65.50,        65.01,        65.28,                  1854244.55,28399,N, ,961,        79.50,        64.22
N,EQ,BLKASHYAP,B.L.KASHYAP & SON LTD,        54.79,        54.31,        54.60,        53.53,        53.94,                 11567070.46,213929,N, ,1438,        63.79,        40.32
N,EQ,BLS,BLS INTL SERVS LTD,       223.97,       224.00,       225.53,       220.23,       220.84,                113772157.95,512069,N, ,13062,       359.00,       212.00
N,EQ,BLSE,BLS E-SERVICES LIMITED,       160.90,       158.30,       160.75,       156.50,       158.20,                 53870971.50,339932,N, ,4647,       339.80,       124.30
N,EQ,BLUECLOUDS,BLUE CLOUD SOFTECH SOLU L,        20.01,        20.35,        22.87,        20.08,        20.35,               1259701670.54,58789235,N, ,175035,        24.50,        18.85
N,EQ,BLUECOAST,BLUE COAST HOTELS LIMITED,        22.04,        22.04,        22.71,        20.96,        22.49,                    30298.64,1424,N, ,31,        61.49,        18.57
N,EQ,BLUEDART,BLUE DART EXPRESS LTD,      4562.80,      4596.90,      4620.80,      4519.30,      4555.20,                 85611457.30,18776,N, ,3770,      7036.00,      4458.10
N,EQ,BLUEJET,BLUE JET HEALTHCARE LTD,       538.15,       540.00,       546.00,       535.70,       541.35,                112393259.90,207773,N, ,8996,       692.90,       325.00
N,EQ,BLUESTARCO,BLUE STAR LIMITED,      1571.50,      1562.90,      1575.00,      1530.10,      1530.10,                675976040.90,436486,N, ,24276,      2032.90,      1432.30
N,EQ,BLUESTONE,BLUESTONE JEWEL LFSTL LTD,       813.85,       812.65,       835.00,       805.40,       831.10,                582349551.80,707911,N, ,32883,       969.90,       399.80
N,EQ,BLUSPRING,BLUSPRING ENTERPRISES LTD,       144.53,       144.53,       147.29,       141.50,       142.71,                 19341383.81,134332,N, ,2454,       152.50,        43.98
N,SM,BMETRICS,BOMBAY METRICS S C LTD,        39.50,        38.00,        38.00,        38.00,        38.00,                    91200.00,2400,N, ,3,        56.90,        31.05
N,EQ,BMWVENTLTD,BMW VENTURES LIMITED,        50.37,        50.02,        50.89,        49.76,        50.11,                  2365739.30,47119,N, ,1724,        73.20,        48.00
N,EQ,BNAGROCHEM,BN AGROCHEM LTD.,       226.53,       217.10,       232.81,       215.21,       215.21,                   935314.28,4312,N, ,97,       394.80,       192.23
N,EQ,BOHRAIND,BOHRA INDUSTRIES LIMITED,        14.38,        14.35,        15.04,        14.03,        14.21,                   114977.35,7910,N, ,34,        23.44,        11.60
N,EQ,BOMDYEING,BOMBAY DYEING & MFG. CO L,       102.91,       102.91,       102.91,       101.01,       101.63,                 42389169.27,416073,N, ,5348,       180.75,        92.00
N,EQ,BONLON,BONLON INDUSTRIES LIMITED,        39.39,        40.54,        41.00,        39.62,        40.68,                   346145.21,8552,N, ,147,        57.00,        34.51
N,EQ,BORANA,BORANA WEAVES LIMITED,       269.60,       271.00,       273.85,       268.55,       270.70,                  4047302.20,14928,N, ,600,       420.00,       216.61
N,EQ,BOROLTD,BOROSIL LIMITED,       286.85,       287.00,       290.70,       280.00,       281.15,                 56067995.90,197203,N, ,4700,       363.40,       213.73
N,EQ,BORORENEW,BOROSIL RENEWABLES LTD,       449.85,       447.90,       448.00,       433.80,       438.10,                157094723.10,357439,N, ,13302,       721.00,       374.40
N,EQ,BOROSCI,BOROSIL SCIENTIFIC LTD,       113.27,       113.50,       116.46,       113.32,       115.03,                  4835655.83,42337,N, ,1055,       180.80,        96.64
N,EQ,BOSCH-HCIL,BOSCH HOME COMFRT IND LTD,      1976.90,      1993.00,      1993.00,      1928.20,      1948.10,                 67996805.40,34819,N, ,6264,      2036.90,      1021.30
N,EQ,BPL,BPL LTD,        44.45,        44.02,        44.90,        44.01,        44.22,                  1103394.12,24846,N, ,442,        82.70,        37.61
N,EQ,BPLPHARMA,BHARAT PARENTERALS LTD.,      1836.40,      1884.90,      1930.00,      1827.20,      1881.20,                 15370528.10,8140,N, ,1063,      2277.60,      1125.70
N,EQ,BRAHMINFRA,BRAHMAPUTRA INFRA L,       145.58,       152.50,       152.50,       142.50,       142.98,                   565862.36,3942,N, ,181,       184.00,       140.44
N,SM,BRANDMAN,BRANDMAN RETAIL LIMITED,       161.65,       164.45,       164.45,       158.00,       162.15,                  1927640.00,12000,N, ,14,       243.80,       109.35
N,EQ,BRIGADE,BRIGADE ENTER. LTD,       569.10,       572.00,       573.80,       552.45,       554.20,                 89433614.20,160210,N, ,11278,      1069.35,       493.05
N,EQ,BRIGHOTEL,BRIGADE HOTEL VENTURE LTD,        56.93,        56.93,        57.40,        56.10,        56.87,                  3298190.40,58031,N, ,2368,        87.79,        54.36
N,EQ,BRIGHTBR,BRIGHT BROTHERS LTD.,       235.00,       235.00,       242.00,       232.00,       234.00,                   293237.20,1251,N, ,48,       270.00,       210.00
N,EQ,BRNL,BHARAT ROAD NETWORK LTD,        16.03,        15.70,        16.02,        15.70,        15.93,                   264967.34,16693,N, ,202,        26.50,        15.61
N,EQ,BROOKS,BROOKS LAB LIMITED,        59.66,        61.98,        62.59,        58.50,        58.78,                  4771397.53,79202,N, ,1093,       138.00,        36.30
N,EQ,BSHSL,BOMBAY SUPER HYBRID SEEDS,        80.10,        80.10,        81.70,        78.00,        78.25,                   574621.01,7320,N, ,211,       128.50,        59.16
N,EQ,BSL,BSL LTD,       119.76,       119.01,       121.68,       119.01,       120.04,                   220929.69,1832,N, ,80,       205.00,        98.00
N,EQ,BSLGOLDETF,ADITYBIRLA SL GOLD ETF-GR,       129.39,       129.78,       129.78,       128.85,       128.99,                 51018089.19,395471,N, ,1731,       155.99,       100.87
N,EQ,BSOFT,BIRLASOFT LIMITED,       279.45,       278.00,       281.80,       275.20,       278.05,                266819238.45,958771,N, ,26171,       474.00,       267.05
N,EQ,BTML,BODHI TREE MULTIMEDIA LTD,         6.86,         6.82,         7.26,         6.82,         7.14,                  1778571.71,247593,N, ,389,        10.12,         5.06
N,EQ,BUILDPRO,SHANKARA BUILDPRO LIMITED,      1301.50,      1311.60,      1326.00,      1275.60,      1302.00,                145477538.60,111587,N, ,7830,      1380.00,       636.00
N,EQ,BUTTERFLY,BTRFLY GANDHI APPL LTD,       543.25,       549.30,       549.30,       537.10,       545.00,                  3968429.35,7289,N, ,574,       823.85,       522.25
N,EQ,BVCL,BARAK VALLEY CEM. LTD.,        41.44,        41.17,        42.29,        40.57,        40.69,                   679983.44,16533,N, ,199,        54.90,        31.20
N,EQ,BYKE,THE BYKE HOSPITALITY LTD,        29.46,        29.98,        30.20,        29.16,        30.01,                   957981.83,32011,N, ,274,        73.06,        26.25
N,SM,C2C,C2C ADVANCED SYSTEMS LTD,       187.65,       188.00,       188.00,       175.05,       178.70,                 17870925.00,99750,N, ,513,       714.35,       155.00
N,SM,CADSYS,CADSYS (INDIA) LIMITED,        37.95,        37.95,        37.95,        37.95,        37.95,                    18975.00,500,N, ,1,        74.40,        35.60
N,EQ,CAMLINFINE,CAMLIN FINE SCIENCES LTD,        95.00,        95.00,        95.11,        93.10,        94.52,                 28376831.34,301825,N, ,4272,       211.95,        89.12
N,EQ,CAMPUS,CAMPUS ACTIVEWEAR LIMITED,       208.68,       208.68,       208.84,       204.36,       208.37,                 64322096.12,310132,N, ,7366,       287.80,       199.54
N,EQ,CAMS,COMPUTER AGE MNGT SER LTD,       693.90,       693.90,       706.00,       690.85,       694.60,                707865644.20,1014012,N, ,29137,      4065.00,       611.40
N,SM,CANARYS,CANARYS AUTOMATIONS LTD,        28.50,        28.40,        28.40,        27.00,        27.45,                  1431200.00,52000,N, ,10,        35.20,        14.60
N,EQ,CANFINHOME,CAN FIN HOMES LTD,       734.75,       733.85,       736.00,       718.55,       727.00,                325070019.15,448265,N, ,25270,       971.50,       700.00
N,EQ,CANHLIFE,CANARA HSBC LIFE INS CO L,       143.13,       143.99,       147.45,       135.26,       146.06,                419387264.13,2983478,N, ,45789,       166.69,       106.00
N,EQ,CANTABIL,CANTABIL RETAIL LTD,       229.84,       229.84,       229.95,       226.63,       228.22,                 10013656.34,43866,N, ,1242,       321.50,       208.50
N,EQ,CAPACITE,CAPACITE INFRAPROJECT LTD,       184.51,       183.80,       184.75,       181.10,       181.72,                 34449373.13,188388,N, ,4141,       314.25,       175.99
N,EQ,CAPILLARY,CAPILLARY TECHNO INDIA L,       587.20,       596.00,       609.95,       576.00,       578.30,                379635470.90,641459,N, ,23369,       798.95,       438.15
N,IV,CAPINVIT,CAPITAL INFRA TRUST,        77.23,        77.36,        77.97,        77.01,        77.89,                 18521266.06,238915,N, ,1714,        79.99,        67.00
N,EQ,CAPITALSFB,CAPITAL SMALL FIN BANK L,       263.80,       263.90,       279.50,       263.90,       274.20,                 16357042.45,60125,N, ,1634,       323.70,       206.55
N,EQ,CAPLIPOINT,CAPLIN POINT LAB LTD.,      2679.70,      2675.20,      2689.00,      2610.00,      2649.10,                274679885.00,103774,N, ,20972,      2990.00,      1500.30
N,EQ,CARBORUNIV,CARBORUNDUM UNIVERSAL LTD,      1269.60,      1277.50,      1277.50,      1246.20,      1256.70,                156368424.20,124207,N, ,18934,      1368.90,       735.20
N,EQ,CARERATING,CARE RATINGS LIMITED,      1588.20,      1588.60,      1613.70,      1585.60,      1595.90,                 45569521.60,28480,N, ,2920,      1838.00,      1392.70
N,EQ,CARRARO,CARRARO INDIA LIMITED,       525.65,       529.10,       542.80,       528.60,       533.85,                 42566083.90,79447,N, ,5454,       667.55,       416.00
N,EQ,CARTRADE,CARTRADE TECH LIMITED,      2911.70,      2903.00,      2956.00,      2864.30,      2914.70,                341117818.40,116560,N, ,18994,      3290.50,      1600.00
N,EQ,CARYSIL,CARYSIL LIMITED,      1033.10,      1030.00,      1031.90,      1004.40,      1007.50,                 75874375.10,74710,N, ,7367,      1280.90,       732.10
N,EQ,CASTROLIND,CASTROL INDIA LIMITED,       200.20,       200.20,       200.58,       195.75,       197.15,                342312958.35,1731839,N, ,20763,       207.20,       170.10
N,EQ,CCAVENUE,AVENUESAI LIMITED,        15.35,        15.45,        15.80,        15.25,        15.56,                142318149.29,9135276,N, ,13892,        20.50,        12.92
N,EQ,CCCL,CONS. CONST. CONSORT LTD,        13.10,        13.23,        13.50,        12.91,        12.99,                  5047338.64,388683,N, ,589,        25.69,        12.76
N,EQ,CCHHL,COUNTRY CLUB HOSP HOL LTD,        12.81,        13.00,        13.00,        12.66,        12.81,                   139893.60,10937,N, ,87,        18.00,        10.03
N,EQ,CCL,CCL PRODUCTS (I) LTD,      1054.90,      1049.30,      1064.80,      1041.90,      1052.30,                 92976772.40,88140,N, ,11854,      1242.20,       815.50
N,EQ,CDSL,CENTRAL DEPO SER (I) LTD,      1263.40,      1260.00,      1282.50,      1251.00,      1275.00,               1297543485.30,1021756,N, ,34203,      1673.70,      1116.30
N,EQ,CEATLTD,CEAT LIMITED,      3328.70,      3309.10,      3328.70,      3285.40,      3301.90,                 72626194.80,21968,N, ,5705,      4438.00,      3061.20
N,SM,CEDAAR,CEDAAR TEXTILE LIMITED,        11.00,        11.55,        11.55,        11.35,        11.55,                   919150.00,80000,N, ,46,       113.00,        10.45
N,EQ,CEIGALL,CEIGALL INDIA LIMITED,       376.20,       374.90,       376.45,       364.50,       372.80,                104049848.25,279983,N, ,7530,       405.70,       222.61
N,EQ,CEINSYS,CEINSYS TECH LIMITED,       718.45,       708.95,       713.80,       687.50,       691.15,                 45775034.05,65681,N, ,5112,      1249.90,       634.95
N,EQ,CELEBRITY,CELEBRITY FASHIONS LTD,         6.35,         6.59,         6.59,         5.97,         6.02,                   475460.44,77988,N, ,293,        11.68,         5.65
N,SM,CELLECOR,CELLECOR GADGETS LIMITED,        29.85,        29.60,        29.70,        28.75,        29.45,                  4292250.00,147000,N, ,42,        43.85,        21.80
N,EQ,CELLO,CELLO WORLD LIMITED,       369.15,       366.90,       398.00,       360.50,       390.65,               4099910902.80,10572299,N, ,156947,       673.80,       314.00
N,EQ,CEMPRO,CEMINDIA PROJECTS LIMITED,      1159.80,      1164.00,      1168.00,      1125.00,      1137.80,                228385540.70,200455,N, ,15678,      1649.20,       503.30
N,EQ,CENTENKA,CENTURY ENKA LTD,       566.60,       564.15,       575.05,       555.50,       569.90,                 18477592.75,32539,N, ,2235,       671.65,       371.20
N,EQ,CENTEXT,CENTURY EXTRUSIONS LTD,        17.88,        17.81,        18.10,        17.71,        17.82,                  1391001.74,77861,N, ,435,        34.75,        15.67
N,EQ,CENTRALBK,CENTRAL BANK OF INDIA,        30.19,        30.19,        30.57,        29.99,        30.44,                117956069.52,3892597,N, ,13303,        40.92,        29.32
N,EQ,CENTRUM,CENTRUM CAPITAL LIMITED,        19.80,        20.10,        21.00,        19.71,        20.35,                  7439232.41,365385,N, ,843,        35.90,        18.71
N,EQ,CENTUM,CENTUM ELECTRONICS LTD,      4451.00,      4452.00,      4498.80,      4330.10,      4345.90,                342963119.30,78371,N, ,12975,      4999.50,      2044.20
N,EQ,CENTURYPLY,CENTURY PLYBOARDS (I) LTD,       679.85,       689.95,       689.95,       676.85,       683.50,                 30464188.35,44562,N, ,9313,       859.00,       618.50
N,EQ,CERA,CERA SANITARYWARE LTD,      5122.50,      5122.50,      5138.00,      5031.00,      5038.50,                 20810223.00,4104,N, ,1635,      6740.00,      4461.10
N,EQ,CESC,CESC LTD,       134.43,       134.13,       134.13,       130.52,       131.18,                167285392.28,1268698,N, ,27327,       204.50,       129.75
N,EQ,CEWATER,CONCORD ENVIRO SYSTEMS L,       260.65,       260.00,       267.55,       255.10,       260.95,                 15132539.35,57581,N, ,3614,       516.50,       235.00
N,EQ,CGCL,CAPRI GLOBAL CAPITAL LTD,       246.88,       246.00,       252.00,       242.52,       250.74,                435728756.64,1754021,N, ,23746,       287.45,       151.10
N,SM,CGRAPHICS,CREATIVE GRAPHICS S IND L,       156.00,       153.00,       155.90,       151.60,       153.45,                  1841040.00,12000,N, ,15,       233.70,       122.00
N,EQ,CGVAK,C G V A K SOFTWARE & EX L,       146.16,       140.10,       145.00,       129.10,       133.80,                  2949382.18,21785,N, ,898,       163.70,       127.00
N,EQ,CHALET,CHALET HOTELS LIMITED,       818.20,       818.20,       851.95,       817.55,       847.40,                155512855.55,186088,N, ,16868,       989.00,       691.35
N,EQ,CHAMBLFERT,CHAMBAL FERTILIZERS LTD,       404.80,       404.05,       404.75,       394.55,       396.35,                113362004.70,285277,N, ,15389,       522.00,       394.55
N,SM,CHANDAN,CHANDAN HEALTHCARE LTD,       235.95,       227.05,       250.00,       227.05,       247.90,                 31456160.00,129600,N, ,146,       358.00,       185.40
N,EQ,CHEMBOND,CHEMBOND MATERIALTECH LTD,       191.83,       190.00,       195.90,       186.11,       188.56,                   541675.49,2844,N, ,230,       236.80,       105.15
N,EQ,CHEMCON,CHEMCON SPECIAL CHEM LTD,       217.40,       217.40,       222.80,       215.61,       220.59,                  9659514.36,43863,N, ,1207,       288.30,       125.00
N,EQ,CHEMCRUX,CHEMCRUX ENTERPRISES LTD.,        80.21,        80.00,        91.45,        78.52,        87.16,                  3892393.73,44762,N, ,1160,        91.45,        76.30
N,EQ,CHEMFAB,CHEMFAB ALKALIS LIMITED,       338.50,       330.00,       335.80,       322.25,       331.80,                   841362.45,2566,N, ,147,       657.05,       290.35
N,EQ,CHEMPLASTS,CHEMPLAST SANMAR LIMITED,       210.24,       208.95,       235.90,       206.89,       228.22,               1266028531.99,5553053,N, ,85430,       412.65,       161.00
N,EQ,CHENNPETRO,CHENNAI PETROLEUM CORP LT,      1405.70,      1410.00,      1628.70,      1410.00,      1612.30,              31330449036.10,20027812,N, ,521133,      1677.50,       716.80
N,SM,CHETANA,CHETANA EDUCATION LIMITED,        39.00,        39.00,        39.00,        39.00,        39.00,                   124800.00,3200,N, ,1,        75.00,        30.10
N,EQ,CHEVIOT,CHEVIOT COMPANY LIMITED,      1152.90,      1152.60,      1159.40,      1143.10,      1148.40,                   466126.30,406,N, ,56,      1370.50,       898.00
N,EQ,CHOICEGOLD,CHOICEAMC - CHOICEGOLD,       145.91,       145.91,       145.91,       144.30,       145.27,                   905286.70,6231,N, ,131,       175.49,       115.79
N,EQ,CHOICEIN,CHOICE INTERNATIONAL LTD,       727.15,       727.90,       730.00,       720.05,       723.70,                127971763.30,176686,N, ,3759,       860.50,       568.70
N,EQ,CHOLAHLDNG,CHOLAMANDALAM FIN HOL LTD,      1424.60,      1425.50,      1441.00,      1390.30,      1402.70,                112414673.90,79925,N, ,11566,      2064.00,      1305.00
N,EQ,CIEINDIA,CIE AUTOMOTIVE INDIA LTD,       379.00,       379.95,       380.45,       373.10,       378.70,                 80538225.20,213473,N, ,16995,       526.00,       366.90
N,EQ,CIFL,CAPITAL INDIA FINANCE LTD,        20.68,        20.85,        21.26,        20.54,        20.97,                  1069373.68,51091,N, ,225,        39.69,        18.56
N,EQ,CINELINE,CINELINE INDIA LIMITED,        87.72,        88.40,        96.20,        88.23,        93.35,                 15696990.82,168792,N, ,1135,       104.40,        73.35
N,EQ,CINEVISTA,CINEVISTA LIMITED,        13.83,        13.80,        16.54,        13.80,        15.37,                  4652649.23,296344,N, ,1083,        20.90,        12.16
N,IV,CITIUSINVT,CITIUS TRANSNET INV TRUST,       115.31,       115.88,       116.45,       114.10,       114.26,                  9351016.16,81338,N, ,609,       126.04,       101.50
N,SM,CKKRETAIL,C K K RETAIL MART LIMITED,       171.00,       172.50,       172.50,       168.00,       168.00,                   272400.00,1600,N, ,2,       265.25,       112.20
N,SM,CLASSICEIL,CLASSIC ELECTRODE (IND) L,        49.95,        49.95,        49.95,        49.50,        49.50,                   239040.00,4800,N, ,2,        98.25,        34.75
N,SM,CLAYCRAFT,CLAY CRAFT INDIA LIMITED,       174.20,       174.20,       174.20,       170.05,       171.15,                  4215600.00,24600,N, ,29,       224.00,       144.50
N,EQ,CLEAN,CLEAN SCIENCE & TECH LTD,       823.15,       824.80,       824.80,       810.15,       813.70,                 97683103.05,119533,N, ,8959,      1097.90,       652.00
N,EQ,CLEANMAX,CLEAN MAX ENVIRO EN SOL L,      1392.50,      1390.00,      1399.60,      1364.20,      1388.50,                220415730.40,159790,N, ,14574,      1536.00,       727.10
N,EQ,CLEDUCATE,CL EDUCATE LIMITED,        53.98,        53.98,        53.98,        52.50,        53.12,                  4374478.27,82521,N, ,113,        94.48,        35.48
N,EQ,CLSEL,CHAMAN LAL SETIA EXP LTD,       291.95,       294.85,       297.90,       286.75,       295.15,                 28013516.45,95440,N, ,3617,       324.80,       203.75
N,EQ,CMLL,CALIBER MINING AND LOG L,       517.20,       517.20,       537.50,       510.00,       531.95,                215156260.45,406067,N, ,8829,       624.40,       460.00
N,SM,CMNL,CHAMAN METALLICS LIMITED,       119.35,       120.00,       121.95,       118.00,       119.35,                  1077525.00,9000,N, ,12,       183.90,        90.00
N,EQ,CMPDI,CENTRAL MINE P N D INST L,       210.06,       209.31,       213.70,       207.10,       209.05,                143908164.59,685060,N, ,13391,       283.69,       150.16
N,EQ,CMRGREEN,CMR GREEN TECHNOLOGIES L,       226.63,       226.60,       229.81,       224.00,       224.99,                 49364076.11,217711,N, ,4327,       268.96,       205.25
N,EQ,CMSINFO,CMS INFO SYSTEMS LIMITED,       220.35,       221.90,       221.90,       215.56,       218.37,                115464950.92,529249,N, ,9734,       393.30,       215.12
N,EQ,CNL,CREATIVE NEWTECH LIMITED,      1070.00,      1048.60,      1099.30,      1048.60,      1079.00,                  7445856.50,6962,N, ,1099,      1328.00,       525.00
N,EQ,COASTCORP,COASTAL CORPORATION LTD,        36.18,        36.69,        37.40,        36.27,        36.98,                  1449454.47,39515,N, ,396,        66.70,        34.25
N,EQ,COCHINSHIP,COCHIN SHIPYARD LIMITED,      1282.00,      1282.00,      1282.00,      1246.40,      1255.10,               1169963069.60,929402,N, ,39158,      1882.30,      1187.00
N,EQ,COCKERILL,JOHN COCKERILL INDIA LTD.,      7978.50,      7978.50,      7990.00,      7780.00,      7856.00,                 31607151.00,4026,N, ,1138,     10871.50,      4955.00
N,EQ,COFFEEDAY,COFFEE DAY ENTERPRISE LTD,        30.03,        30.05,        31.65,        29.71,        30.63,                 42514680.58,1388015,N, ,6076,        44.80,        21.00
N,EQ,COFORGE,COFORGE LIMITED,      1849.70,      1843.00,      1857.90,      1822.20,      1822.20,               1869718201.20,1016382,N, ,45407,      2021.20,      1008.10
N,EQ,COHANCE,COHANCE LIFESCIENCES LTD,       457.00,       456.70,       475.50,       453.20,       455.45,                602082687.30,1303279,N, ,45326,       917.85,       266.70
N,EQ,COLPAL,COLGATE PALMOLIVE LTD.,      1809.40,      1800.90,      1800.90,      1757.40,      1757.40,                326835052.00,184471,N, ,15613,      2329.90,      1716.10
N,EQ,COMFINTE,COMFORT INTECH LTD.,         6.23,         6.14,         6.80,         6.11,         6.37,                  1527878.68,240186,N, ,457,         9.19,         5.21
N,SM,COMMITTED,COMMITTED CARGO CARE LTD,       323.80,       300.05,       313.70,       300.05,       309.95,                  2709080.00,8800,N, ,11,       362.00,       174.25
N,EQ,COMPEAU,COMPETENT AUTOMOB CO. L,       358.10,       361.20,       362.00,       361.20,       362.00,                      723.20,2,N, ,2,       420.00,       314.30
N,EQ,COMPUSOFT,COMPUCOM SOFTWARE LTD,        12.90,        12.92,        13.39,        12.80,        13.25,                   138817.38,10659,N, ,157,        19.98,        12.00
N,EQ,COMSYN,COMMERCIAL SYN BAGS LTD,       263.00,       263.80,       269.00,       260.00,       260.85,                 21267898.65,80711,N, ,2691,       315.40,       136.44
N,EQ,CONCOR,CONTAINER CORP OF IND LTD,       445.85,       446.50,       446.55,       439.65,       439.75,                428627063.50,967884,N, ,20452,       557.00,       421.45
N,EQ,CONCORDBIO,CONCORD BIOTECH LIMITED,      1368.80,      1373.00,      1379.50,      1356.00,      1359.70,                 59607042.00,43657,N, ,6117,      1647.80,       987.00
N,EQ,CONFIPET,CONFIDENCE PETRO IND LTD.,        86.67,        86.99,        92.97,        86.68,        91.75,                495277513.74,5428764,N, ,40770,        93.20,        28.06
N,SM,CONNPLEX,CONNPLEX CINEMAS LIMITED,       247.50,       247.50,       258.00,       240.00,       256.65,                 15998600.00,63200,N, ,77,       311.90,       188.40
N,SM,CONTI,CONTINENTAL SEED CHEM LTD,         9.80,        10.25,        10.25,        10.25,        10.25,                    34163.25,3333,N, ,1,        27.00,         9.65
N,EQ,CONTROLPR,CONTROL PRINT LIMITED,       622.65,       626.30,       626.30,       614.05,       619.95,                  3933397.05,6352,N, ,909,       824.60,       517.00
N,SM,COOLCAPS,COOL CAPS INDUSTRIES LTD,        21.45,        21.50,        21.90,        21.50,        21.85,                   326562.50,15000,N, ,12,        90.00,        19.00
N,EQ,CORALFINAC,CORAL INDIA FIN & HOUS LT,        31.18,        31.41,        32.00,        30.81,        31.41,                   540635.91,17279,N, ,201,        47.19,        25.01
N,EQ,CORDELIA,WATERWAYS LEISURE TOUR L,       104.32,       104.60,       109.53,       103.62,       109.52,                185367074.89,1704234,N, ,6911,      1054.70,        98.55
N,EQ,COROMANDEL,COROMANDEL INTERNTL. LTD,      1788.30,      1788.30,      1788.30,      1727.00,      1745.50,                502006546.10,287433,N, ,18366,      2499.00,      1701.00
N,EQ,CORONA,CORONA REMEDIES LIMITED,      2038.30,      2035.10,      2048.00,      2012.70,      2041.10,                 15215603.50,7481,N, ,2082,      2292.40,      1336.60
N,EQ,COSMOFIRST,COSMO FIRST LIMITED,       829.15,       830.05,       840.00,       820.05,       831.95,                 17732038.80,21384,N, ,2383,       996.00,       560.80
N,EQ,CPCAP,CP CAPITAL LIMITED,       154.53,       156.70,       162.00,       152.67,       155.22,                 21403960.37,135716,N, ,2678,       162.00,        73.51
N,EQ,CPEDU,CAREER POINT EDUTECH LTD,       181.29,       177.00,       182.50,       175.11,       179.72,                  1021640.64,5737,N, ,73,       338.75,       141.00
N,EQ,CPL,CAPTAIN POLYPLAST LIMITED,        62.12,        61.75,        62.75,        60.10,        61.10,                  1642503.20,26794,N, ,803,        75.74,        59.98
N,EQ,CPPLUS,ADITYA INFOTECH LIMITED,      3976.00,      4023.00,      4099.00,      3945.00,      4064.90,                842500779.50,208910,N, ,28816,      4188.90,      1304.00
N,SM,CPS,C P S SHAPERS LIMITED,      1100.00,      1155.00,      1155.00,      1155.00,      1155.00,                  6063750.00,5250,N, ,5,      1349.25,       695.00
N,EQ,CRAFTSMAN,CRAFTSMAN AUTOMATION LTD,     10348.00,     10300.00,     10312.00,     10103.00,     10198.00,                331802930.00,32592,N, ,14205,     11999.00,      6324.00
N,EQ,CRAMC,CANARA ROBECO AMC LIMITED,       224.88,       226.90,       231.00,       223.31,       229.52,                 76638148.97,336654,N, ,6593,       353.40,       214.20
N,EQ,CRAVATEX,CRAVATEX LTD.,       374.60,       391.95,       391.95,       355.00,       355.20,                    84298.90,231,N, ,24,       410.00,       300.00
N,SM,CRAYONS,CRAYONS ADVERTISING LTD,        23.95,        23.00,        23.50,        23.00,        23.50,                    69950.00,3000,N, ,3,        52.20,        22.60
N,EQ,CREATIVEYE,CREATIVE EYE LIMITED,         5.90,         5.90,         6.48,         5.76,         6.21,                   115254.18,18883,N, ,175,         8.82,         5.16
N,SM,CREDENT,CREDENT CONNECT N CARE L,       375.50,       385.00,       385.00,       360.60,       370.45,                 14476080.00,39000,N, ,52,       420.35,       309.05
N,EQ,CREDITACC,CREDITACCESS GRAMEEN LTD,      1265.80,      1265.80,      1274.60,      1231.10,      1239.60,                179613798.00,144021,N, ,21511,      1634.00,      1113.00
N,EQ,CREST,CREST VENTURES LIMITED,       359.90,       363.45,       367.10,       353.00,       362.85,                  2466370.10,6892,N, ,170,       418.00,       298.15
N,EQ,CRISIL,CRISIL LTD,      4523.30,      4523.30,      4525.00,      4446.90,      4509.10,                 57143998.20,12717,N, ,3041,      5064.90,      3686.00
N,EQ,CRIZAC,CRIZAC LIMITED,       168.85,       168.51,       169.85,       166.22,       166.91,                 24925877.76,148841,N, ,3014,       333.00,       159.95
N,EQ,CROMPTON,CROMPT GREA CON ELEC LTD,       211.98,       211.98,       213.09,       210.13,       210.70,                245306115.69,1159041,N, ,19207,       310.50,       201.10
N,EQ,CROWN,CROWN LIFTERS LIMITED,       112.38,       112.39,       113.49,       111.56,       112.44,                   324426.68,2888,N, ,79,       163.86,       100.11
N,EQ,CSBBANK,CSB BANK LIMITED,       305.85,       306.65,       309.85,       302.75,       306.50,                 90412387.80,294926,N, ,11100,       574.40,       295.00
N,EQ,CSLFINANCE,CSL FINANCE LIMITED,       207.48,       211.00,       211.00,       206.00,       206.94,                  1216397.04,5858,N, ,315,       324.70,       205.00
N,EQ,CSM,CSM TECHNOLOGIES LIMITED,        92.86,        94.84,        94.84,        91.30,        91.82,                  6269782.10,68081,N, ,1346,       114.90,        76.26
N,SM,CSSL,CLEAR SECURED SERVICES L,        77.35,        78.50,        80.10,        77.30,        78.20,                   789650.00,10000,N, ,9,       164.00,        69.00
N,EQ,CUB,CITY UNION BANK LTD,       223.75,       224.00,       226.30,       219.37,       222.12,                501381169.37,2247151,N, ,48575,       324.10,       194.55
N,IV,CUBEINVIT,CUBE HIGHWAYS TRUST,       154.91,       154.75,       155.35,       154.75,       154.85,                119734589.67,772274,N, ,3553,       165.00,       131.00
N,SM,CUDML,CASH UR DRIVE MARKETING L,       100.75,       101.00,       101.50,       100.00,       100.65,                   704450.00,7000,N, ,7,       191.00,        84.95
N,EQ,CUPID,CUPID LIMITED,       324.20,       325.00,       345.00,       325.00,       343.95,              14085580147.40,41373811,N, ,206981,       526.95,        74.60
N,SM,CURRENT,CURRENT INFRAPROJECTS LTD,        94.00,        91.60,        91.60,        91.60,        91.60,                   146560.00,1600,N, ,1,       162.50,        68.00
N,EQ,CYBERTECH,CYBERTECH SYSTEMS & SOFTW,       143.10,       140.30,       142.72,       136.02,       137.70,                 11813687.08,84714,N, ,1671,       242.00,        95.30
N,EQ,CYIENT,CYIENT LIMITED,      1119.40,      1119.20,      1137.60,      1109.60,      1115.00,                291843747.40,259473,N, ,23003,      1222.00,       750.30
N,EQ,CYIENTDLM,CYIENT DLM LIMITED,       939.00,       936.00,      1014.65,       935.30,       988.30,               1328289683.50,1350010,N, ,61584,      1014.65,       265.20
N,EQ,DABUR,DABUR INDIA LTD,       388.90,       387.70,       388.85,       380.05,       383.55,                933274599.45,2429201,N, ,36775,       534.00,       368.05
N,EQ,DALBHARAT,DALMIA BHARAT LIMITED,      1682.60,      1661.00,      1697.80,      1637.00,      1640.10,                 83055932.80,50180,N, ,9221,      2319.90,      1605.00
N,EQ,DALMIASUG,DALMIA BHARAT SUG IN LTD,       453.00,       453.00,       463.95,       439.95,       447.65,                139899172.50,310835,N, ,13101,       520.00,       261.40
N,EQ,DAMCAPITAL,DAM CAPITAL ADVISORS LTD,       152.51,       150.20,       152.20,       147.51,       148.74,                 27059546.30,180999,N, ,3208,       286.00,       119.22
N,EQ,DANGEE,DANGEE DUMS LIMITED,         3.08,         3.09,         3.30,         3.09,         3.22,                   325220.15,99955,N, ,230,         5.08,         2.53
N,SM,DANISH,DANISH POWER LIMITED,      1010.00,      1011.00,      1071.00,       990.00,      1059.40,                105196935.00,100350,N, ,559,      1094.90,       550.50
N,EQ,DATAMATICS,DATAMATICS GLOBAL SER LTD,       771.20,       771.00,       777.90,       761.00,       763.80,                 26040117.10,33965,N, ,2470,      1010.00,       632.00
N,EQ,DATAPATTNS,DATA PATTERNS INDIA LTD,      4299.20,      4305.00,      4307.60,      4220.00,      4233.40,                784613781.70,184614,N, ,23369,      5000.00,      2131.00
N,EQ,DAVANGERE,DAVANGERE SUGAR COMPANY L,         2.27,         2.27,         2.45,         2.27,         2.36,                 22651531.13,9610415,N, ,3176,         5.50,         1.74
N,EQ,DBCORP,D.B.CORP LTD,       173.57,       172.52,       175.70,       170.06,       171.05,                 16460191.95,95488,N, ,2032,       280.55,       169.81
N,EQ,DBEIL,DEEPAK BUILDERS & ENG I L,         6.52,         6.75,         6.75,         6.43,         6.55,                  6462183.75,993302,N, ,372,       178.20,         6.01
N,EQ,DBL,DILIP BUILDCON LIMITED,       400.80,       399.30,       415.20,       394.05,       409.25,                131083786.50,320390,N, ,11563,       538.20,       381.55
N,EQ,DBOL,DHAMPUR BIO ORGANICS LTD,       137.90,       137.41,       142.82,       135.02,       140.25,                107535385.70,767613,N, ,13981,       142.82,        69.00
N,EQ,DBREALTY,VALOR ESTATE LIMITED,        90.08,        90.18,        91.48,        88.08,        88.79,                 56762884.46,632706,N, ,7435,       163.50,        83.50
N,EQ,DCAL,DISHMAN CARBO AMCIS LTD,       153.57,       153.86,       153.90,       151.30,       152.46,                 16025497.03,105155,N, ,2843,       306.00,       128.50
N,EQ,DCBBANK,DCB BANK LIMITED,       200.78,       197.32,       202.40,       195.38,       201.19,                416093596.41,2087086,N, ,73530,       234.80,       127.41
N,EQ,DCI,DC INFOTECH AND COMUN LTD,       343.05,       344.75,       346.20,       335.75,       342.10,                 14037999.45,41119,N, ,1876,       475.00,       208.98
N,EQ,DCM,DCM LTD,        71.96,        72.32,        72.50,        70.90,        71.01,                   315866.30,4425,N, ,80,       104.30,        55.00
N,EQ,DCMFINSERV,DCM FINANCIAL SERVICES LT,         5.21,         5.23,         5.29,         5.11,         5.15,                    59227.27,11459,N, ,119,         8.55,         3.70
N,EQ,DCMSHRIRAM,DCM SHRIRAM LIMITED,       988.85,       980.00,       984.55,       960.00,       969.30,                 81046030.60,83135,N, ,9531,      1409.00,       886.30
N,EQ,DCMSIL,DCM SHRIRAM INTERNATNL L,        78.87,        79.94,        83.18,        78.20,        79.22,                  6629864.72,82748,N, ,1289,       105.27,        49.50
N,EQ,DCMSRIND,DCM SHRIRAM IND LTD,        39.78,        39.78,        40.70,        39.37,        39.81,                 13915873.38,347094,N, ,2365,        63.10,        31.90
N,EQ,DCW,DCW LTD,        46.37,        46.00,        47.18,        45.65,        46.60,                 54794030.29,1177308,N, ,7262,        72.30,        37.11
N,EQ,DCXINDIA,DCX SYSTEMS LIMITED,       160.23,       159.94,       159.94,       156.00,       157.88,                 28786875.41,182014,N, ,4188,       252.01,       153.30
N,EQ,DDEVPLSTIK,DDEV PLASTIKS IND LTD,       249.79,       251.00,       256.00,       247.05,       254.05,                 12754089.52,50972,N, ,1699,       360.00,       185.15
N,EQ,DECCANCE,DECCAN CEMENTS LIMITED,       556.85,       550.35,       557.90,       542.00,       545.25,                  4425185.75,8087,N, ,352,      1100.00,       525.00
N,SM,DECCANTRAN,DECCAN TRANSCON LEASING L,        20.55,        20.50,        21.00,        20.50,        20.55,                   124260.00,6000,N, ,5,        39.05,        16.25
N,EQ,DECNGOLD,DECCAN GOLD MINES LTD.,       199.16,       199.40,       200.89,       194.41,       198.24,                118521805.45,601356,N, ,9505,       250.80,       114.80
N,EQ,DEEDEV,DEE DEVELOPMENT ENG LTD,       651.70,       651.00,       657.40,       619.15,       624.10,                182785790.35,289726,N, ,11089,       760.00,       183.00
N,EQ,DEEPA,DEEPA JEWELLERS LIMITED,       214.04,       215.40,       242.40,       215.14,       227.06,               4959867243.91,21380382,N, ,242417,       242.40,       164.79
N,EQ,DEEPAKFERT,DEEPAK FERTILIZERS & PETR,      1385.60,      1392.50,      1421.00,      1361.90,      1415.40,                592764455.40,423588,N, ,32387,      1681.00,       866.40
N,EQ,DEEPAKNTR,DEEPAK NITRITE LTD,      1560.60,      1559.90,      1561.50,      1536.00,      1553.90,                188161290.50,121384,N, ,14213,      1897.90,      1280.00
N,EQ,DEEPINDS,DEEP INDUSTRIES LIMITED,       748.95,       749.90,       808.50,       749.90,       795.60,                646970152.00,817946,N, ,34433,       825.00,       330.00
N,SM,DELAPLEX,DELAPLEX LIMITED,        95.50,        97.80,        98.00,        96.10,        96.10,                   292680.00,3000,N, ,5,       191.60,        80.00
N,EQ,DELHIVERY,DELHIVERY LIMITED,       407.50,       407.50,       407.50,       398.15,       398.15,                429152591.95,1068381,N, ,22042,       524.00,       374.45
N,EQ,DELTACORP,DELTA CORP LIMITED,        84.34,        84.23,        85.20,        81.32,        82.37,               1122075086.13,13502678,N, ,49690,        88.60,        48.30
N,EQ,DELTAMAGNT,DELTA MANUFACTURING LTD,        56.24,        57.90,        57.90,        55.55,        56.47,                   121656.70,2179,N, ,82,        86.00,        45.51
N,SM,DELTIC,DELTA AUTOCORP LIMITED,        35.90,        34.20,        35.00,        34.20,        35.00,                    69200.00,2000,N, ,2,        62.75,        28.05
N,EQ,DEN,DEN NETWORKS LTD,        25.78,        25.77,        26.29,        25.77,        26.10,                  5071833.87,194499,N, ,963,        35.95,        22.52
N,SM,DENEERS,DE NEERS TOOLS LIMITED,       167.05,       168.00,       169.95,       165.00,       166.25,                  3402690.00,20400,N, ,33,       250.00,       132.00
N,EQ,DENORA,DE NORA INDIA LIMITED,       729.10,       735.30,       746.55,       713.00,       720.65,                  4624850.60,6338,N, ,734,       960.35,       559.00
N,EQ,DENTA,DENTA WATER N INFRA SOL L,       263.20,       260.75,       265.20,       260.75,       263.70,                  9224792.10,34985,N, ,1399,       479.60,       222.00
N,SM,DENTALKART,VASA DENTICITY LIMITED,       490.15,       496.30,       496.30,       472.00,       475.25,                  4244587.50,8750,N, ,29,       622.00,       322.50
N,EQ,DEVIT,DEV INFO TECHNOLOGY LTD,        21.36,        21.40,        21.69,        19.26,        19.96,                  3098695.97,154703,N, ,1774,        44.44,        19.26
N,EQ,DEVX,DEV ACCELERATOR LIMITED,        39.62,        40.00,        40.88,        39.50,        40.37,                  7028295.72,174355,N, ,2163,        54.00,        29.95
N,EQ,DEVYANI,DEVYANI INTERNATIONAL LTD,       129.53,       129.00,       131.45,       128.52,       128.98,                 48975123.32,377773,N, ,6606,       169.75,        91.55
N,EQ,DGCONTENT,DIGICONTENT LIMITED,        24.73,        24.98,        24.98,        23.82,        24.16,                   270755.57,11162,N, ,124,        39.57,        21.61
N,EQ,DHAMPURSUG,DHAMPUR SUGAR MILLS LTD.,       188.81,       190.32,       193.42,       185.16,       188.92,                227472377.32,1200310,N, ,20957,       199.92,       110.00
N,EQ,DHANBANK,DHANLAXMI BANK LIMITED,        28.83,        28.90,        34.16,        28.41,        32.83,                590913654.29,18177967,N, ,54087,        36.85,        19.45
N,SM,DHANLAXMI,DHANLAXMI CROP SCIENCE L,        26.50,        27.85,        27.85,        27.00,        27.00,                   434400.00,16000,N, ,8,        42.10,        20.05
N,EQ,DHANUKA,DHANUKA AGRITECH LTD,       909.55,       910.00,       910.00,       890.00,       891.80,                 27502799.50,30723,N, ,4594,      1531.90,       889.60
N,SM,DHARIWAL,DHARIWALCORP LIMITED,        27.85,        27.75,        28.50,        27.70,        28.40,                   589500.00,21000,N, ,7,       413.00,        16.70
N,EQ,DHARMAJ,DHARMAJ CROP GUARD LTD,       266.55,       264.55,       270.70,       264.55,       267.35,                 21606207.05,80497,N, ,1804,       324.40,       210.65
N,EQ,DHATRE,DHATRE UDYOG LTD.,         3.93,         3.90,         4.03,         3.56,         3.94,                   478580.36,122281,N, ,208,         5.17,         3.56
N,EQ,DHOOTTRANS,DHOOT TRANSMISSION LTD,      1474.10,      1476.00,      1477.00,      1431.60,      1463.70,               1312654654.50,902562,N, ,45404,      1735.30,      1131.00
N,EQ,DHRUV,DHRUV CONSULTANCY SER LTD,        19.50,        19.90,        19.90,        19.00,        19.47,                    33137.71,1692,N, ,31,        56.99,        18.76
N,SM,DHTL,DOCMODE HEALTH TECH LTD,        23.55,        23.50,        23.50,        23.50,        23.50,                   376000.00,16000,N, ,2,       125.20,        23.50
N,EQ,DHUNINV,DHUNSERI INVESTMENTS LTD,       966.90,       970.50,       990.50,       962.00,       971.95,                   571302.45,581,N, ,124,      1573.10,       667.10
N,EQ,DIAMINESQ,DIAMINES & CHEMICALS LTD,       244.54,       242.20,       246.00,       237.00,       239.04,                   898021.64,3725,N, ,238,       332.00,       208.01
N,EQ,DIAMONDYD,PRATAAP SNACKS LIMITED,      1088.20,      1082.30,      1095.10,      1070.80,      1079.20,                  1109984.70,1026,N, ,232,      1245.00,       858.90
N,EQ,DICIND,DIC INDIA LIMITED,       619.20,       614.45,       617.45,       606.80,       610.35,                   333979.15,546,N, ,66,       675.00,       450.50
N,EQ,DIFFNKG,DIFFUSION ENGINEERS LTD,       454.10,       453.00,       461.70,       445.10,       452.85,                 40703194.20,89977,N, ,4419,       519.90,       216.80
N,EQ,DIGIDRIVE,DIGIDRIVE DISTRIBUTORS L,        17.95,        17.70,        18.37,        17.61,        18.10,                   254945.53,14204,N, ,179,        31.50,        16.10
N,SM,DIGIKORE,DIGIKORE STUDIOS LIMITED,        36.15,        37.50,        37.80,        36.05,        36.45,                   827640.00,22400,N, ,40,       166.30,        30.25
N,EQ,DIGISPICE,DIGISPICE TECHNOLOGIES LT,        15.12,        15.05,        15.30,        15.05,        15.28,                   399494.84,26231,N, ,132,        28.98,        14.40
N,EQ,DIGITIDE,DIGITIDE SOLUTIONS LTD,        74.01,        73.25,        79.44,        73.25,        75.70,                 34250210.99,447269,N, ,5459,       185.92,        69.90
N,EQ,DISAQ,DISA INDIA LTD.,     11540.00,     11201.00,     11899.00,     11201.00,     11419.00,                  1575810.00,136,N, ,33,     12864.00,     10851.00
N,EQ,DISHTV,DISH TV INDIA LTD.,         2.12,         2.14,         2.16,         2.12,         2.14,                  1309005.11,611175,N, ,1061,         5.03,         1.82
N,EQ,DIVGIITTS,DIVGI TORQTRANSFER SYST L,      1119.20,      1111.20,      1119.50,      1080.00,      1092.90,                127991841.00,116709,N, ,9208,      1329.80,       573.70
N,EQ,DIXON,DIXON TECHNO (INDIA) LTD,     13015.00,     13030.00,     13072.00,     12897.00,     13024.00,               2037707967.00,157095,N, ,26788,     17505.00,      9600.00
N,EQ,DJML,DJ MEDIAPRINT & LOG LTD,        73.87,        73.86,        75.68,        71.01,        72.62,                 17600080.55,236745,N, ,1264,       124.80,        52.00
N,EQ,DLINKINDIA,D-LINK INDIA LTD,       419.95,       424.50,       424.50,       415.05,       419.20,                 13910018.30,33251,N, ,2006,       549.20,       367.65
N,EQ,DMCC,DMCC SPECIALITY CHEMICALS,       355.80,       352.25,       364.30,       348.15,       356.05,                133188121.15,373447,N, ,12284,       374.15,       191.35
N,EQ,DNAMEDIA,DILIGENT MEDIA CORP LTD.,         2.42,         2.36,         2.56,         2.31,         2.47,                   155286.84,63681,N, ,110,         5.09,         2.17
N,EQ,DODLA,DODLA DAIRY LIMITED,      1019.90,      1024.90,      1024.90,      1007.30,      1013.30,                 10160288.70,10009,N, ,1480,      1400.00,       964.10
N,EQ,DOLATALGO,DOLAT ALGOTECH LIMITED,        62.46,        62.25,        62.82,        60.20,        61.68,                 12269289.50,198973,N, ,2560,        95.76,        60.20
N,EQ,DOLLAR,DOLLAR INDUSTRIES LIMITED,       278.55,       276.10,       284.00,       274.00,       278.95,                 17606870.95,62881,N, ,2320,       385.00,       220.50
N,EQ,DOLLEX,DOLLEX AGROTECH LIMITED,        36.92,        37.66,        37.98,        36.50,        37.49,                  1085323.71,29379,N, ,427,        40.00,        34.10
N,EQ,DOLPHIN,DOLPHIN OFF ENT (IND) L,       643.35,       630.05,       660.00,       630.05,       652.90,                 22560067.10,34501,N, ,2054,       749.50,       322.00
N,EQ,DOMS,DOMS INDUSTRIES LIMITED,      2073.20,      2070.00,      2075.80,      2052.10,      2058.90,                 17034125.30,8258,N, ,2011,      2755.00,      2020.00
N,EQ,DONEAR,DONEAR IND. LIMITED,        80.39,        80.50,        81.20,        80.11,        80.86,                   660570.16,8189,N, ,118,       116.51,        77.60
N,EQ,DPABHUSHAN,D. P. ABHUSHAN LIMITED,      2174.00,      2168.00,      2344.50,      2134.20,      2262.70,                594117683.10,263103,N, ,27099,      2344.50,       866.10
N,SM,DPEL,DIVINE POWER ENERGY LTD,       612.60,       613.00,       615.00,       600.00,       605.95,                 12129800.00,20000,N, ,39,       655.00,       239.00
N,EQ,DPWIRES,D P WIRES LIMITED,       221.54,       220.71,       243.42,       212.00,       227.46,                136266103.77,583596,N, ,15647,       251.90,       125.02
N,EQ,DRAGARWQ,DR. AGARWAL'S EYE HOSP L,      5195.00,      5200.00,      5242.50,      5154.00,      5198.00,                  9818459.50,1891,N, ,572,      6059.70,      4600.00
N,EQ,DRCSYSTEMS,DRC SYSTEMS INDIA LIMITED,        12.92,        13.22,        13.69,        12.56,        12.96,                   577446.42,44519,N, ,301,        21.34,        11.50
N,EQ,DREAMFOLKS,DREAMFOLKS SERVICES LTD,        60.66,        60.50,        61.14,        60.01,        60.13,                  2075995.04,34299,N, ,678,       160.00,        56.00
N,EQ,DREDGECORP,DREDGING CORP OF INDIA,       909.00,       904.50,       942.00,       894.00,       931.00,                324407643.30,353668,N, ,15638,      1286.00,       538.00
N,SM,DRONE,DRONE DESTINATION LIMITED,        33.30,        34.00,        34.00,        33.00,        33.05,                   832725.00,25000,N, ,38,       101.85,        31.70
N,EQ,DSSL,DYNACONS SYS & SOLN LTD,      1013.05,      1034.40,      1063.70,      1018.00,      1032.45,                 64227445.20,61664,N, ,4143,      1924.80,       781.00
N,SM,DTL,DIENSTEN TECH LIMITED,       120.05,       120.05,       120.05,       120.05,       120.05,                   144060.00,1200,N, ,1,       178.00,        82.05
N,EQ,DUCON,DUCON INFRATECHNOLOGIES L,         1.42,         1.49,         1.49,         1.42,         1.49,                  1834353.80,1241981,N, ,372,         5.77,         1.15
N,SM,DURLAX,DURLAX TOP SURFACE LTD,        63.75,        64.90,        65.00,        61.10,        61.95,                  9030700.00,144000,N, ,71,        72.00,        30.55
N,EQ,DVL,DHUNSERI VENTURES LIMITED,       278.60,       274.55,       279.75,       274.05,       275.90,                   918488.65,3326,N, ,192,       375.90,       186.99
N,EQ,DWARKESH,DWARIKESH SUGAR IND LTD,        46.86,        46.89,        47.95,        46.11,        46.80,                116648841.75,2479647,N, ,11784,        59.90,        32.13
N,EQ,DYCL,DYNAMIC CABLES LIMITED,       446.05,       442.60,       446.00,       436.45,       441.05,                 62824163.10,142269,N, ,5888,       560.00,       236.80
N,EQ,DYNAMATECH,DYNAMATIC TECHNOLOGIES,     14279.00,     14180.00,     14252.00,     13660.00,     13723.00,                410612741.00,29509,N, ,10552,     14409.00,      6765.00
N,SM,DYNAMIC,DYNAMIC SRVCS & SEC LTD,       131.00,       131.65,       132.00,       130.00,       130.05,                  3321125.00,25500,N, ,13,       183.90,        84.70
N,EQ,DYNPRO,DYNEMIC PRODUCTS LIMITED,       221.55,       220.22,       230.99,       217.60,       226.70,                  1588355.29,7094,N, ,318,       348.00,       190.80
N,SM,E2ERAIL,E TO E TRANS INFRA LTD,       312.65,       312.50,       312.65,       303.00,       305.30,                 29134960.00,94400,N, ,91,       386.00,       171.00
N,EQ,EASEMYTRIP,EASY TRIP PLANNERS LTD,         5.80,         5.85,         6.07,         5.75,         5.86,                159179500.56,27006843,N, ,10257,        10.60,         5.71
N,EQ,EASTWEST,EAST WEST FREIGHT CARRI L,         2.22,         2.24,         2.36,         2.19,         2.35,                    70113.47,31194,N, ,171,         2.68,         2.05
N,EQ,EBGNG,GNG ELECTRONICS LIMITED,       685.15,       688.20,       735.00,       682.20,       731.35,                811592443.00,1130382,N, ,42052,       735.00,       239.00
N,EQ,ECLERX,ECLERX SERVICES LTD,      1917.20,      1917.50,      1917.50,      1868.80,      1896.00,                231441639.90,122326,N, ,13980,      4995.00,      1320.00
N,SM,ECOLINE,ECOLINE EXIM LIMITED,       184.95,       184.95,       190.00,       184.00,       187.40,                  5961400.00,32000,N, ,21,       216.00,       111.00
N,EQ,ECORECO,ECO RECYCLING LTD.,       438.70,       445.95,       445.95,       416.90,       424.25,                  6696234.60,15821,N, ,1310,       494.90,       385.00
N,EQ,ECOSMOBLTY,ECOS (INDIA) MOB & HOSP L,       110.42,       111.00,       113.87,       105.92,       108.24,                  4102995.47,37693,N, ,1255,       260.05,       102.00
N,EQ,EDELWEISS,EDELWEISS FIN SERV LTD,       135.53,       136.43,       136.88,       133.02,       133.80,                394088634.69,2921934,N, ,22941,       146.00,        98.00
N,SM,EFACTOR,E FACTOR EXPERIENCES LTD,       183.50,       183.50,       198.00,       177.05,       194.65,                  4936160.00,26000,N, ,43,       348.00,       150.00
N,EQ,EFCIL,EFC (I) LIMITED,       170.10,       171.24,       174.49,       169.01,       173.80,                 41172653.95,240036,N, ,3561,       335.85,       165.94
N,SM,EFFWA,EFFWA INFRA & RESEARCH L,       343.35,       341.00,       344.50,       335.00,       341.50,                  9809380.00,28800,N, ,71,       399.95,       165.00
N,SM,EFORCE,ELECTRO FORCE (INDIA) LTD,        18.00,        17.60,        19.35,        17.30,        19.35,                   304020.00,16800,N, ,14,        47.00,        16.15
N,EQ,EGOLD,EDELAMC - EGOLD,       147.05,       146.80,       147.10,       146.05,       146.50,                 27010194.85,184363,N, ,721,       184.95,       112.10
N,EQ,EIDPARRY,EID PARRY INDIA LTD,       699.20,       698.00,       701.75,       691.00,       699.55,                234116053.15,336016,N, ,21489,      1118.00,       672.30
N,EQ,EIEL,ENVIRO INFRA ENGINEERS L,       185.54,       185.54,       188.95,       182.82,       187.41,                 75943944.96,406629,N, ,10668,       257.66,       134.71
N,EQ,EIHAHOTELS,EIH ASSOCIATED HOTELS LTD,       297.80,       299.00,       299.35,       292.10,       297.30,                  2974204.10,10056,N, ,817,       403.45,       266.65
N,EQ,EIHOTEL,EIH LIMITED,       300.70,       299.20,       301.20,       295.60,       296.50,                 27445027.25,92171,N, ,7357,       405.00,       271.15
N,EQ,EIMCOELECO,EIMCO ELECON (INDIA) LTD,      2371.80,      2378.00,      2448.40,      2240.00,      2247.30,                241706311.90,103663,N, ,9133,      2448.40,      1405.50
N,EQ,EKC,EVEREST KANTO CYLINDERLTD,       106.54,       106.61,       106.93,       104.90,       105.52,                 11991260.14,113485,N, ,1727,       154.55,        90.25
N,EQ,ELANTAS,ELANTAS BECK INDIA LTD.,     13937.00,     14000.00,     14100.00,     13821.00,     14022.00,                 27395285.00,1960,N, ,517,     15150.00,      8900.00
N,EQ,ELCIDIN,ELCID INVESTMENTS LTD.,    102975.00,    100710.00,    102900.00,    100710.00,    102900.00,                   607485.00,6,N, ,6,    137000.00,     98005.00
N,EQ,ELDEHSG,ELDECO HSG & IND LTD.,       785.20,       766.15,       788.85,       766.15,       769.00,                   283861.70,368,N, ,28,      1044.10,       701.55
N,EQ,ELECON,ELECON ENG. CO. LTD,       446.30,       447.50,       451.35,       440.00,       441.25,                108761181.20,244794,N, ,14208,       626.00,       352.00
N,EQ,ELECTCAST,ELECTROSTEEL CASTINGS LTD,        78.97,        79.14,        79.89,        76.85,        78.73,                223049016.41,2837104,N, ,21062,        99.00,        60.15
N,EQ,ELECTHERM,ELECTROTHERM (I) LTD.,       735.25,       749.90,       749.90,       710.00,       722.95,                  6424873.80,8915,N, ,898,      1277.00,       551.00
N,EQ,ELEVATE,ELEVATE CAMPUSES LIMITED,       337.75,       337.75,       356.95,       337.00,       350.00,               1295911638.05,3710501,N, ,77331,       372.75,       290.10
N,EQ,ELGIEQUIP,ELGI EQUIPMENTS LTD,       599.25,       595.00,       604.90,       592.95,       602.05,                125985383.15,209835,N, ,15059,       653.40,       408.25
N,EQ,ELGIRUBCO,ELGI RUBBER CO. LTD,        55.97,        56.50,        58.50,        55.51,        57.85,                  6468489.64,113283,N, ,1364,        70.00,        32.72
N,SM,ELGNZ,ELEGANZ INTERIORS LIMITED,        80.00,        80.00,        86.00,        78.00,        81.50,                  7256850.00,88000,N, ,65,       142.60,        52.00
N,EQ,ELIN,ELIN ELECTRONICS LIMITED,        78.84,        79.70,        79.70,        76.85,        77.07,                  7942873.01,102293,N, ,1906,       222.99,        76.85
N,EQ,ELITECON,ELITECON INTERNATIONAL L,         7.24,         7.32,         7.60,         7.19,         7.53,                 98250073.99,13067588,N, ,8010,        46.40,         7.08
N,EQ,ELLEN,ELLENBARRIE INDUS GASES L,       348.20,       348.35,       367.90,       345.15,       365.75,                395869030.65,1095985,N, ,23949,       473.55,       175.00
N,EQ,ELPROINTL,ELPRO INTERNATIONAL LTD,       174.39,       174.75,       175.98,       171.98,       174.86,                  2081325.65,11930,N, ,214,       180.89,       165.05
N,EQ,EMAMILTD,EMAMI LIMITED,       384.00,       383.00,       383.10,       370.05,       375.45,                568673136.60,1517301,N, ,26332,       560.00,       361.15
N,EQ,EMAMIREAL,EMAMI REALTY LIMITED,        68.43,        68.50,        69.90,        68.50,        69.12,                   390992.74,5649,N, ,440,       115.30,        48.20
N,SM,EMAPARTNER,EMA PARTNERS INDIA LTD,        82.05,        80.00,        80.05,        80.00,        80.05,                   160050.00,2000,N, ,2,       104.10,        65.25
N,RR,EMBASSY,EMBASSY OFFICE PARKS REIT,       431.21,       431.30,       436.70,       428.03,       435.30,                245479996.22,569000,N, ,13678,       462.00,       410.15
N,EQ,EMBDL,EMBASSY DEVELOPMENTS LTD,        57.33,        57.49,        57.89,        56.66,        57.19,                 84520160.60,1476759,N, ,11534,        97.42,        53.20
N,EQ,EMCURE,EMCURE PHARMACEUTICALS L,      1922.40,      1913.90,      1932.90,      1901.20,      1918.00,                 75520733.10,39428,N, ,10368,      2100.70,      1306.50
N,EQ,EMIL,ELECTRONICS MART IND LTD,       201.42,       200.90,       212.64,       200.30,       211.54,               1907978213.65,9094206,N, ,68542,       212.64,        84.90
N,EQ,EMKAY,EMKAY GLOBAL FIN SERV LTD,       285.60,       283.50,       294.00,       283.50,       287.30,                 13053434.80,45122,N, ,1556,       370.90,       186.00
N,SM,EMKAYTOOLS,EMKAY TAP & CUT. TOOL LTD,        94.00,        95.00,        95.00,        94.50,        94.75,                    28425.00,300,N, ,2,       154.00,        83.10
N,EQ,EMMBI,EMMBI INDUSTRIES LIMITED,        88.15,        88.20,        88.20,        85.07,        85.62,                   523292.07,6091,N, ,198,       116.90,        60.30
N,SM,EMMIL,ENERGY MISSION MACH IND L,       129.95,       130.00,       130.00,       120.00,       122.85,                  2844000.00,23000,N, ,73,       207.00,       110.00
N,EQ,EMMVEE,EMMVEE PHOTOVOLTAIC PWR L,       296.50,       296.00,       311.35,       292.25,       305.80,                917121086.30,3016282,N, ,63843,       371.55,       171.51
N,EQ,EMPIND,EMPIRE INDUSTRIES LTD.,      1040.00,      1041.00,      1048.00,      1031.10,      1032.90,                  2903725.10,2791,N, ,223,      1248.00,      1002.10
N,EQ,EMPOWER,EMPOWER INDIA LTD.,         1.68,         1.70,         1.76,         1.70,         1.76,                 48890687.70,27855807,N, ,4469,         2.82,         1.30
N,EQ,EMSLIMITED,EMS LIMITED,       334.25,       334.25,       334.25,       326.30,       328.95,                 31718034.70,96104,N, ,3829,       576.90,       256.05
N,EQ,EMUDHRA,EMUDHRA LIMITED,       607.90,       605.00,       620.75,       581.35,       605.50,                380198503.70,633364,N, ,31964,       688.35,       364.55
N,SM,ENCOMPAS,ENCOMPASS DESIGN INDIA L,       254.00,       243.65,       249.00,       241.25,       249.00,                   293560.00,1200,N, ,3,       302.90,       167.35
N,EQ,ENDURANCE,ENDURANCE TECHNO. LTD.,      2516.00,      2530.00,      2537.00,      2488.70,      2513.40,                188071908.90,74772,N, ,21917,      3072.00,      2142.80
N,EQ,ENERGYDEV,ENERGY DEVE. CO.LTD,        14.36,        14.18,        14.74,        14.03,        14.57,                   460609.76,31805,N, ,191,        29.69,        13.15
N,EQ,ENGINERSIN,ENGINEERS INDIA LTD,       313.30,       313.30,       316.15,       305.50,       308.30,               1273688704.50,4102945,N, ,59933,       321.40,       163.55
N,EQ,ENIL,ENTERTAIN NET. IND. LTD.,        92.24,        91.57,        94.99,        91.10,        92.00,                  2535821.06,27588,N, ,195,       156.49,        91.10
N,EQ,ENKEIWHEL,ENKEI WHEELS (INDIA) LTD.,       386.60,       388.10,       393.00,       387.50,       388.45,                   649752.35,1670,N, ,49,       425.00,       372.00
N,SM,ENSER,ENSER COMMUNICATIONS LTD,        15.30,        15.70,        15.90,        15.00,        15.50,                  3558250.00,230000,N, ,41,        23.10,         7.80
N,EQ,ENTERO,ENTERO HEALTHCARE SOLU L,      1721.60,      1720.80,      1753.80,      1701.00,      1713.30,                116305658.20,67467,N, ,9955,      1920.00,       944.00
N,SM,ENVIRO,ENVIROTECH SYSTEMS LTD,        71.80,        74.40,        74.90,        70.65,        71.55,                  1741550.00,24000,N, ,23,       172.00,        60.00
N,EQ,EPACK,EPACK DURABLE LIMITED,       173.75,       174.50,       176.27,       170.30,       171.84,                 52821621.61,304936,N, ,5399,       358.35,       167.36
N,EQ,EPACKPEB,EPACK PREFAB TECHN LTD,       247.82,       246.32,       271.40,       245.22,       267.44,                940914341.63,3553592,N, ,63019,       344.00,       132.17
N,EQ,EPIGRAL,EPIGRAL LIMITED,      1036.20,      1035.90,      1040.00,      1018.30,      1030.00,                 48249355.30,47054,N, ,3106,      1759.70,       807.00
N,EQ,EPL,EPL LIMITED,       237.23,       236.50,       237.99,       232.35,       237.03,                278337348.13,1184596,N, ,22835,       274.03,       176.40
N,SM,EPWINDIA,EPW INDIA LIMITED,       228.60,       230.05,       244.00,       230.05,       244.00,                   853260.00,3600,N, ,3,       282.05,        98.00
N,EQ,EQUITASBNK,EQUITAS SMALL FIN BNK LTD,        67.96,        67.95,        69.20,        67.36,        68.92,                 85429490.89,1250396,N, ,14129,        83.90,        51.25
N,EQ,ERIS,ERIS LIFESCIENCES LIMITED,      1184.70,      1184.70,      1221.90,      1141.00,      1145.80,                234755373.80,200276,N, ,24539,      1740.00,      1141.00
N,EQ,ESABINDIA,ESAB INDIA LTD,      5608.00,      5625.00,      5710.00,      5580.00,      5627.00,                 10647631.00,1884,N, ,748,      7319.50,      4710.00
N,EQ,ESCORTS,ESCORTS KUBOTA LIMITED,      2811.70,      2805.00,      2805.00,      2771.00,      2785.50,                108553982.20,38964,N, ,8967,      3987.80,      2550.10
N,EQ,ESDS,ESDS SOFTWARE SOLUTION L,      1294.30,      1359.00,      1359.00,      1309.00,      1359.00,               3478641094.40,2562254,N, ,10738,      1859.20,       756.00
N,SM,ESFL,ESSEN SPECIALITY FILMS L,       112.55,       113.10,       115.00,       112.90,       114.15,                  1567404.00,13680,N, ,22,       283.95,       108.30
N,EQ,ESILVER,EDELAMC - ESILVER,       220.35,       218.00,       219.73,       218.00,       218.59,                 22667082.59,103671,N, ,1578,       375.00,       139.33
N,SM,ESPRIT,ESPRIT STONES LIMITED,        62.00,        61.00,        63.60,        60.30,        62.10,                   894640.00,14400,N, ,9,        94.50,        52.00
N,EQ,ESSARSHPNG,ESSAR SHIPPING LTD,        16.72,        17.00,        17.03,        16.40,        16.66,                  2527588.11,151756,N, ,979,        43.26,        15.43
N,EQ,ESSENTIA,INTEGRA ESSENTIA LIMITED,         1.01,         1.02,         1.02,         1.00,         1.00,                  2565034.73,2539275,N, ,561,         2.08,         1.00
N,EQ,ESTER,ESTER INDUSTRIES LTD,        93.87,        93.87,        96.00,        93.07,        94.55,                  5698984.22,60124,N, ,1122,       132.45,        68.55
N,EQ,ETHOSLTD,ETHOS LIMITED,      2621.20,      2626.10,      2683.90,      2608.00,      2634.80,                282372290.90,106641,N, ,10170,      3245.90,      1919.40
N,SM,ETML,EMERALD TYRE MANUF LTD,        72.95,        70.00,        72.00,        69.00,        69.90,                  4129800.00,58800,N, ,28,       131.20,        69.00
N,EQ,EUREKAFORB,EUREKA FORBES LIMITED,       353.80,       356.85,       356.85,       348.25,       351.75,                 66626346.15,189362,N, ,8072,       668.30,       340.60
N,EQ,EUROBOND,EURO PANEL PRODUCTS LTD,       143.40,       141.00,       145.00,       140.00,       140.27,                   869908.49,6130,N, ,73,       225.89,       126.30
N,EQ,EUROPRATIK,EURO PRATIK SALES LIMITED,       180.02,       177.00,       182.20,       176.10,       179.12,                 23000656.08,128345,N, ,4963,       390.00,       176.10
N,EQ,EUROTEXIND,EUROTEX INDUSTRIES LTD,        16.33,        16.98,        16.98,        15.70,        16.12,                    84107.37,5181,N, ,50,        23.80,        11.07
N,EQ,EVEREADY,EVEREADY INDS. IND.  LTD.,       320.10,       317.35,       323.00,       315.00,       320.50,                 12105095.15,37818,N, ,1441,       394.00,       259.65
N,EQ,EVERESTIND,EVEREST INDUSTRIES LTD,       515.95,       515.50,       531.90,       492.20,       499.35,                 25664812.55,50453,N, ,1936,       717.00,       284.90
N,EQ,EXCELINDUS,EXCEL INDUSTRIES LTD,       924.10,       917.05,       930.70,       900.00,       923.90,                  8960816.85,9779,N, ,1302,      1168.00,       800.05
N,EQ,EXCELSOFT,EXCELSOFT TECHNOLOGIES L,        82.10,        81.80,        83.45,        81.18,        81.71,                 29835639.36,363535,N, ,3563,       142.59,        66.40
N,EQ,EXICOM,EXICOM TELE SYSTEMS LTD,       156.17,       156.17,       156.59,       153.32,       153.78,                 72380512.66,467878,N, ,6542,       189.17,        75.60
N,EQ,EXIDEIND,EXIDE INDUSTRIES LTD,       405.75,       407.00,       409.55,       401.00,       402.95,                489507575.65,1208162,N, ,44204,       496.40,       287.00
N,SM,EXIMROUTES,EXIM ROUTES LIMITED,        87.40,        84.15,        84.40,        84.00,        84.40,                   269320.00,3200,N, ,4,       281.90,        84.00
N,EQ,EXPLEOSOL,EXPLEO SOLUTIONS LIMITED,       878.85,       889.00,       889.00,       855.00,       862.65,                  9034402.65,10395,N, ,1445,      1175.10,       640.00
N,EQ,EXXARO,EXXARO TILES LIMITED,         6.14,         6.12,         6.24,         6.10,         6.13,                  1098704.18,178338,N, ,344,        10.33,         5.99
N,EQ,FABTECH,FABTECH TECHNOLOGIES LTD,       141.04,       141.04,       143.83,       140.40,       143.03,                  6821766.99,47841,N, ,786,       262.80,       132.70
N,EQ,FACT,FACT LTD,       759.00,       754.00,       756.55,       745.10,       746.95,                 40199606.60,53546,N, ,5024,      1058.60,       652.10
N,EQ,FAIRCHEMOR,FAIRCHEM ORGANICS LIMITED,       679.30,       682.00,       732.70,       680.00,       703.85,                 91131909.75,129286,N, ,5703,       846.80,       428.05
N,SM,FASCINATE,FASCINATE TEXTILES LTD,        81.45,        85.50,        85.50,        85.50,        85.50,                 26128800.00,305600,N, ,135,       120.80,        43.45
N,EQ,FAZE3Q,FAZE THREE LIMITED,       445.75,       440.15,       465.00,       436.95,       450.10,                 18278886.15,40232,N, ,1926,       650.05,       322.10
N,EQ,FCL,FINEOTEX CHEMICAL LIMITED,        59.20,        58.95,        60.90,        57.51,        57.80,               1758055046.58,29767531,N, ,79722,       258.80,        19.10
N,EQ,FCSSOFT,FCS SOFTWARE SOLN. LTD.,         1.41,         1.41,         1.43,         1.38,         1.40,                  2792513.44,1991435,N, ,969,         2.53,         1.05
N,EQ,FDC,FDC LIMITED,       333.65,       331.75,       337.70,       326.15,       328.55,                 27796825.30,84094,N, ,3958,       476.40,       312.95
N,EQ,FEDDERSHOL,FEDDERS HOLDING LTD.,        64.25,        64.90,        65.48,        62.65,        63.43,                351690829.58,5506060,N, ,24917,        75.99,        32.06
N,EQ,FEDERALBNK,FEDERAL BANK LTD,       320.00,       320.00,       326.15,       317.05,       323.50,               2792050674.70,8632011,N, ,82892,       371.70,       191.80
N,EQ,FEDFINA,FEDBANK FINANCIAL SER L,       150.72,       150.99,       151.80,       148.21,       148.56,                 74506695.06,497138,N, ,8318,       178.48,       119.07
N,SM,FELIX,FELIX INDUSTRIES LTD.,       194.40,       192.65,       194.00,       188.00,       189.70,                  5065975.00,26500,N, ,46,       232.95,       142.65
N,EQ,FERMENTA,FERMENTA BIOTECH LTD.,       569.45,       569.05,       582.00,       560.00,       565.30,                135581713.90,237475,N, ,8055,       582.65,       248.85
N,EQ,FIBERWEB,FIBERWEB INDIA LIMITED,        26.47,        26.10,        27.18,        26.01,        26.36,                   372896.44,14227,N, ,117,        46.50,        25.07
N,SM,FIDEL,FIDEL SOFTECH LIMITED,       177.60,       179.00,       183.75,       178.00,       178.00,                  1259850.00,7000,N, ,7,       200.00,       108.10
N,EQ,FIEMIND,FIEM INDUSTRIES LIMITED,      1779.50,      1784.30,      1804.80,      1768.10,      1799.30,                 70851740.60,39539,N, ,5167,      2674.80,      1752.00
N,EQ,FILATEX,FILATEX INDIA LTD,       111.36,       111.29,       114.58,       109.80,       111.63,                283727198.84,2534868,N, ,19664,       114.58,        36.26
N,EQ,FILATFASH,FILATEX FASHIONS LIMITED,         0.18,         0.18,         0.19,         0.18,         0.18,                  2183266.39,11810025,N, ,1344,         0.57,         0.14
N,SM,FINBUD,FINBUD FINANCIAL SERV LTD,       118.00,       120.85,       125.45,       120.85,       122.50,                  1598750.00,13000,N, ,8,       164.85,        76.00
N,EQ,FINCABLES,FINOLEX CABLES LTD,      1474.00,      1481.10,      1494.90,      1463.40,      1483.50,                604726850.50,409024,N, ,24916,      1498.00,       700.80
N,EQ,FINEORG,FINE ORGANIC IND. LTD.,      5537.00,      5537.00,      5666.00,      5372.00,      5625.50,                377610151.50,67944,N, ,17532,      5666.00,      3856.00
N,EQ,FINKURVE,FINKURVE FINANCIAL SERV L,        69.31,        69.05,        69.59,        67.00,        67.53,                  2072743.75,30405,N, ,664,       134.90,        48.02
N,EQ,FINOPB,FINO PAYMENTS BANK LTD,       128.29,       128.29,       129.26,       127.24,       128.76,                  7156685.19,55775,N, ,1162,       339.00,       110.03
N,EQ,FINPIPE,FINOLEX INDUSTRIES LTD,       154.72,       154.03,       155.69,       153.11,       153.91,                 48321404.26,313175,N, ,13576,       205.89,       147.54
N,EQ,FIRSTCRY,BRAINBEES SOLUTIONS LTD,       177.57,       178.01,       178.01,       171.20,       172.20,                215968224.48,1240460,N, ,14366,       389.65,       163.37
N,EQ,FISCHER,FISCHER MEDICAL VENTURE L,        33.14,        32.70,        34.00,        32.50,        32.63,                 14073802.83,427904,N, ,1727,       121.70,        31.05
N,EQ,FIVESTAR,FIVE-STAR BUS FIN LTD,       514.35,       514.60,       518.40,       507.00,       509.35,                328915628.35,641274,N, ,34874,       666.00,       338.15
N,EQ,FLAIR,FLAIR WRITING INDUST LTD,       227.84,       227.10,       228.95,       225.59,       227.97,                  5367417.43,23639,N, ,1054,       345.00,       216.82
N,EQ,FLUOROCHEM,GUJARAT FLUOROCHEM LTD,      4577.20,      4588.70,      4645.50,      4538.90,      4555.90,                582914181.80,126650,N, ,19582,      4958.90,      2916.60
N,SM,FLYSBS,FLYSBS AVIATION LIMITED,       648.40,       659.90,       659.90,       628.10,       631.50,                 28823940.00,45000,N, ,116,       719.95,       355.25
N,EQ,FMGOETZE,FEDERAL-MOGUL GOETZE (IND,       448.50,       448.50,       448.65,       440.00,       441.15,                 35521552.00,80264,N, ,4714,       641.10,       358.00
N,EQ,FMNL,FUTURE MKT NETWORKS LTD,         7.96,         7.96,         8.15,         7.96,         8.12,                   129732.19,16045,N, ,146,        13.29,         6.74
N,EQ,FOCUS,FOCUS LIGHTG & FIXTRS LTD,        55.95,        56.95,        56.95,        54.10,        56.26,                   774885.58,13940,N, ,214,        98.87,        53.70
N,EQ,FOODSIN,FOODS & INNS LIMITED,        50.78,        50.78,        51.00,        49.51,        50.05,                  2013185.23,39884,N, ,781,        88.19,        44.00
N,EQ,FORCEMOT,FORCE MOTORS LIMITED,     17110.00,     17080.00,     17080.00,     16800.00,     16956.00,                917374399.00,54188,N, ,17962,     26450.00,     14911.00
N,SM,FORGEAUTO,FORGE AUTO INTERNATION L,        99.45,       101.00,       101.00,       100.00,       100.00,                   241200.00,2400,N, ,2,       153.00,        68.45
N,EQ,FORTIS,FORTIS HEALTHCARE LTD,       764.00,       760.15,       782.45,       753.45,       779.10,               1433728760.35,1858360,N, ,39680,      1104.30,       745.35
N,EQ,FOSECOIND,FOSECO INDIA LTD,      6440.00,      6478.00,      6496.50,      6326.00,      6373.00,                 34805211.00,5439,N, ,1830,      7389.50,      4300.00
N,EQ,FRACTAL,FRACTAL ANALYTICS LIMITED,       742.15,       741.00,       741.00,       718.00,       721.30,                 83144740.20,114183,N, ,7744,      1118.00,       708.30
N,EQ,FREDUN,FREDUN PHARMACEUTICALS L,      1406.70,      1418.30,      1547.30,      1403.90,      1473.90,                347823463.40,235127,N, ,14639,      1590.00,      1195.20
N,SM,FROG,FROG INNOVATIONS LIMITED,       255.00,       252.00,       260.00,       250.00,       253.00,                  3885480.00,15200,N, ,35,       304.95,       123.50
N,EQ,FRONTSP,FRONTIER SPRINGS LTD.,      1392.50,      1401.90,      1503.60,      1389.20,      1431.20,                114621624.00,79155,N, ,8301,      1869.00,      1150.50
N,EQ,FSL,FIRSTSOURCE SOLU. LTD.,       260.25,       261.80,       265.85,       257.60,       259.20,                198377606.05,759122,N, ,27677,       371.75,       202.00
N,EQ,FUSION,FUSION FINANCE LIMITED,       169.00,       170.05,       172.20,       167.35,       168.52,                 39996717.50,236190,N, ,5945,       243.00,       136.50
N,SM,FWSTC,FLYWINGS SIMULAT T C LTD,       191.00,       191.00,       204.90,       185.95,       204.00,                 12290040.00,62400,N, ,19,       248.00,       145.00
N,EQ,GABRIEL,GABRIEL INDIA LTD,      1352.90,      1350.50,      1363.70,      1329.60,      1346.90,                264692352.00,195774,N, ,21301,      1600.00,       795.70
N,EQ,GAEL,GUJARAT AMBUJA EXPORTS LT,       162.81,       162.81,       166.80,       160.20,       162.98,                246261903.93,1506793,N, ,35192,       184.99,       101.20
N,EQ,GAJA,GAJA ALT ASSET MGT LTD,       141.71,       142.61,       148.17,       141.00,       146.35,                 65689648.16,455062,N, ,6573,       191.65,       133.00
N,EQ,GALAPREC,GALA PRECISION ENG LTD,      1161.00,      1168.80,      1193.00,      1148.00,      1161.40,                 41189336.90,35302,N, ,3977,      1260.00,       671.20
N,EQ,GALAXYSURF,GALAXY SURFACTANTS LTD,      2442.40,      2435.60,      2503.10,      2421.00,      2434.00,                193007401.40,78369,N, ,14995,      2648.00,      1510.00
N,EQ,GALLANTT,GALLANTT ISPAT LIMITED,       530.05,       529.90,       530.00,       512.00,       514.55,                 54543585.60,105150,N, ,5319,       948.00,       496.25
N,EQ,GANDHAR,GANDHAR OIL REFINE IND L,       282.50,       283.75,       301.00,       282.25,       299.20,                583345029.40,1975725,N, ,29932,       303.17,       115.00
N,EQ,GANDHITUBE,GANDHI SPL. TUBES LTD,       981.50,       987.10,       987.10,       968.00,       974.15,                  3082991.95,3166,N, ,451,      1046.60,       681.05
N,EQ,GANECOS,GANESHA ECOSPHERE LIMITED,       990.10,       995.00,      1023.90,       975.20,       998.90,                 56211395.70,55793,N, ,4853,      1268.00,       653.55
N,EQ,GANESHCP,GANESH CONSUMER PRODUCT L,       145.47,       145.47,       162.96,       144.50,       158.87,                124462880.97,793413,N, ,14125,       309.95,       144.50
N,EQ,GANESHHOU,GANESH HOUSING LIMITED,       713.65,       713.80,       717.95,       690.55,       701.10,                 16453623.40,23408,N, ,1376,       899.70,       500.00
N,SM,GANESHIN,GANESH INFRAWORLD LIMITED,        87.05,        88.00,        89.25,        85.30,        88.55,                  1825280.00,20800,N, ,22,       250.00,        66.40
N,SM,GANGABATH,GANGA BATH FITTINGS LTD,        20.30,        20.35,        22.20,        20.35,        21.60,                  1483200.00,69000,N, ,22,        27.50,        15.50
N,EQ,GANGAFORGE,GANGA FORGING LIMITED,         1.52,         1.53,         1.59,         1.49,         1.58,                  5309632.75,3374924,N, ,1046,         4.15,         1.35
N,EQ,GANGESSECU,GANGES SECURITIES LIMITED,       115.82,       114.10,       115.07,       112.58,       113.96,                    24963.73,220,N, ,28,       178.15,       103.31
N,EQ,GARFIBRES,GARWARE TECH FIBRES LTD,       770.05,       769.80,       785.10,       765.90,       773.75,                 15442533.60,19905,N, ,2589,       863.40,       579.75
N,EQ,GARUDA,GARUDA CONSTRUCT N ENG L,       173.36,       174.52,       174.84,       172.00,       172.55,                 29367449.44,169830,N, ,3228,       249.30,       130.00
N,EQ,GATEWAY,GATEWAY DISTRIPARKS LTD,        50.91,        51.00,        52.25,        50.75,        51.65,                 46495163.28,900667,N, ,7301,        65.42,        48.10
N,EQ,GAUDIUMIVF,GAUDIUM IVF N WOMEN H L,       109.28,       112.38,       112.38,       106.25,       107.50,                  8925574.73,82459,N, ,1866,       163.18,        69.18
N,EQ,GAYAHWS,GAYATRI HIGHWAYS LIMITED,         1.78,         1.87,         2.03,         1.82,         1.86,                   413304.32,220163,N, ,351,         4.76,         1.69
N,EQ,GAYAPROJ,GAYATRI PROJECTS LTD,        21.46,        21.50,        21.76,        20.88,        21.05,                  7544857.54,357002,N, ,2024,        27.33,        18.41
N,SM,GCHOTELS,GRAND CONTINENT HOTELS L,       113.05,       110.05,       119.00,       108.00,       115.70,                  5658390.00,49800,N, ,66,       232.00,        76.50
N,EQ,GCSL,GRETEX CORPORATE SERVICES,       693.05,       695.60,       701.25,       686.30,       689.70,                272800274.75,392492,N, ,3247,       701.25,       213.15
N,EQ,GEECEE,GEECEE VENTURES LIMITED,       369.60,       374.00,       375.00,       362.05,       363.45,                    29996.35,82,N, ,21,       390.00,       215.85
N,EQ,GEEKAYWIRE,GEEKAY WIRES LIMITED,        32.72,        33.00,        34.00,        32.20,        33.14,                  8319853.11,249043,N, ,1554,        73.60,        18.51
N,EQ,GEMAROMA,GEM AROMATICS LIMITED,       152.23,       152.87,       154.93,       151.03,       153.20,                  4512930.95,29511,N, ,1054,       261.90,       133.00
N,EQ,GENCON,GENERIC ENG CONS PROJ LTD,        37.78,        39.00,        39.00,        36.55,        37.04,                 18501749.98,493852,N, ,850,        59.96,        36.35
N,EQ,GENESYS,GENESYS INTL CORPN LTD,       301.05,       299.30,       301.80,       291.20,       294.85,                104446585.50,353278,N, ,8796,       612.00,       168.50
N,EQ,GENUSPAPER,GENUS P&B LIMITED,        10.57,        10.66,        10.90,        10.07,        10.47,                   645247.41,61249,N, ,287,        17.67,         8.67
N,EQ,GENUSPOWER,GENUS POWER INFRASTRU LTD,       307.20,       304.00,       307.20,       298.80,       301.05,                362078055.60,1198764,N, ,24981,       358.95,       211.70
N,SM,GENXAI,GENXAI ANALYTICS LIMITED,        80.80,        80.10,        94.00,        79.00,        89.00,                 11385180.00,130800,N, ,106,       103.35,        65.50
N,EQ,GEOJITFSL,GEOJIT FINANCIAL SER L,        78.68,        78.68,        79.25,        77.50,        77.98,                 15809032.52,201903,N, ,2014,        86.50,        50.86
N,EQ,GERMAN,GERMAN GREEN STEEL N PW L,       118.12,       118.20,       124.49,       116.43,       120.11,                439943555.63,3650098,N, ,39611,       142.81,       116.43
N,EQ,GESHIP,THE GE SHPG.LTD,      1532.60,      1530.60,      1572.00,      1530.60,      1567.90,                724239576.70,464716,N, ,28127,      1798.00,      1002.55
N,EQ,GFLLIMITED,GFL LIMITED,        55.86,        55.90,        58.05,        55.27,        57.83,                  6720998.72,117979,N, ,2126,        63.99,        37.25
N,SM,GGBL,GANESH GREEN BHARAT LTD,       214.45,       212.50,       219.40,       211.55,       218.15,                  2315010.00,10800,N, ,34,       475.00,       202.05
N,EQ,GHCL,GHCL LIMITED,       408.85,       409.00,       409.05,       394.10,       398.80,                 59878062.35,150335,N, ,9292,       667.20,       394.10
N,EQ,GHCLTEXTIL,GHCL TEXTILES LIMITED,       131.58,       132.46,       133.01,       128.41,       130.04,                 32647322.20,251094,N, ,6219,       144.59,        65.26
N,EQ,GICHSGFIN,GIC HOUSING FINANCE LTD,       134.48,       134.80,       135.80,       131.80,       132.83,                 11548357.16,86892,N, ,1553,       184.00,       130.05
N,EQ,GICRE,GENERAL INS CORP OF INDIA,       314.25,       315.00,       318.35,       311.50,       316.55,                214909469.15,681917,N, ,30334,       417.95,       311.50
N,EQ,GILLANDERS,GILLANDERS ARBUTHNOT LTD,       111.77,       113.00,       116.75,       109.00,       109.38,                   752047.74,6732,N, ,168,       129.40,        76.00
N,EQ,GILLETTE,GILLETTE INDIA LTD,      7057.00,      7060.00,      7284.00,      7006.00,      7223.50,                190033110.50,26580,N, ,7611,      9664.00,      6860.00
N,EQ,GIPCL,GUJ IND POW CO. LTD,       174.06,       175.00,       175.85,       170.44,       171.86,                 50993905.95,294942,N, ,7103,       211.71,       119.90
N,SM,GIRIRAJ,GIRIRAJ CIVIL DEVP LTD,        57.50,        59.45,        59.50,        54.65,        54.95,                   347412.50,6250,N, ,21,       374.95,        52.30
N,EQ,GKB,GKB OPHTHALMICS LTD.,        61.76,        60.12,        62.76,        60.12,        61.50,                   416177.12,6765,N, ,29,        76.02,        58.25
N,EQ,GKENERGY,GK ENERGY LIMITED,       114.45,       115.40,       116.10,       113.16,       114.63,                 32632912.08,284451,N, ,3830,       239.60,        87.20
N,EQ,GKSL,GUJARAT KIDNEY N SUP SP L,       193.62,       193.98,       197.30,       185.82,       187.12,                475283028.39,2501508,N, ,21625,       209.80,        98.36
N,EQ,GKWLIMITED,GKW LIMITED,      1545.40,      1565.00,      1565.00,      1540.00,      1550.60,                 11172959.20,7210,N, ,48,      1985.40,      1375.00
N,EQ,GLAND,GLAND PHARMA LIMITED,      3006.10,      3026.00,      3171.00,      3019.00,      3150.60,               4175731967.50,1341221,N, ,89070,      3171.00,      1573.60
N,EQ,GLASSWALL,GLASS WALL SYSTEM (I) LTD,       275.75,       254.90,       268.30,       254.70,       262.25,               2287617621.40,8768527,N, ,95154,       317.90,       185.20
N,EQ,GLAXO,GLAXOSMITHKLINE PHARMA LT,      2755.00,      2760.00,      2760.00,      2613.30,      2634.00,                331886642.10,125296,N, ,17797,      3120.70,      2088.10
N,EQ,GLENMARK,GLENMARK PHARMACEUTICALS,      2311.00,      2314.90,      2326.80,      2274.40,      2282.30,               1144624620.80,500247,N, ,32735,      2537.60,      1792.60
N,EQ,GLFL,GUJARAT LEASE FINANCING L,         5.39,         5.31,         5.57,         5.13,         5.43,                    70687.08,13354,N, ,75,         9.34,         3.66
N,EQ,GLOBAL,GLOBAL EDUCATION LIMITED,       142.62,       142.62,       145.49,       141.25,       144.79,                 12215498.27,84933,N, ,1336,       145.49,        55.30
N,EQ,GLOBALE,GLOBALE TESSILE LIMITED,        10.65,        10.13,        10.49,        10.12,        10.49,                   108947.26,10724,N, ,31,        15.40,         9.20
N,EQ,GLOBALVECT,GLOBAL VEC HELICORP LTD,       130.77,       130.77,       133.75,       124.00,       125.94,                  1605379.49,12669,N, ,864,       248.00,       123.00
N,EQ,GLOBE,GLOBE ENTERPRISE (I) LTD,         2.08,         2.05,         2.13,         2.05,         2.11,                   315448.73,150203,N, ,168,         3.29,         1.75
N,EQ,GLOBECIVIL,GLOBE CIVIL PROJECTS LTD,        42.29,        42.90,        42.90,        40.65,        40.89,                   726235.03,17587,N, ,397,        80.00,        33.50
N,EQ,GLOBUSSPR,GLOBUS SPIRITS LTD,       812.70,       810.00,       823.45,       794.00,       796.85,                 68629596.55,85390,N, ,6649,      1252.80,       775.00
N,EQ,GLOSTERLTD,GLOSTER LIMITED,       551.60,       555.80,       555.80,       545.20,       552.90,                   147969.55,268,N, ,25,       756.45,       495.00
N,EQ,GLOTTIS,GLOTTIS LIMITED,        58.34,        58.33,        59.63,        58.00,        58.71,                  1938098.44,33195,N, ,895,        93.00,        37.00
N,EQ,GMBREW,G M BREWERIES LTD,       981.35,       979.00,       997.95,       972.45,       984.95,                150512938.75,152275,N, ,8125,      1328.80,       730.00
N,EQ,GMDCLTD,GUJARAT MINERAL DEV CORP,       491.55,       490.00,       491.55,       474.00,       477.10,                580388745.35,1206725,N, ,28552,       771.90,       466.40
N,SM,GML,GALAXY MEDICARE LIMITED,        17.00,        17.00,        17.00,        16.50,        16.65,                   200600.00,12000,N, ,6,        27.00,        15.15
N,EQ,GMMPFAUDLR,GMM PFAUDLER LIMITED,      1425.70,      1429.90,      1459.50,      1427.00,      1438.00,                247659373.70,171982,N, ,16214,      1533.60,       735.00
N,EQ,GMRAIRPORT,GMR AIRPORTS LIMITED,        93.06,        92.80,        93.37,        91.10,        91.19,               1571046745.81,17042601,N, ,43923,       115.64,        84.11
N,EQ,GMRP&UI,GMR POW AND URBAN INFRA L,       102.23,       102.51,       104.00,       101.29,       101.58,                 85753556.21,835605,N, ,11824,       136.30,        86.80
N,EQ,GNA,GNA AXLES LIMITED,       615.80,       614.55,       614.55,       581.00,       583.65,                290797981.20,490734,N, ,14631,       648.00,       295.00
N,EQ,GNFC,GUJ NAR VAL FER & CHEM L,       629.50,       634.00,       634.00,       616.00,       618.20,                284348616.45,457948,N, ,23178,       636.00,       365.00
N,EQ,GNRL,GUJARAT NATURAL RES L,        98.79,       100.00,       101.03,        97.10,        97.67,                 29706813.04,301438,N, ,3762,       120.90,        83.20
N,EQ,GOACARBON,GOA CARBON LIMITED,       414.65,       419.50,       420.00,       405.10,       407.80,                  4732654.45,11433,N, ,847,       494.90,       272.85
N,EQ,GOCLCORP,GOCL CORPORATION LIMITED,       372.45,       373.95,       374.00,       360.65,       367.85,                 28806561.45,78586,N, ,4398,       461.40,       223.35
N,EQ,GOCOLORS,GO FASHION INDIA LTD,       306.45,       305.95,       309.90,       300.45,       306.15,                 19152673.85,62693,N, ,3081,       715.45,       237.05
N,EQ,GODAVARIB,GODAVARI BIOREFINERIES L,       228.57,       228.30,       228.60,       224.02,       226.24,                  7892565.81,34828,N, ,1409,       353.00,       223.81
N,EQ,GODFRYPHLP,GODFREY PHILLIPS INDIA LT,      1900.00,      1890.00,      1893.00,      1856.30,      1862.40,                225142667.60,120245,N, ,13060,      3486.00,      1830.00
N,EQ,GODIGIT,GO DIGIT GENERAL INS LTD,       258.60,       260.00,       269.85,       259.00,       264.75,                217533352.40,818602,N, ,24862,       374.00,       231.65
N,EQ,GODREJAGRO,GODREJ AGROVET LIMITED,       648.10,       651.80,       652.10,       627.90,       639.60,                195597939.45,306889,N, ,14284,       698.40,       506.10
N,EQ,GODREJIND,GODREJ INDUSTRIES LTD,      1045.00,      1049.00,      1049.00,      1025.00,      1029.00,                 16906980.60,16388,N, ,2377,      1443.00,       744.20
N,EQ,GODREJPROP,GODREJ PROPERTIES LTD,      1610.00,      1604.80,      1604.80,      1570.10,      1580.20,                310881202.20,196039,N, ,17706,      2352.00,      1434.00
N,EQ,GOKEX,GOKALDAS EXPORTS LTD.,       682.75,       682.00,       685.50,       670.10,       673.00,                 65436955.85,96561,N, ,8599,       954.90,       531.00
N,EQ,GOKUL,GOKUL REFOILS & SOLV LTD,        38.78,        38.95,        39.50,        38.50,        38.97,                  6045323.93,155203,N, ,690,        46.80,        31.00
N,EQ,GOKULAGRO,GOKUL AGRO RESOURCES LTD,       210.95,       210.35,       224.12,       209.01,       212.42,                167643298.79,777477,N, ,20603,       411.90,       151.00
N,EQ,GOLD1,KOTAK GOLD ETF,       122.72,       122.24,       122.70,       122.24,       122.30,                145615594.83,1190007,N, ,6342,       158.00,        96.10
N,EQ,GOLD360,360ONEAMC - GOLD360,       143.25,       143.25,       144.25,       141.75,       142.75,                   670799.50,4696,N, ,175,       178.00,       111.15
N,EQ,GOLDADD,DSPAMC - DSPGOLD,        14.29,        14.31,        14.31,        14.23,        14.24,                 45735524.38,3210535,N, ,7811,       181.00,        13.81
N,EQ,GOLDAXIS,AXISAMC-GOLDAXIS,       122.34,       122.21,       122.54,       121.84,       121.90,                 41746406.98,342211,N, ,2056,       150.00,        96.00
N,EQ,GOLDBEES,NIP IND ETF GOLD BEES,       121.46,       121.46,       121.48,       121.01,       121.08,               1667579700.72,13757920,N, ,73842,       148.14,        95.55
N,EQ,GOLDBETA,UTIAMC-UTIGOLDBETA,       123.75,       124.00,       124.00,       123.15,       123.25,                 72920765.45,591386,N, ,2081,       149.35,        95.85
N,EQ,GOLDBND,BANDHANAMC - GOLDBND,       146.97,       146.46,       147.00,       146.00,       146.40,                    95978.24,655,N, ,147,       180.16,       115.17
N,EQ,GOLDCASE,ZERODHAAMC - GOLDCASE,        23.14,        23.14,        23.16,        23.04,        23.05,                421290951.57,18245796,N, ,10665,        27.94,        17.90
N,EQ,GOLDETF,MIRAEAMC - MAGOLDETF,       142.99,       142.88,       142.96,       142.46,       142.57,                 67323607.41,471931,N, ,9195,       173.50,       111.40
N,EQ,GOLDIAM,GOLDIAM INTERNATIONAL LTD,       317.50,       316.90,       321.60,       311.55,       317.00,                107103323.55,338407,N, ,7659,       507.45,       265.00
N,EQ,GOLDIETF,ICICI PRUDENTIAL GOLD ETF,       125.85,       125.90,       125.98,       125.38,       125.44,                422197185.43,3361037,N, ,27558,       158.00,        95.53
N,SM,GOLDKART,GOLDKART JEWELS LIMITED,       104.00,       104.00,       104.00,       104.00,       104.00,                    65000.00,625,N, ,1,       285.00,        81.70
N,EQ,GOODLUCK,GOODLUCK INDIA LIMITED,       491.30,       492.25,       506.65,       485.00,       501.95,                130939211.40,264589,N, ,10003,      1672.10,       430.10
N,EQ,GOODYEAR,GOODYEAR INDIA LIMITED,       685.95,       685.05,       690.00,       680.00,       685.05,                  2502500.50,3651,N, ,508,       876.00,       680.00
N,EQ,GOPAL,GOPAL SNACKS LIMITED,       255.85,       257.15,       257.40,       253.05,       255.40,                 48053818.30,188529,N, ,1526,       364.40,       247.55
N,EQ,GOYALALUM,GOYAL ALUMINIUMS LIMITED,         5.91,         5.96,         6.00,         5.87,         5.94,                   166441.75,28011,N, ,220,        11.37,         5.30
N,SM,GOYALSALT,GOYAL SALT LIMITED,       102.00,       102.00,       102.00,       102.00,       102.00,                   122400.00,1200,N, ,2,       200.00,        97.00
N,SM,GPECO,GP ECO SOLUTIONS INDIA L,       469.65,       470.00,       470.00,       444.00,       454.45,                 12468960.00,27600,N, ,117,       586.95,       264.05
N,EQ,GPIL,GODAWARI POW & ISP LTD,       218.98,       218.00,       218.00,       212.95,       214.31,                253100484.79,1180059,N, ,22518,       320.00,       210.42
N,EQ,GPPL,GUJARAT PIPAVAV PORT LTD,       168.21,       168.00,       174.00,       166.38,       172.46,                377518973.12,2205709,N, ,25997,       200.09,       141.55
N,EQ,GPTHEALTH,GPT HEALTHCARE LIMITED,       148.01,       148.00,       148.57,       145.74,       146.34,                  7866789.65,53458,N, ,1782,       175.00,       115.00
N,EQ,GPTINFRA,GPT INFRAPROJECTS LTD,       121.62,       121.62,       134.97,       120.20,       130.06,                238487009.00,1834242,N, ,24428,       150.00,        96.22
N,EQ,GRANDOAK,GRAND OAK CANYONS DIST L,        36.17,        37.00,        37.00,        34.40,        34.96,                   276711.80,7900,N, ,92,        55.76,        24.00
N,EQ,GRANULES,GRANULES INDIA LIMITED,       836.40,       839.40,       850.70,       822.20,       845.30,               1027061378.35,1224602,N, ,50413,       923.65,       529.85
N,SM,GRAPHISAD,GRAPHISADS LIMITED,        24.40,        24.90,        25.05,        24.50,        24.70,                   358740.00,14400,N, ,10,        52.80,        23.50
N,EQ,GRAPHITE,GRAPHITE INDIA LTD,       851.20,       853.00,       853.30,       831.00,       834.05,                551975512.25,656284,N, ,21154,       874.35,       516.20
N,EQ,GRAUWEIL,GRAUER & WEIL IND LTD,        82.32,        83.22,        83.22,        79.40,        81.05,                 41462971.82,509818,N, ,3397,        88.75,        65.00
N,EQ,GRAVITA,GRAVITA INDIA LIMITED,      1500.90,      1499.00,      1510.30,      1457.10,      1496.00,                403649632.30,271577,N, ,21035,      1913.60,      1266.90
N,SM,GRCL,GAYATRI RUBB AND CHEM LTD,       570.00,       570.00,       570.00,       570.00,       570.00,                   427500.00,750,N, ,3,       629.20,       306.65
N,EQ,GREAVESCOT,GREAVES COTTON LTD.,       222.78,       222.00,       222.78,       208.62,       212.00,                490999395.88,2299772,N, ,32361,       271.90,       119.99
N,SM,GREENCHEF,GREENCHEF APPLIANCES LTD,        68.85,        67.50,        68.00,        66.65,        66.65,                   538680.00,8000,N, ,10,        76.50,        40.40
N,EQ,GREENLAM,GREENLAM INDUSTRIES LTD.,       212.02,       211.70,       213.00,       208.80,       210.50,                  8729520.65,41475,N, ,1624,       278.55,       197.59
N,SM,GREENLEAF,GREENLEAF ENVIROTECH LTD,       114.35,       109.05,       112.90,       108.65,       108.80,                  2190000.00,20000,N, ,18,       185.90,        52.50
N,EQ,GREENPANEL,GREENPANEL INDUSTRIES LTD,       159.92,       159.92,       160.40,       157.61,       159.12,                 23705649.58,148744,N, ,3679,       314.00,       148.51
N,EQ,GREENPLY,GREENPLY INDUSTRIES LTD,       315.30,       312.15,       313.00,       308.10,       310.75,                 16627970.00,53514,N, ,2746,       334.40,       176.42
N,EQ,GREENPOWER,ORIENT GREEN POWER CO LTD,         8.74,         8.73,         8.75,         8.63,         8.65,                  9042671.93,1042099,N, ,3298,        14.93,         7.98
N,EQ,GRINDWELL,GRINDWELL NORTON LIMITED,      2033.10,      2033.10,      2051.70,      2008.20,      2018.20,                 40546250.40,20013,N, ,7869,      2455.00,      1329.00
N,EQ,GRINFRA,G R INFRAPROJECTS LIMITED,       815.00,       819.05,       819.10,       796.20,       798.40,                  7658424.45,9539,N, ,1459,      1309.80,       775.00
N,EQ,GRMOVER,GRM OVERSEAS LIMITED,        79.04,        79.04,        82.17,        78.41,        81.19,                108378599.65,1339846,N, ,5847,       517.70,        77.00
N,EQ,GROBTEA,THE GROB TEA COMPANY LTD,       873.95,       882.00,       899.50,       870.30,       899.50,                     7109.05,8,N, ,6,      1225.00,       805.00
N,EQ,GROWW,BILLIONBRAINS GARAGE VN L,       193.19,       192.80,       198.27,       189.45,       197.75,               8295967558.00,42404060,N, ,257047,       227.20,       112.00
N,EQ,GROWWGOLD,GROWWAMC - GROWWGOLD,        14.35,        14.36,        14.37,        14.29,        14.31,                 12493619.49,872235,N, ,2666,       179.96,        12.71
N,EQ,GROWWSLVR,GROWWAMC - GROWWSLVR,        21.59,        21.61,        21.63,        21.39,        21.41,                 14421521.91,670479,N, ,1405,       362.99,        19.23
N,EQ,GRPLTD,GRP LIMITED,      1853.00,      1855.00,      1874.80,      1761.00,      1847.00,                  3202318.90,1760,N, ,317,      2300.10,      1500.00
N,EQ,GRSE,GARDEN REACH SHIP&ENG LTD,      2137.30,      2130.00,      2130.10,      2092.00,      2102.00,                587765464.70,279451,N, ,23690,      3339.00,      1963.70
N,EQ,GRWRHITECH,GARWARE HI-TECH FILMS LTD,      7102.50,      7082.00,      7135.00,      6834.00,      6903.50,                583574635.50,84439,N, ,13429,      7990.00,      2690.70
N,EQ,GSFC,GUJ STATE FERT & CHEM LTD,       153.47,       152.89,       153.79,       149.20,       149.73,                 96031593.01,636088,N, ,10452,       199.87,       138.83
N,EQ,GSLSU,GLOBAL SURFACES LIMITED,        28.89,        28.03,        29.55,        28.03,        28.88,                  1638401.41,56663,N, ,1298,       139.67,        23.06
N,SM,GSMFOILS,GSM FOILS LIMITED,        70.15,        70.10,        70.15,        66.65,        66.65,                 33678850.00,502500,N, ,372,       293.85,        66.65
N,EQ,GSPCROP,GSP CROP SCIENCE LIMITED,       476.65,       478.60,       487.45,       470.75,       482.80,                115973800.05,240478,N, ,3621,       667.95,       328.00
N,EQ,GSS,GSS INFOTECH LIMITED,        10.13,        10.13,        10.47,        10.08,        10.22,                   507038.99,49526,N, ,265,        27.50,         8.68
N,SM,GSTL,GLOBESECURE TECHNO LTD,        10.95,        10.95,        11.45,        10.95,        11.45,                    79650.00,7000,N, ,6,        37.65,         5.95
N,EQ,GTECJAINX,G-TEC JAINX EDUCATION LTD,        36.19,        36.19,        36.19,        34.50,        35.69,                   319422.86,8987,N, ,82,        39.55,        15.54
N,EQ,GTL,GTL LTD,         6.86,         6.92,         7.13,         6.80,         6.90,                  1285035.17,185291,N, ,490,         9.69,         4.91
N,EQ,GTLINFRA,GTL INFRA.LTD,         1.09,         1.09,         1.10,         1.06,         1.07,                 25114547.76,23200615,N, ,11634,         1.67,         0.96
N,EQ,GTPL,GTPL HATHWAY LIMITED,        54.68,        55.69,        56.88,        54.36,        55.92,                  2182679.30,38975,N, ,1060,       118.25,        50.85
N,EQ,GUFICBIO,GUFIC BIOSCIENCES LTD.,       427.80,       428.35,       430.55,       420.90,       422.55,                 19984065.90,47029,N, ,2521,       467.80,       268.00
N,EQ,GUJALKALI,GUJARAT ALKALIES & CHEM,       613.10,       616.50,       619.50,       604.00,       616.00,                 24059038.65,39319,N, ,3189,       815.00,       409.15
N,EQ,GUJAPOLLO,GUJ. APOLLO IND. LTD.,       346.70,       349.90,       350.85,       340.00,       341.80,                  3226010.00,9355,N, ,1795,       494.00,       300.50
N,EQ,GUJENERGY,GUJARAT ENERGY LIMITED,       229.97,       229.70,       232.19,       227.83,       228.48,                198183224.97,864847,N, ,20464,       443.75,       225.50
N,EQ,GUJRAFFIA,GUJARAT RAFFIA INDUST LTD,        41.86,        43.12,        43.88,        40.05,        42.37,                   205571.26,4819,N, ,85,        88.00,        35.10
N,EQ,GUJTHEM,GUJARAT THEMIS BIOSYN LTD,       390.00,       387.80,       389.40,       378.95,       379.50,                103733440.25,270403,N, ,8383,       479.00,       225.05
N,EQ,GULFOILLUB,GULF OIL LUB. IND. LTD.,      1087.90,      1080.80,      1120.00,      1078.50,      1118.60,                 53646661.20,48522,N, ,4405,      1289.40,       865.00
N,EQ,GULPOLY,GULSHAN POLYOLS LIMITED,       167.92,       166.25,       167.88,       164.55,       166.63,                  7644927.35,45942,N, ,1410,       227.63,       121.50
N,SM,GURUNANAK,GURUNANAK AGRICULTUR IN L,        34.25,        32.70,        32.70,        32.70,        32.70,                    52320.00,1600,N, ,1,        51.45,        22.45
N,EQ,GVPIL,GE POWER INDIA LIMITED,       734.85,       730.05,       731.60,       698.15,       698.15,                227861311.35,322585,N, ,9525,      1084.00,       270.90
N,EQ,GVT&D,GE VERNOVA T&D INDIA LTD,      4245.10,      4260.00,      4340.20,      4201.20,      4316.30,               2841849774.00,660155,N, ,66691,      5650.00,      2523.20
N,EQ,GYFTR,GYFTR LIMITED,       169.30,       169.30,       174.00,       166.50,       169.52,                 70824962.12,417740,N, ,2672,       193.90,       139.69
N,EQ,HALDER,HALDER VENTURE LIMITED,       263.84,       261.73,       270.00,       260.00,       262.90,                  5519522.55,20929,N, ,249,       319.00,       210.00
N,EQ,HALDYNGL,HALDYN GLASS LTD.,       142.27,       143.00,       143.83,       139.40,       140.78,                  4439728.55,31368,N, ,947,       163.78,        85.00
N,EQ,HALEOSLABS,HALEOS LABS LIMITED,      1587.80,      1590.00,      1595.00,      1553.30,      1584.70,                  1560781.00,987,N, ,162,      1774.00,      1091.10
N,EQ,HAMPTON,HAMPTON SKY REALTY LTD.,         8.09,         8.60,         8.60,         8.01,         8.24,                    54703.57,6616,N, ,89,         9.65,         7.01
N,EQ,HAPPSTMNDS,HAPPIEST MINDS TECHNO LTD,       303.35,       303.35,       306.55,       302.05,       304.60,                 81741119.65,268376,N, ,7143,       534.50,       300.00
N,SM,HAPPY,HAPPY STEELS LIMITED,        80.10,        83.45,        85.00,        81.25,        83.00,                  1660900.00,20000,N, ,10,       104.40,        57.00
N,EQ,HAPPYFORGE,HAPPY FORGINGS LIMITED,      1989.40,      1990.00,      1990.00,      1908.80,      1934.30,                223860329.80,115845,N, ,16287,      2470.00,       888.75
N,EQ,HARDWYN,HARDWYN INDIA LIMITED,         9.22,         9.25,         9.39,         9.00,         9.17,                 10369426.79,1127620,N, ,1026,        28.28,         7.61
N,EQ,HARIOMPIPE,HARIOM PIPE INDUSTRIES L,       336.50,       344.25,       344.25,       334.00,       338.15,                 29849361.60,88249,N, ,2697,       485.05,       268.05
N,EQ,HARRMALAYA,HARRISON MALAYALAM LTD,       175.08,       178.50,       178.50,       169.10,       173.90,                   823080.92,4756,N, ,240,       237.90,       153.66
N,EQ,HARSHA,HARSHA ENGINEERS INT LTD,       464.65,       464.65,       468.95,       458.05,       460.40,                 33297083.35,71927,N, ,3619,       484.80,       313.30
N,EQ,HATHWAY,HATHWAY CABLE & DATACOM,         9.80,         9.72,         9.87,         9.60,         9.64,                 17353703.88,1787610,N, ,2711,        14.38,         8.76
N,EQ,HATSUN,HATSUN AGRO PRODUCT LTD.,      1150.00,      1158.90,      1196.90,      1142.40,      1148.10,                 27468162.40,23655,N, ,3045,      1349.70,       855.30
N,EQ,HAVELLS,HAVELLS INDIA LIMITED,      1057.00,      1057.00,      1072.40,      1044.60,      1060.50,                516184958.20,486342,N, ,28061,      1520.00,      1015.10
N,EQ,HAVISHA,SRI HAVISHA HOSP & INFR L,         1.36,         1.40,         1.63,         1.40,         1.52,                   760288.55,501425,N, ,416,         2.42,         1.03
N,EQ,HAWKINCOOK,HAWKINS COOKERS LTD,      8009.50,      8079.50,      8079.50,      7902.00,      7973.50,                  9202983.00,1152,N, ,307,      8942.50,      7828.50
N,EQ,HAZOOR,HAZOOR MULTI PROJECTS LTD,        18.00,        18.09,        18.78,        17.76,        18.58,                 13819930.54,750654,N, ,3643,        22.49,        17.44
N,EQ,HBESD,H B ESTATE DEVELOPERS L,        75.03,        74.00,        81.79,        74.00,        77.06,                   705655.65,9222,N, ,155,        95.90,        60.26
N,EQ,HBLENGINE,HBL ENGINEERING LTD,       764.30,       764.00,       768.50,       755.50,       762.45,                538232391.65,707261,N, ,23533,      1122.00,       613.00
N,EQ,HBPOR,HB PORTFOLIO LTD.,        59.27,        59.51,        62.70,        58.00,        62.36,                    26876.00,450,N, ,52,        65.00,        48.60
N,EQ,HBSL,HB STOCKHOLDINGS LIMITED,        57.91,        58.00,        59.00,        57.00,        58.61,                   128688.73,2210,N, ,49,       108.80,        42.63
N,EQ,HCC,HINDUSTAN CONSTRUCTION CO,        20.26,        20.25,        20.47,        19.71,        19.80,                316192488.33,15774521,N, ,25611,        29.50,        13.65
N,EQ,HCG,HEALTHCARE GLOB. ENT. LTD,       680.55,       680.55,       680.55,       655.00,       657.60,                 26673128.30,40147,N, ,8073,       804.65,       513.30
N,EQ,HCL-INSYS,HCL INFOSYSTEMS LTD,        10.15,        10.03,        10.28,        10.01,        10.05,                  1453750.39,144014,N, ,568,        16.50,         9.01
N,EQ,HDBFS,HDB FINANCIAL SERVICES L,       616.75,       617.10,       618.70,       597.00,       600.10,                551400045.95,905333,N, ,25464,       796.70,       555.30
N,EQ,HDFCGOLD,HDFC GOLD ETF,       125.61,       125.61,       125.61,       125.10,       125.19,                287422784.26,2294320,N, ,7845,       152.30,        95.68
N,EQ,HDFCSILVER,HDFCAMC - HDFCSILVER,       210.63,       210.40,       210.40,       208.67,       208.83,                354823026.73,1694939,N, ,7939,       359.00,       132.72
N,EQ,HEADSUP,HEADS UP VENTURES LIMITED,         6.52,         6.55,         6.55,         5.76,         6.33,                    65088.79,10540,N, ,210,        12.95,         5.69
N,EQ,HEALTHX,HEALTH X PLATFORM LIMITED,       284.95,       284.95,       289.00,       280.15,       284.15,                   448327.80,1584,N, ,88,       363.00,       252.50
N,EQ,HECPROJECT,HEC INFRA PROJECTS LTD,       112.79,       115.68,       115.68,       109.63,       112.19,                   763155.69,6842,N, ,219,       160.50,        92.10
N,EQ,HEGAM,HEG ADVANCED MATERIAL LTD,       252.21,       252.00,       253.90,       246.00,       246.99,                314147318.29,1261859,N, ,20712,       753.90,       214.10
N,EQ,HEIDELBERG,HEIDELBERGCEMENT (I) LTD,       127.78,       129.30,       129.30,       127.01,       127.49,                 15451343.96,120951,N, ,3400,       206.70,       127.01
N,EQ,HEMIPROP,HEMISPHERE PROP IND LTD,       113.53,       114.01,       114.17,       112.11,       112.87,                 17345008.89,153549,N, ,2354,       165.00,       109.81
N,EQ,HERANBA,HERANBA INDUSTRIES LTD,       169.00,       169.80,       172.36,       168.51,       169.27,                  5257107.67,30802,N, ,903,       327.00,       155.38
N,EQ,HERITGFOOD,HERITAGE FOODS LTD,       406.10,       404.25,       407.70,       396.00,       398.75,                 70858373.85,176695,N, ,7647,       503.80,       292.55
N,EQ,HEROMOTOCO,HERO MOTOCORP LIMITED,      5075.00,      5075.00,      5087.50,      4968.00,      5004.00,               1991278296.00,397370,N, ,39269,      6388.50,      4671.50
N,EQ,HEROMOTORS,HERO MOTORS LIMITED,       167.52,       167.90,       172.85,       167.52,       170.84,               6702805922.31,39347591,N, ,236863,       178.84,        80.50
N,EQ,HESTERBIO,HESTER BIOSCIENCES LTD,      2174.10,      2173.60,      2204.90,      2152.00,      2167.20,                  4139439.60,1902,N, ,376,      2683.60,      1239.30
N,EQ,HEXATRADEX,HEXA TRADEX LIMITED,       155.85,       156.30,       158.01,       153.01,       157.01,                    73592.73,472,N, ,20,       182.01,       147.26
N,EQ,HEXT,HEXAWARE TECHNOLOGIES LTD,       500.30,       495.45,       507.10,       495.45,       505.50,                 73932508.20,146911,N, ,14686,       807.75,       400.20
N,EQ,HGINFRA,H.G.INFRA ENGINEERING LTD,       417.20,       420.45,       423.00,       409.80,       416.15,                 60631658.00,145611,N, ,5436,       954.00,       398.55
N,EQ,HGM,HANDSON GBL MNGMNT LTD,        39.28,        41.79,        41.79,        39.80,        40.05,                    39929.48,994,N, ,38,        81.00,        38.14
N,EQ,HGS,HINDUJA GLOBAL SOLS. LTD.,       361.40,       361.00,       366.60,       358.80,       363.00,                  4677292.95,12910,N, ,711,       545.00,       342.05
N,SM,HIGREEN,HI GREEN CARBON LIMITED,       118.80,       119.70,       119.70,       115.30,       117.05,                  2245440.00,19200,N, ,24,       232.20,       101.20
N,EQ,HIKAL,HIKAL LIMITED,       226.43,       226.70,       228.45,       222.30,       225.24,                 68421217.30,303522,N, ,7633,       261.00,       146.25
N,EQ,HILINFRA,HIGHWAY INFRASTRUCTURE L,        45.36,        45.80,        47.89,        44.95,        47.60,                 21354576.20,455922,N, ,3451,        86.35,        40.10
N,EQ,HILTON,HILTON METAL FORGING LTD,        16.75,        16.61,        16.88,        16.50,        16.58,                  1074023.20,64659,N, ,244,        50.16,        13.43
N,EQ,HIMATSEIDE,HIMATSINGKA SEIDE LTD,        65.36,        65.00,        67.45,        62.85,        63.22,                 40766776.01,635805,N, ,7498,       129.49,        61.09
N,EQ,HINDADH,HINDUSTAN ADHESIVES LTD.,       384.35,       370.30,       392.00,       370.30,       384.80,                   619073.30,1607,N, ,51,       402.65,       335.55
N,EQ,HINDALUMI,HIND ALUMINIUM INDS. LTD.,        90.32,        91.22,        92.50,        89.50,        89.99,                    87920.59,971,N, ,88,       107.50,        86.30
N,EQ,HINDCOMPOS,HINDUSTAN COMPOSITES LTD.,       401.45,       401.45,       418.65,       398.10,       403.75,                 19528763.25,47848,N, ,1093,       550.00,       347.10
N,EQ,HINDCOPPER,HINDUSTAN COPPER LTD,       485.50,       484.40,       484.45,       478.70,       479.95,               1002853969.95,2085383,N, ,41942,       760.05,       308.50
N,EQ,HINDOILEXP,HINDUSTAN OIL EXPLORATION,       166.35,       166.50,       173.00,       165.81,       171.88,                 99577812.40,584648,N, ,9288,       201.44,       117.50
N,EQ,HINDPETRO,HINDUSTAN PETROLEUM CORP,       351.00,       347.50,       347.80,       342.55,       343.15,               1556052971.05,4508391,N, ,57375,       508.45,       316.20
N,EQ,HINDWAREAP,HINDWARE HME INOVATON LTD,       170.75,       170.75,       171.14,       166.31,       170.19,                 19142714.38,113381,N, ,2906,       392.70,       165.00
N,EQ,HIRECT,HIRECT LIMITED,      1146.80,      1142.10,      1144.90,      1110.00,      1113.90,                 38267059.00,33997,N, ,3464,      1909.90,       643.70
N,EQ,HISARMETAL,HISAR METAL IND. LIMITED,       145.30,       145.00,       148.60,       144.22,       145.10,                    21441.99,148,N, ,16,       192.40,       124.99
N,EQ,HITECH,HI-TECH PIPES LIMITED,        74.68,        74.68,        74.77,        73.26,        73.90,                 30874426.19,418797,N, ,5198,       123.80,        69.85
N,EQ,HLEGLAS,HLE GLASCOAT LIMITED,       447.10,       450.00,       469.45,       450.00,       469.45,                150962808.70,322476,N, ,3828,       661.95,       250.00
N,EQ,HLVLTD,HLV LIMITED,         6.13,         6.13,         6.34,         6.03,         6.12,                  1025753.29,166000,N, ,552,        11.94,         5.60
N,EQ,HMAAGRO,HMA AGRO INDUSTRIES LTD,        24.56,        25.00,        25.00,        24.29,        24.91,                 25925639.29,1051851,N, ,3324,        34.24,        19.09
N,EQ,HNDFDS,HINDUSTAN FOODS LIMITED,       584.75,       582.65,       582.65,       574.00,       580.40,                 21131740.25,36500,N, ,4031,       677.75,       442.00
N,SM,HOLMARC,HOLMARC OPTO MECHATRO L,       125.40,       119.15,       131.65,       119.15,       131.05,                  3468900.00,27750,N, ,24,       131.65,        60.05
N,EQ,HOMEFIRST,HOME FIRST FIN CO IND LTD,      1111.50,      1098.40,      1128.90,      1081.30,      1087.90,                170896352.90,154842,N, ,15971,      1317.70,       893.70
N,SM,HOMESFY,HOMESFY REALTY LIMITED,       121.60,       127.65,       127.65,       127.65,       127.65,                    38295.00,300,N, ,1,       267.95,       100.70
N,EQ,HONASA,HONASA CONSUMER LIMITED,       478.30,       471.40,       480.90,       465.00,       477.05,                745042673.30,1568100,N, ,41539,       509.80,       248.40
N,EQ,HONAUT,HONEYWELL AUTOMATION IND,     33780.00,     33780.00,     33825.00,     33100.00,     33345.00,                 66750705.00,1997,N, ,1267,     41495.00,     26220.00
N,EQ,HONDAPOWER,HONDA I POWER PRODUCT LTD,      1885.90,      1912.90,      1912.90,      1860.00,      1871.40,                  2611485.40,1393,N, ,467,      2783.00,      1816.60
N,EQ,HORIZONIND,HORIZON INDUSTRIAL PRKS L,        49.20,        49.80,        50.85,        48.75,        50.15,                169080662.98,3368691,N, ,20390,        60.25,        47.06
N,EQ,HPAL,HP ADHESIVES LIMITED,        34.37,        34.37,        35.01,        33.73,        34.62,                  1797862.88,52439,N, ,1261,        53.00,        26.52
N,EQ,HPIL,HINDPRAKASH INDUSTRY LTD,       116.49,       115.91,       116.49,       112.99,       116.49,                    35176.26,303,N, ,20,       154.45,       105.65
N,EQ,HPL,HPL ELECTRIC & POWER LTD,       272.70,       272.70,       272.70,       265.00,       266.30,                 17497860.35,65194,N, ,3168,       479.90,       255.55
N,EQ,HRYNSHP,HARIYANA SHIP BREAKERS L,        95.90,        95.88,        97.94,        93.50,        94.10,                   216203.88,2242,N, ,40,       108.00,        91.00
N,EQ,HSBCGOLD,HSBCAMC - HSBCGOLD,       128.02,       127.84,       127.98,       127.27,       127.56,                  1236068.75,9682,N, ,32,       146.40,       119.10
N,EQ,HSCL,HIMADRI SPECIALITY CHEM L,       668.55,       666.00,       676.05,       664.05,       672.95,                942667607.60,1404959,N, ,33716,       819.50,       418.50
N,EQ,HTEL,HY-TECH ENGINEERS LIMITED,        73.81,        75.20,        88.57,        73.10,        87.94,               1190676085.43,14238636,N, ,93936,        88.57,        62.91
N,EQ,HTMEDIA,HT MEDIA LIMITED,        22.99,        23.15,        23.65,        22.50,        22.59,                  1489090.84,65585,N, ,335,        31.30,        17.52
N,EQ,HUBTOWN,HUBTOWN LIMITED,       170.00,       170.85,       171.90,       163.75,       164.52,                112204370.87,667640,N, ,7369,       339.00,       163.75
N,EQ,HUDCO,HSG & URBAN DEV CORPN LTD,       161.04,       160.69,       164.00,       159.38,       161.79,                384706460.91,2375175,N, ,31522,       246.85,       155.80
N,EQ,HUHTAMAKI,HUHTAMAKI INDIA LIMITED,       233.45,       233.45,       236.00,       229.32,       231.19,                 11817309.17,51122,N, ,3262,       330.00,       148.60
N,SM,HVAX,HVAX TECHNOLOGIES LIMITED,       714.00,       725.00,       725.00,       715.00,       716.00,                   647400.00,900,N, ,6,       979.95,       585.20
N,EQ,HYBRIDFIN,HYBRID FINANCIAL SERVICE,        17.56,        17.25,        19.00,        16.81,        17.84,                   346785.08,19378,N, ,180,        33.62,        14.50
N,SM,IBLFL,IBL FINANCE LIMITED,        61.00,        63.50,        64.00,        62.90,        62.90,                  1400800.00,22000,N, ,3,        72.80,        43.95
N,EQ,IBULLSLTD,INDIABULLS LIMITED,        30.95,        31.60,        32.49,        31.20,        32.49,                709002286.42,22176156,N, ,23798,        32.50,         8.90
N,SM,ICELCO,IC ELECTRICALS COMPANY L,       116.05,       117.95,       123.00,       117.00,       119.50,                  4602000.00,38400,N, ,30,       183.00,       112.05
N,EQ,ICEMAKE,ICE MAKE REFRIGERAT LTD,       631.20,       633.00,       682.80,       627.10,       673.35,                 45418058.00,68993,N, ,4470,       920.00,       602.00
N,EQ,ICICIAMC,ICICI PRUDENTIAL AMC LTD,      3071.50,      3060.00,      3086.20,      3041.50,      3058.50,                948504665.30,309677,N, ,26129,      3611.00,      2530.00
N,EQ,ICICIGI,ICICI LOMBARD GIC LIMITED,      1598.30,      1586.10,      1601.00,      1574.60,      1590.00,               1389771419.00,875700,N, ,33641,      2064.90,      1423.10
N,EQ,ICICIPRULI,ICICI PRU LIFE INS CO LTD,       459.50,       458.00,       459.00,       453.70,       457.50,                382437634.90,837553,N, ,35802,       706.80,       441.80
N,EQ,ICIL,INDO COUNT INDUSTRIES LTD,       473.15,       474.80,       476.25,       465.15,       471.10,                149548575.30,317864,N, ,15725,       485.95,       216.90
N,EQ,ICRA,ICRA LIMITED,      4356.70,      4356.70,      4412.00,      4316.90,      4346.30,                140226804.90,32161,N, ,4248,      6620.00,      4198.20
N,EQ,IDBI,IDBI BANK LIMITED,        87.01,        86.50,        87.00,        85.36,        85.67,                262160450.32,3041959,N, ,19703,       118.38,        61.01
N,EQ,IDEAFORGE,IDEAFORGE TECHNO LTD,       723.40,       726.10,       730.00,       698.80,       700.00,                145525258.45,206429,N, ,14080,       992.25,       366.00
N,SM,IDENTICAL,IDENTICAL BRAINS STUDIO L,        21.35,        18.45,        19.30,        18.40,        18.75,                   445600.00,24000,N, ,10,        42.40,        14.10
N,EQ,IDFCFIRSTB,IDFC FIRST BANK LIMITED,        81.56,        81.46,        81.46,        78.75,        79.54,               1616663740.45,20250870,N, ,85130,        89.61,        58.08
N,EQ,IEX,INDIAN ENERGY EXC LTD,       104.86,       105.39,       108.65,       104.27,       105.85,                804198444.45,7531830,N, ,48501,       160.27,       103.94
N,EQ,IFBAGRO,IFB AGRO INDUSTRIES LTD,       874.15,       887.00,       887.00,       868.05,       875.35,                   958615.65,1100,N, ,168,      1790.00,       679.15
N,EQ,IFBIND,IFB INDUSTRIES LTD,      1212.30,      1212.30,      1225.50,      1204.30,      1216.00,                 29446086.10,24232,N, ,1772,      2019.80,       883.20
N,EQ,IFCI,IFCI LTD,        65.51,        65.30,        65.32,        63.84,        64.03,               1353318540.35,21013703,N, ,54289,       107.50,        46.23
N,EQ,IFGLEXPOR,IFGL REFRACTORIES LIMITED,       180.65,       180.65,       186.50,       179.91,       183.05,                 13585901.80,74229,N, ,1823,       338.00,       119.68
N,EQ,IGARASHI,IGARASHI MOTORS INDIA LTD,       401.40,       401.40,       410.00,       398.30,       403.45,                 21654209.95,53466,N, ,2535,       558.00,       271.05
N,EQ,IGCL,INDOGULF CROPSCIENCES LTD,        57.36,        57.30,        60.82,        56.00,        57.75,                 19700753.18,347013,N, ,1658,       111.40,        49.46
N,EQ,IGIL,INTL GEMOLOGICAL INST LTD,       319.60,       319.15,       321.85,       313.70,       317.05,                136925377.05,430610,N, ,13874,       388.30,       287.00
N,EQ,IGL,INDRAPRASTHA GAS LTD,       141.38,       141.00,       147.90,       140.21,       146.35,                538925251.24,3700426,N, ,32917,       223.50,       139.20
N,EQ,IGPL,I G PETROCHEMICALS LTD,       589.50,       590.95,       590.95,       580.00,       586.25,                 27010670.35,46121,N, ,2824,       609.90,       315.00
N,EQ,IIFL,IIFL FINANCE LIMITED,       601.70,       600.00,       600.00,       584.15,       588.55,                690915899.70,1169032,N, ,37404,       705.00,       409.10
N,EQ,IIFLCAPS,IIFL CAPITAL SERVICES LTD,       345.15,       344.25,       348.50,       344.00,       346.85,                110754057.25,319500,N, ,8513,       411.30,       240.40
N,EQ,IITL,INDUSTRIAL INV TRUST LTD,       132.25,       133.30,       134.95,       129.47,       130.75,                 13493386.07,101253,N, ,844,       215.00,       108.00
N,EQ,IKIO,IKIO TECHNOLOGIES LIMITED,       195.87,       194.99,       195.84,       188.25,       191.05,                 24625328.74,128405,N, ,3054,       238.80,       103.53
N,EQ,IKS,INVENTURUS KNOWLEDGE SO L,      1761.00,      1752.40,      1759.00,      1693.30,      1737.40,                572386746.10,330080,N, ,36994,      1970.00,      1262.00
N,EQ,IMAGICAA,IMAGICAAWORLD ENT LTD,        49.92,        50.26,        50.26,        48.15,        48.72,                 26070931.62,532708,N, ,3980,        62.00,        36.84
N,EQ,IMFA,INDIAN METALS & FERRO,      1190.60,      1184.10,      1197.60,      1167.10,      1186.80,                 61401030.00,51866,N, ,4403,      1679.90,      1064.10
N,EQ,IMPAL,IND MOTOR PART & ACC LTD,      1036.50,      1042.30,      1049.90,       995.20,      1000.20,                  5411468.50,5358,N, ,610,      1238.90,       928.00
N,EQ,INA,INSOLATION ENERGY LIMITED,        83.81,        84.49,        84.49,        81.32,        82.00,                 37445472.68,454479,N, ,4229,       161.81,        79.75
N,EQ,INCREDIBLE,INCREDIBLE INDUSTRIES LTD,        31.42,        31.03,        31.68,        31.00,        31.47,                    75883.13,2423,N, ,47,        48.85,        28.10
N,EQ,INDBANK,INDBANK MERCH BANK,        25.23,        25.30,        26.30,        25.12,        26.11,                  1020564.36,39659,N, ,611,        47.15,        24.21
N,EQ,INDGN,INDEGENE LIMITED,       596.30,       596.00,       612.00,       588.15,       607.10,                255510334.95,424853,N, ,20590,       627.00,       414.00
N,EQ,INDHOTEL,THE INDIAN HOTELS CO. LTD,       736.00,       736.65,       743.00,       728.50,       731.30,               2343155519.70,3190796,N, ,52434,       757.40,       565.00
N,EQ,INDIACEM,THE INDIA CEMENTS LIMITED,       295.25,       295.25,       305.00,       289.20,       303.05,                 75472333.75,252820,N, ,14765,       485.80,       289.20
N,EQ,INDIAGLYCO,INDIA GLYCOLS LTD,       318.95,       324.90,       382.70,       321.10,       382.70,               3309159249.30,9155076,N, ,157088,       382.70,       217.00
N,EQ,INDIAMART,INDIAMART INTERMESH LTD,      1592.90,      1592.90,      1623.40,      1575.00,      1605.30,                 93699078.80,58405,N, ,10622,      2525.90,      1565.10
N,EQ,INDIANB,INDIAN BANK,       813.00,       808.60,       835.00,       801.35,       828.30,                937908846.10,1140038,N, ,36269,      1000.90,       754.90
N,EQ,INDIANCARD,INDIAN CARD CLOTHING CO.,       187.86,       189.83,       189.83,       183.06,       186.99,                   349186.50,1881,N, ,115,       278.25,       153.00
N,EQ,INDIANHUME,INDIAN HUME PIPE CO. LTD.,       341.20,       341.55,       362.00,       338.65,       355.45,                 25158364.20,71231,N, ,3788,       432.00,       279.80
N,EQ,INDIASHLTR,INDIA SHELTER FIN CORP L,       636.35,       639.50,       639.50,       622.35,       633.85,                 58833094.65,93350,N, ,6272,       924.00,       620.15
N,SM,INDIFRA,INDIFRA LIMITED,        11.65,        11.10,        11.10,        11.10,        11.10,                    66600.00,6000,N, ,3,        17.65,        11.10
N,EQ,INDIGOPNTS,INDIGO PAINTS LIMITED,      1062.40,      1051.10,      1077.30,      1050.00,      1060.20,                 27155629.20,25510,N, ,5466,      1345.90,       708.05
N,IV,INDIGRID,INDIGRID INFRASTRUCT TRST,       169.41,       169.41,       169.95,       168.11,       168.96,                171336225.79,1013733,N, ,15965,       180.90,       161.01
N,EQ,INDIQUBE,INDIQUBE SPACES LIMITED,       197.32,       195.39,       198.96,       192.00,       194.57,                  2269122.66,11603,N, ,634,       235.52,       131.15
N,EQ,INDNIPPON,INDIA NIPPON ELECT  LTD,      1241.70,      1241.80,      1253.90,      1221.40,      1231.40,                 31982917.40,25913,N, ,3452,      1564.00,       675.00
N,EQ,INDOAMIN,INDO AMINES LIMITED,       161.16,       161.84,       166.44,       156.65,       157.97,                156463418.42,978954,N, ,16999,       168.00,        81.90
N,EQ,INDOBORAX,INDO BORAX & CHEMICAL LTD,       491.75,       491.75,       491.75,       476.05,       480.90,                 25773962.65,53337,N, ,1900,       542.80,       230.01
N,EQ,INDOCO,INDOCO REMEDIES LTD.,       247.15,       249.45,       249.45,       244.60,       246.55,                 18655984.50,75736,N, ,2201,       317.35,       162.19
N,EQ,INDOFARM,INDO FARM EQUIPMENT LTD,       134.32,       134.00,       142.55,       132.81,       139.92,                 39045436.30,279082,N, ,5918,       271.69,       110.70
N,EQ,INDOKEM,INDOKEM LTD.,       596.85,       597.05,       600.00,       575.00,       580.95,                  2485897.60,4219,N, ,399,       668.00,       555.00
N,EQ,INDOMIM,INDO-MIM LIMITED,      1350.20,      1358.00,      1374.40,      1337.00,      1359.90,                822325259.60,606566,N, ,26740,      1374.40,       700.00
N,EQ,INDORAMA,INDO RAMA SYNTHETICS LTD,        95.10,        95.10,        96.84,        93.80,        95.99,                 52985523.69,554572,N, ,6315,       112.30,        29.00
N,EQ,INDOSTAR,INDOSTAR CAPITAL FIN LTD,       199.55,       200.00,       203.45,       195.50,       200.12,                 70377851.80,353977,N, ,6199,       292.00,       179.03
N,EQ,INDOTECH,INDO TECH TRANSFORM LTD.,      3352.80,      3351.00,      3399.00,      3306.00,      3323.30,                 34868062.90,10434,N, ,1936,      4030.00,      1100.00
N,EQ,INDOTHAI,INDO THAI SEC LTD,        38.78,        40.57,        40.71,        40.30,        40.71,                 10991895.57,270332,N, ,410,       466.35,        29.00
N,EQ,INDOUS,INDO US BIOTECH LTD,        75.53,        75.80,        76.96,        74.70,        74.93,                   338602.51,4494,N, ,250,       159.00,        70.00
N,EQ,INDOWIND,INDOWIND ENERGY LTD,         8.56,         8.56,         8.69,         8.42,         8.58,                   627776.30,73286,N, ,293,        18.94,         7.00
N,EQ,INDPRUD,INDUSTRIAL & PRU INV CO L,      6299.50,      6299.00,      6305.00,      6299.00,      6305.00,                   163842.50,26,N, ,8,      7052.50,      5750.50
N,EQ,INDRAMEDCO,INDRAPRASTHA MEDICAL CORP,       335.15,       335.15,       336.60,       327.75,       329.40,                 52495316.40,158141,N, ,6833,       640.85,       327.35
N,EQ,INDSWFTLAB,IND SWIFT LABORATORIES LT,       400.45,       403.40,       404.90,       388.00,       391.10,                103631935.15,262328,N, ,6875,       424.75,        87.15
N,EQ,INDTERRAIN,IND TERRAIN FASHIONS LTD,        29.22,        29.43,        29.49,        29.15,        29.22,                   307973.77,10557,N, ,78,        42.62,        24.56
N,EQ,INDUSINDBK,INDUSIND BANK LIMITED,       906.10,       899.05,       903.25,       870.90,       874.90,               2140319109.95,2429142,N, ,66235,      1077.85,       726.30
N,IV,INDUSINVIT,INDUS INFRA TRUST,       130.13,       130.13,       131.71,       130.00,       131.01,                 13530013.93,103355,N, ,4870,       138.00,       113.21
N,EQ,INDUSTOWER,INDUS TOWERS LIMITED,       389.10,       392.00,       392.00,       381.30,       385.05,                963708390.05,2499487,N, ,31950,       481.50,       337.80
N,SM,INFLUX,INFLUX HEALTHTECH LIMITED,       272.00,       270.00,       275.95,       266.15,       274.30,                  5844180.00,21600,N, ,35,       315.00,       160.60
N,EQ,INFOBEAN,INFOBEANS TECHNO. LTD.,       149.46,       148.93,       149.00,       145.40,       147.24,                 18136411.65,123208,N, ,1964,      1030.00,       120.33
N,SM,INFOLLION,INFOLLION RESEARCH SER L,       159.80,       163.80,       166.00,       162.05,       162.80,                  4606380.00,28000,N, ,54,       483.80,       145.00
N,EQ,INFOMEDIA,INFOMEDIA PRESS LIMITED,         5.21,         5.53,         5.55,         5.16,         5.41,                    86565.88,15879,N, ,55,         8.05,         4.50
N,EQ,INGERRAND,INGERSOLL-RAND INDIA LTD,      4130.80,      4130.80,      4182.80,      4089.10,      4115.30,                 27527789.50,6676,N, ,2344,      4955.00,      3063.30
N,SM,INM,INTERIORS & MORE LIMITED,       139.50,       138.00,       138.05,       138.00,       138.05,                   165630.00,1200,N, ,2,       689.00,       136.00
N,EQ,INNOVACAP,INNOVA CAPTAB LIMITED,      1141.80,      1137.10,      1188.00,      1131.40,      1166.20,                138003298.50,118590,N, ,12772,      1353.50,       622.00
N,EQ,INNOVANA,INNOVANA THINKLABS LTD,       294.85,       292.80,       295.90,       286.00,       289.90,                  7523758.95,25709,N, ,742,       524.95,       279.20
N,EQ,INNOVISION,INNOVISION LIMITED,       256.50,       255.00,       256.85,       253.30,       256.00,                  1763818.20,6907,N, ,328,       470.00,       246.20
N,EQ,INOXGREEN,INOX GREEN ENERGY SER LTD,       146.59,       146.59,       147.66,       134.00,       135.87,               1007977943.41,7288865,N, ,69368,       189.00,       134.00
N,EQ,INOXINDIA,INOX INDIA LIMITED,      2077.30,      2070.00,      2139.90,      2066.50,      2082.00,                510476060.30,243029,N, ,39289,      2339.50,      1068.20
N,EQ,INOXWIND,INOX WIND LIMITED,        68.70,        68.25,        68.38,        66.73,        67.10,                685174192.23,10148423,N, ,47133,       159.30,        66.73
N,EQ,INSECTICID,INSECTICIDES (I) LTD,       584.15,       580.00,       590.00,       575.55,       586.60,                  3186083.90,5454,N, ,409,       775.00,       518.60
N,SM,INSPIRE,INSPIRE FILMS LIMITED,         9.90,        10.35,        10.35,        10.35,        10.35,                    82800.00,8000,N, ,3,        17.90,         6.80
N,EQ,INSPIRISYS,INSPIRISYS SOLUTIONS LTD,        83.76,        84.00,        85.00,        83.50,        83.74,                   173450.26,2054,N, ,34,       133.90,        69.92
N,EQ,INTELLECT,INTELLECT DESIGN ARENA,       601.40,       603.00,       603.00,       589.00,       591.35,                118524356.80,199132,N, ,11415,      1244.60,       589.00
N,EQ,INTENTECH,INTENSE TECHNOLOGIES LTD,        84.10,        80.60,        83.05,        78.51,        80.92,                  6228475.77,77560,N, ,666,       145.00,        66.30
N,EQ,INTERARCH,INTERARCH BLDNG SOLTN LTD,      1685.60,      1699.90,      1717.70,      1680.00,      1700.90,                 94607190.90,55579,N, ,6855,      2762.60,      1600.00
N,EQ,INTLCONV,INTL CONVEYORS LIMITED,        80.02,        80.00,        81.39,        79.10,        80.17,                  4096347.38,51206,N, ,450,       114.54,        60.00
N,EQ,INVENTURE,INVENTURE GRO & SEC LTD,         0.85,         0.85,         0.86,         0.82,         0.83,                  1017545.46,1208290,N, ,424,         1.53,         0.72
N,SM,INVICTA,INVICTA DIAGNOSTIC LTD,        66.80,        67.00,        67.00,        66.50,        66.50,                   213600.00,3200,N, ,2,       105.00,        58.10
N,EQ,IOB,INDIAN OVERSEAS BANK,        31.46,        31.02,        31.29,        30.85,        31.03,                 97889207.44,3152062,N, ,19265,        41.80,        30.07
N,EQ,IOLCP,IOL CHEM AND PHARMA LTD,       214.90,       216.50,       224.00,       216.30,       220.22,               1400720601.64,6360102,N, ,78868,       224.00,        67.19
N,EQ,IONEXCHANG,ION EXCHANGE (INDIA) LTD,       409.20,       411.00,       415.00,       401.00,       402.40,                102135630.70,251291,N, ,17430,       486.00,       312.70
N,EQ,IPCALAB,IPCA LABORATORIES LTD,      1945.50,      1940.00,      1963.70,      1928.00,      1938.50,                263827730.80,135675,N, ,24160,      2038.00,      1251.60
N,SM,IPHL,INDIAN PHOSPHATE LIMITED,        68.00,        68.05,        70.00,        68.05,        70.00,                   248460.00,3600,N, ,3,        84.25,        46.10
N,EQ,IPL,INDIA PESTICIDES LIMITED,       132.60,       132.10,       133.98,       129.94,       130.39,                 19823520.03,150722,N, ,2246,       213.25,       125.00
N,EQ,IPRINGLTD,IP RINGS LTD.,       143.67,       144.99,       149.70,       140.50,       144.94,                   269598.76,1849,N, ,56,       187.00,       124.50
N,EQ,IRB,IRB INFRA DEV LTD.,        17.84,        17.75,        17.83,        17.30,        17.44,                191937049.10,10957532,N, ,18654,        45.95,        16.75
N,IV,IRBINVIT,IRB INVIT FUND,        63.85,        64.00,        64.10,        63.20,        63.85,                 40220700.92,631496,N, ,4888,        65.25,        57.05
N,EQ,IRCON,IRCON INTERNATIONAL LTD,       107.86,       107.60,       108.18,       106.12,       106.66,                238571764.99,2229186,N, ,20463,       186.44,       101.60
N,EQ,IRCTC,INDIAN RAIL TOUR CORP LTD,       454.80,       455.00,       458.15,       449.70,       453.65,                345061269.40,759796,N, ,31073,       735.75,       446.50
N,EQ,IREDA,INDIAN RENEWABLE ENERGY,       109.00,       109.00,       109.42,       107.12,       107.33,                488225397.45,4512835,N, ,31882,       158.70,       107.12
N,EQ,IRIS,IRIS REGTECH SOLUTION LTD,       221.57,       223.50,       226.00,       220.99,       223.23,                  1549947.43,6950,N, ,257,       388.10,       203.00
N,EQ,IRISDOREME,IRIS CLOTHINGS LIMITED,        58.45,        58.86,        61.03,        57.44,        59.26,                 20392200.02,344405,N, ,3084,        68.00,        26.35
N,EQ,IRMENERGY,IRM ENERGY LIMITED,       262.10,       264.00,       266.40,       257.00,       263.00,                  9002148.95,34474,N, ,1838,       377.00,       165.40
N,EQ,ISGEC,ISGEC HEAVY ENG LTD,       905.00,       906.40,       906.60,       895.05,       901.75,                 66293623.65,73566,N, ,5263,      1113.90,       683.95
N,EQ,ISHANCH,ISHAN DYES N CHEMICALS L,        47.92,        50.04,        50.04,        46.56,        47.08,                   173714.55,3669,N, ,98,        83.37,        41.71
N,EQ,ISTLTD,I S T LTD.,       637.20,       637.20,       645.95,       637.20,       638.45,                     5743.55,9,N, ,3,       749.95,       585.00
N,EQ,ITCHOTELS,ITC HOTELS LIMITED,       160.21,       160.00,       161.90,       158.60,       159.17,                164708511.21,1030272,N, ,18918,       226.63,       137.30
N,EQ,ITDC,INDIA TOUR. DEV. CO. LTD.,       675.25,       677.00,       685.00,       667.10,       671.75,                 51069920.95,75732,N, ,5938,       822.00,       368.00
N,EQ,ITI,ITI LTD,       247.84,       246.79,       248.16,       245.00,       245.84,                 24918691.51,101191,N, ,4498,       372.85,       237.00
N,EQ,ITL,ITL INDUSTRIES LTD.,       366.75,       363.10,       379.90,       346.25,       372.80,                  1067001.15,2896,N, ,216,       379.90,       311.10
N,EQ,IVALUE,IVALUE INFOSOLUTIONS LTD,       229.45,       230.71,       236.10,       227.21,       232.04,                 31288630.13,134884,N, ,3718,       340.00,       200.88
N,EQ,IVC,IL&FS INVESTMENT MANAGERS,         8.00,         7.81,         8.08,         7.81,         7.95,                  1142205.57,143556,N, ,684,        10.99,         6.02
N,EQ,IVZINGOLD,INVESCO INDIA GOLD ETF,       128.20,       128.20,       128.20,       127.05,       127.70,                 17231944.85,135055,N, ,423,     15599.80,       119.60
N,EQ,IWP,INDIAN WOOD PRODUCTS CO L,        37.38,        37.38,        38.40,        36.95,        37.10,                   851616.64,22715,N, ,209,        42.40,        28.00
N,EQ,IXIGO,LE TRAVENUES TECHNOLOGY L,       160.13,       160.19,       160.31,       157.32,       158.27,                130469150.24,821667,N, ,15656,       339.15,       151.27
N,EQ,IZMO,IZMO LIMITED,       864.30,       868.00,       900.00,       861.00,       889.95,                105089677.60,118878,N, ,8995,      1175.40,       562.00
N,EQ,J&KBANK,J & K BANK LTD.,       139.50,       139.51,       140.96,       137.71,       139.40,                320840724.76,2306193,N, ,30707,       201.75,        97.35
N,EQ,JAGRAN,JAGRAN PRAKASHAN LIMITED,        61.72,        62.02,        62.46,        61.64,        62.05,                  4419806.18,71301,N, ,1180,        78.90,        59.50
N,EQ,JAGSNPHARM,JAGSONPAL PHARMACEUTICALS,       233.63,       234.80,       243.46,       234.80,       235.40,                 39145005.03,164193,N, ,3677,       264.50,       155.00
N,EQ,JAIBALAJI,JAI BALAJI INDUSTRIES LTD,        64.17,        67.37,        67.37,        65.00,        67.37,                 29116983.57,432731,N, ,1252,       100.68,        53.65
N,EQ,JAICORPLTD,JAI CORP LIMITED,        90.17,        89.00,        93.80,        88.51,        90.90,                101929091.75,1110175,N, ,11163,       173.40,        87.51
N,EQ,JAINREC,JAIN RESOURCE RECYCLING L,       290.15,       290.00,       300.90,       287.15,       295.15,                385535695.65,1303023,N, ,31859,       593.95,       271.00
N,EQ,JAIPURKURT,NANDANI CREATION LIMITED,        27.37,        28.00,        29.75,        27.26,        28.50,                  6344774.38,220174,N, ,1023,        42.74,        23.91
N,EQ,JAMNAAUTO,JAMNA AUTO IND LTD,       144.21,       144.40,       154.00,       142.50,       151.77,               1856656158.00,12310484,N, ,126074,       154.00,        89.74
N,EQ,JARO,JARO INS OF TEC MG N RE L,       413.85,       416.00,       416.00,       410.05,       414.40,                 42923117.25,103527,N, ,1749,       768.45,       383.50
N,EQ,JASH,JASH ENGINEERING LIMITED,       594.95,       596.00,       599.00,       580.05,       586.15,                113242493.30,192190,N, ,6327,       619.40,       327.10
N,EQ,JAYAGROGN,JAYANT AGRO ORGANICS LTD,       219.16,       219.80,       219.80,       212.00,       213.00,                  1553684.64,7226,N, ,418,       265.00,       147.26
N,EQ,JAYBARMARU,JAY BHARAT MARUTI LTD,       134.37,       134.36,       137.50,       129.31,       132.78,                138982650.22,1041373,N, ,13887,       207.00,        74.15
N,SM,JAYBEE,JAY BEE LAMINATIONS LTD,        93.55,        92.10,        92.50,        88.25,        89.55,                  3246100.00,36000,N, ,69,       210.90,        70.00
N,SM,JAYESH,JAYESH LOGISTICS LIMITED,       124.45,       128.00,       128.00,       126.80,       127.45,                  7897800.00,62000,N, ,28,       200.00,       106.35
N,EQ,JAYKAY,JAYKAY ENTERPRISES LTD,       240.02,       241.50,       273.00,       236.40,       263.45,               1618166263.22,6198201,N, ,109384,       273.00,       115.52
N,E1,JAYKAYPP,JAYKAY RE.0.50 PPD UP,       193.11,       199.01,       220.98,       193.11,       213.51,                 24513414.22,115793,N, ,1083,       220.98,       154.10
N,EQ,JAYNECOIND,JAYASWAL NECO INDUSTR LTD,        94.45,        93.90,        96.00,        93.05,        95.24,                280646193.11,2969185,N, ,23657,       117.00,        64.40
N,EQ,JAYSREETEA,JAYSHREE TEA & INDUSTRIES,        85.74,        85.79,        86.90,        83.00,        83.41,                  1995791.87,23661,N, ,631,       112.70,        70.55
N,EQ,JBMA,JBM AUTO LIMITED,       555.65,       557.00,       557.00,       545.00,       547.00,                 77568228.65,141136,N, ,9241,       738.50,       477.00
N,EQ,JENBURPH,JENBURKT PHARMACEUTICAL L,       905.55,       902.70,       908.00,       886.80,       891.40,                  3751980.15,4187,N, ,270,      1073.90,       886.80
N,EQ,JETFREIGHT,JET FREIGHT LOGISTICS LTD,        19.80,        19.80,        19.98,        19.29,        19.72,                  1756072.70,89485,N, ,976,        25.95,        12.00
N,SM,JEYYAM,JEYYAM GLOBAL FOODS LTD,        21.90,        21.90,        22.45,        21.00,        22.25,                   437900.00,20000,N, ,10,        74.50,        19.80
N,SM,JFLLIFE,JFL LIFE SCIENCES LIMITED,         9.80,        10.20,        10.25,        10.20,        10.25,                   122700.00,12000,N, ,2,        15.40,         8.55
N,EQ,JGCHEM,J.G.CHEMICALS LIMITED,       665.45,       670.00,       677.20,       651.15,       654.95,                260894909.20,393554,N, ,16011,       688.00,       298.40
N,EQ,JINDALPHOT,JINDAL PHOTO LIMITED,      1024.80,      1012.00,      1040.00,      1012.00,      1032.80,                  1474725.10,1436,N, ,130,      1616.60,       971.10
N,EQ,JINDALPOLY,JINDAL POLY FILMS LIMITED,       658.35,       668.00,       670.95,       643.55,       653.25,                  4483498.85,6873,N, ,960,      1026.45,       365.00
N,EQ,JINDALSAW,JINDAL SAW LIMITED,       282.40,       282.40,       283.40,       278.15,       281.90,                195282892.00,693527,N, ,17465,       320.00,       153.00
N,EQ,JINDRILL,JINDAL DRILLING IND. LTD,       590.70,       590.70,       610.00,       590.70,       598.10,                119363506.75,198826,N, ,8111,       704.40,       440.10
N,EQ,JINDWORLD,JINDAL WORLDWIDE LTD,        45.39,        45.62,        46.17,        44.15,        44.83,                112983852.69,2495710,N, ,6324,        61.99,        17.85
N,EQ,JISLDVREQS,JAIN DVR EQUITY SHARES,        18.96,        19.34,        20.00,        18.52,        19.18,                   851097.89,43706,N, ,342,        34.00,        18.40
N,EQ,JISLJALEQS,JAIN IRRIGATION SYSTEMS,        26.65,        26.66,        29.35,        26.56,        27.95,                739538099.82,26460467,N, ,63631,        55.79,        26.11
N,EQ,JITFINFRA,JITF INFRALOGISTICS LTD,       275.10,       272.00,       283.95,       271.20,       278.30,                  5590254.65,20154,N, ,873,       433.15,       222.35
N,SM,JIWANRAM,JIWANRAM SHEODUTTRA IND L,         4.05,         4.05,         4.05,         4.05,         4.05,                    24300.00,6000,N, ,1,         7.50,         3.95
N,EQ,JKCEMENT,JK CEMENT LIMITED,      4960.00,      4960.00,      5081.50,      4952.00,      5047.00,                197753731.00,39360,N, ,10545,      6764.50,      4671.50
N,EQ,JKIL,JKUMAR INFR.LTD.,       448.30,       448.90,       449.95,       440.40,       442.20,                 49701829.30,112056,N, ,2931,       672.00,       425.00
N,EQ,JKIPL,JINKUSHAL INDUSTRIES LTD,        95.52,        95.52,       100.29,        95.05,       100.29,                  8421238.85,84237,N, ,195,       125.00,        45.40
N,EQ,JKLAKSHMI,JK LAKSHMI CEMENT LTD,       478.45,       479.85,       479.95,       469.10,       471.65,                 50674642.85,107094,N, ,13510,       884.95,       465.00
N,EQ,JKPAPER,JK PAPER LIMITED,       393.45,       393.45,       393.45,       378.65,       384.50,                172107992.60,449194,N, ,13352,       442.00,       304.85
N,EQ,JKTYRE,JK TYRE & INDUSTRIES LTD,       339.35,       339.85,       341.30,       333.05,       333.40,                253778969.20,756641,N, ,17477,       611.90,       333.05
N,EQ,JLHL,JUPITER LIFE LINE HOSP L,       253.85,       255.10,       255.90,       248.50,       250.00,                 17743021.25,70500,N, ,5195,      1625.00,       248.50
N,EQ,JMA,JULLUNDUR MOT AGENCY LTD,        86.92,        88.40,        89.50,        87.01,        88.69,                  1080426.20,12195,N, ,228,       103.70,        70.25
N,EQ,JMFINANCIL,JM FINANCIAL LIMITED,       124.00,       123.68,       125.34,       122.80,       124.92,                190424118.01,1531478,N, ,24258,       182.50,       112.00
N,EQ,JNKINDIA,JNK INDIA LIMITED,       440.95,       444.15,       452.45,       435.00,       444.75,                 61728742.15,138580,N, ,7683,       558.00,       200.92
N,EQ,JNPR,JUNIPER GREEN ENERGY LTD,       280.60,       281.10,       283.00,       275.75,       280.65,                230363355.80,822016,N, ,22969,       284.50,       232.11
N,EQ,JOCIL,JOCIL LIMITED,       148.47,       149.19,       155.00,       146.40,       149.04,                   375872.91,2527,N, ,55,       175.12,        91.25
N,EQ,JPOLYINVST,JIND POL INV & FIN CO LTD,       923.90,       923.90,       949.25,       890.10,       901.10,                  4206117.05,4656,N, ,756,      1487.70,       852.10
N,EQ,JPPOWER,JAIPRAKASH POWER VEN. LTD,        15.00,        15.00,        15.12,        14.73,        14.86,                659729901.70,44222342,N, ,833920,        24.50,        13.15
N,EQ,JSFB,JANA SMALL FIN BANK LTD,       499.85,       499.85,       509.40,       491.55,       500.10,                179202861.35,357814,N, ,19836,       606.95,       330.00
N,EQ,JSL,JINDAL STAINLESS LIMITED,       750.95,       751.00,       754.60,       730.05,       732.15,                401419023.50,546010,N, ,35220,       884.00,       652.25
N,EQ,JSLL,JEENA SIKHO LIFECARE LTD,       441.25,       444.80,       448.25,       407.25,       417.20,               1558868524.65,3700090,N, ,92073,       835.00,       407.25
N,EQ,JSWCEMENT,JSW CEMENT LIMITED,       113.20,       115.77,       116.40,       110.81,       112.14,                509148060.73,4530075,N, ,64864,       143.40,       106.65
N,EQ,JSWDULUX,JSW DULUX LIMITED,      3004.80,      3025.00,      3101.40,      2993.20,      3028.10,                 90320322.30,29702,N, ,7747,      3745.00,      2658.70
N,EQ,JSWENERGY,JSW ENERGY LIMITED,       494.90,       494.90,       494.90,       481.45,       485.45,               1139704867.35,2337109,N, ,37982,       617.35,       427.75
N,EQ,JSWHL,JSW HOLDINGS LIMITED,     11313.00,     11403.00,     11403.00,     11216.00,     11272.00,                 14505143.00,1285,N, ,669,     22790.00,     10530.00
N,EQ,JSWINFRA,JSW INFRASTRUCTURE LTD,       363.05,       355.00,       365.75,       351.05,       353.90,               1621820318.60,4533527,N, ,58186,       375.50,       233.42
N,EQ,JTEKTINDIA,JTEKT INDIA LIMITED,       115.38,       115.90,       115.90,       114.00,       114.46,                  6113648.55,53296,N, ,825,       171.31,       113.07
N,EQ,JTLIND,JTL INDUSTRIES LIMITED,        84.53,        84.60,        90.00,        82.03,        88.20,                664191653.47,7721553,N, ,43775,        94.00,        40.25
N,EQ,JUBLCPL,JUBILANT AGRI N CON PRO L,      2003.50,      1966.00,      2042.80,      1966.00,      1988.00,                  7744153.40,3874,N, ,783,      2753.10,      1460.00
N,EQ,JUBLFOOD,JUBILANT FOODWORKS LTD,       449.75,       455.55,       467.00,       455.55,       460.60,               1201209024.75,2597754,N, ,37387,       635.00,       408.55
N,EQ,JUBLINGREA,JUBILANT INGREVIA LIMITED,       644.25,       638.60,       647.10,       627.00,       642.55,                205541096.30,322660,N, ,20153,       795.00,       537.30
N,EQ,JUBLPHARMA,JUBILANT PHARMOVA LTD,       989.20,       991.20,       993.80,       971.00,       974.60,                 67931500.30,69406,N, ,11826,      1184.80,       786.05
N,EQ,JUNIPER,JUNIPER HOTELS LIMITED,       218.36,       222.00,       223.65,       215.21,       216.34,                 13618784.64,62425,N, ,1435,       286.50,       188.50
N,EQ,JUSTDIAL,JUSTDIAL LTD.,       658.95,       657.00,       664.45,       653.00,       657.40,                 33490963.35,50927,N, ,3179,       878.60,       480.50
N,EQ,JWL,JUPITER WAGONS LIMITED,       224.64,       223.67,       226.90,       221.80,       223.56,                107184965.91,478354,N, ,11226,       358.25,       218.45
N,EQ,JYOTHYLAB,JYOTHY LABS LIMITED,       183.32,       185.00,       193.95,       182.59,       191.44,                152825717.80,808049,N, ,19489,       325.00,       180.00
N,EQ,JYOTICNC,JYOTI CNC AUTOMATION LTD,      1073.10,      1075.00,      1081.00,      1056.00,      1071.00,                749054615.00,699558,N, ,30557,      1134.60,       580.10
N,SM,JYOTIGLOBL,JYOTI GLOBAL PLAST LTD,        44.20,        44.00,        44.70,        43.00,        43.85,                   700200.00,16000,N, ,7,        77.75,        27.05
N,EQ,JYOTIRES,JYOTI RESINS & ADHESIVE L,       849.60,       849.60,       850.00,       833.35,       842.95,                  4936028.70,5832,N, ,662,       911.00,       821.20
N,EQ,JYOTISTRUC,JYOTI STRUCTURES LTD,         8.94,         8.96,         9.26,         8.80,         9.03,                 26043884.49,2917830,N, ,2872,        15.49,         7.94
N,SM,K2INFRA,K2 INFRAGEN LIMITED,        40.10,        40.60,        40.60,        39.10,        39.10,                   595920.00,15000,N, ,25,        82.60,        38.25
N,EQ,KAJARIACER,KAJARIA CERAMICS LTD,      1213.80,      1217.70,      1254.50,      1201.20,      1226.20,                294015891.50,238403,N, ,20361,      1293.80,       869.60
N,EQ,KAKATCEM,KAKATIYA CEM SUGAR &IND L,       105.44,       105.44,       107.30,       104.45,       105.95,                   161917.63,1531,N, ,52,       165.55,        85.00
N,EQ,KALAMANDIR,SAI SILKS (KALAMANDIR) L,        77.36,        77.01,        77.55,        76.11,        77.01,                 16827266.57,218600,N, ,2776,       223.03,        73.10
N,SM,KALANA,KALANA ISPAT LIMITED,        17.95,        17.60,        17.60,        17.60,        17.60,                    35200.00,2000,N, ,1,        34.45,        15.10
N,EQ,KALPATARU,KALPATARU LIMITED,       269.80,       270.00,       270.00,       264.40,       267.30,                  6890825.10,25781,N, ,812,       410.70,       250.00
N,EQ,KALYANKJIL,KALYAN JEWELLERS IND LTD,       548.15,       547.40,       581.20,       542.55,       569.00,              10538872077.55,18559247,N, ,174682,       648.95,       327.05
N,EQ,KAMAHOLD,KAMA HOLDINGS LTD.,      2253.30,      2231.50,      2255.90,      2230.00,      2236.20,                   670738.00,299,N, ,86,      2783.90,      2172.30
N,EQ,KAMANWALA,KAMANWALA HOUSING CONST L,        17.40,        17.00,        17.00,        17.00,        17.00,                       34.00,2,N, ,2,        19.51,        13.55
N,EQ,KAMATHOTEL,KAMAT HOTELS (I) LTD,       258.82,       263.40,       266.39,       256.44,       262.89,                 32665297.53,124340,N, ,3797,       329.60,       140.20
N,EQ,KAMDHENU,KAMDHENU LIMITED,        37.31,        37.42,        39.50,        37.13,        38.08,                 69689043.87,1810766,N, ,8312,        43.70,        16.15
N,EQ,KAMOPAINTS,KAMDHENU VENTURES LIMITED,         4.11,         4.17,         4.17,         4.06,         4.07,                   441915.51,107923,N, ,485,         8.89,         3.60
N,EQ,KANANIIND,KANANI INDUSTRIES LTD,         1.35,         1.35,         1.36,         1.32,         1.33,                    99632.80,74612,N, ,319,         2.04,         1.02
N,EQ,KANCHI,KANCHI KARPOORAM LTD.,       371.65,       379.50,       380.00,       372.00,       378.15,                   234871.55,621,N, ,48,       463.35,       334.70
N,EQ,KANCOTEA,KANCO TEA & INDS. LTD.,        50.47,        52.99,        52.99,        50.99,        52.55,                    12853.04,252,N, ,7,        58.70,        46.20
N,SM,KANDARP,KANDARP DG SMART BPO LTD,        59.00,        60.80,        61.00,        59.95,        61.00,                  1394650.00,23000,N, ,10,       169.00,        54.15
N,EQ,KANOHAR,KANOHAR ELECTRICALS LTD,       942.50,      1030.00,      1131.00,      1011.20,      1091.05,              19989658166.40,18502805,N, ,543974,      1131.00,       685.10
N,EQ,KANPRPLA,KANPUR PLASTIPACK LIMITED,       250.90,       250.90,       257.00,       245.25,       250.96,                  2189111.22,8703,N, ,466,       283.14,       151.25
N,EQ,KANSAINER,KANSAI NEROLAC PAINTS LTD,       184.00,       183.11,       194.49,       180.63,       192.40,                344243234.22,1839514,N, ,37617,       264.00,       157.91
N,EQ,KAPSTON,KAPSTON SERVICES LIMITED,       547.25,       550.00,       550.00,       543.00,       545.45,                 15996646.50,29326,N, ,1169,       616.20,       245.00
N,EQ,KARAMTARA,KARAMTARA ENGINEERING L,       438.80,       443.00,       443.00,       412.40,       416.65,               1573398620.95,3685569,N, ,80718,       444.00,       320.00
N,EQ,KARMAENG,KARMA ENERGY LIMITED,        36.28,        37.00,        37.00,        34.60,        34.86,                   359578.71,10214,N, ,288,        66.25,        34.00
N,SM,KARNIKA,KARNIKA INDUSTRIES LTD,       120.95,       119.10,       122.45,       119.10,       120.20,                  2886150.00,24000,N, ,18,       186.00,        90.25
N,EQ,KARURVYSYA,KARUR VYSYA BANK LTD,       325.20,       326.10,       331.55,       320.70,       330.10,                823749970.50,2515356,N, ,62531,       358.65,       209.51
N,EQ,KAYNES,KAYNES TECHNOLOGY IND LTD,      3405.00,      3403.90,      3429.00,      3361.00,      3365.00,               2347515786.60,692436,N, ,45542,      7705.00,      2995.00
N,SM,KCEIL,KAY CEE ENERGY & INFRA L,        77.25,        78.00,        78.00,        75.25,        76.65,                  2861075.00,37500,N, ,56,       260.30,        74.00
N,EQ,KCP,KCP LTD,       154.41,       155.00,       155.87,       152.75,       154.33,                 29174363.91,189686,N, ,1951,       207.80,       125.00
N,EQ,KDDL,KDDL LIMITED,      3999.90,      3965.00,      4055.80,      3965.00,      3997.20,                 75666585.30,18883,N, ,5028,      4270.00,      1990.00
N,EQ,KDGREEN,KD GREEN INDUSTRIES LTD,        49.19,        52.99,        52.99,        48.50,        48.53,                  1757456.52,35828,N, ,420,        61.49,        45.81
N,SM,KDL,KORE DIGITAL LIMITED,        42.65,        40.55,        40.55,        40.55,        40.55,                   109485.00,2700,N, ,16,       225.30,        40.55
N,EQ,KEC,KEC INTL. LIMITED,       374.90,       375.00,       375.15,       362.00,       362.50,                627327940.25,1716962,N, ,40043,       893.00,       362.00
N,EQ,KECL,KIRLOSKAR ELECTRIC CO LTD,       128.11,       125.41,       131.50,       125.41,       129.04,                 35009101.90,272071,N, ,4439,       155.00,        75.47
N,EQ,KEEPLEARN,DSJ KEEP LEARNING LTD,         1.79,         1.81,         1.95,         1.70,         1.86,                   214975.69,116852,N, ,239,         3.21,         1.51
N,EQ,KEI,KEI INDUSTRIES LTD.,      4557.40,      4560.20,      4688.90,      4495.00,      4677.70,               1019208180.80,220874,N, ,22931,      5899.00,      3728.70
N,EQ,KELLTONTEC,KELLTON TECH SOL LTD,        12.41,        12.25,        12.42,        12.12,        12.15,                 11747455.62,960616,N, ,2817,        24.47,        12.10
N,SM,KEN,KEN ENTERPRISES LIMITED,        42.85,        42.85,        42.85,        40.00,        42.10,                   444960.00,10800,N, ,9,        50.15,        29.00
N,EQ,KENNAMET,KENNAMETAL INDIA LIMITED,      4268.60,      4243.30,      4301.80,      4168.90,      4180.90,                 49918034.10,11863,N, ,3901,      5136.00,      2712.40
N,EQ,KERNEX,KERNEX MICROSYS(I) LTD,      1749.70,      1754.90,      1779.50,      1702.10,      1767.50,                260986407.60,149534,N, ,14097,      2580.00,       850.00
N,EQ,KESORAMIND,KESORAM INDUSTRIES LTD,        10.76,        11.10,        11.15,        10.75,        10.81,                  4858785.08,445320,N, ,1347,        14.26,         4.55
N,EQ,KEYFINSERV,KEYNOTE FIN SERV LTD.,       241.53,       254.95,       254.95,       238.66,       240.00,                   338442.05,1376,N, ,59,       382.10,       220.00
N,EQ,KFINTECH,KFIN TECHNOLOGIES LIMITED,       863.80,       860.00,       871.70,       858.00,       858.00,                336196201.90,388798,N, ,35067,      1215.00,       784.95
N,EQ,KHAICHEM,KHAITAN CHEM & FERT LTD,        48.73,        49.00,        49.59,        48.11,        48.82,                  4307429.93,88182,N, ,1274,       132.90,        42.92
N,EQ,KHAITANLTD,KHAITAN (INDIA)LTD.,       145.60,       142.01,       159.00,       141.61,       150.76,                  1371879.33,9188,N, ,268,       178.00,        85.00
N,EQ,KHANDSE,KHANDWALA SECURITIES LTD,        16.97,        17.19,        17.20,        16.50,        17.16,                     3243.66,194,N, ,24,        25.50,        12.20
N,EQ,KICL,KALYANI INVEST CO LTD,      4808.30,      4810.00,      4932.30,      4810.00,      4881.90,                  7478843.40,1534,N, ,324,      6296.00,      4011.00
N,EQ,KILITCH,KILITCH DRUGS INDIA LTD,       260.70,       260.70,       267.90,       254.60,       256.25,                 47191734.82,180989,N, ,5026,       439.00,       117.25
N,EQ,KIMS,KRISHNA INST OF MED SCI L,       693.40,       700.00,       704.20,       686.10,       693.95,                481430345.05,692428,N, ,40780,       858.00,       575.80
N,EQ,KINGFA,KINGFA SCI & TEC IND LTD.,      6932.00,      6932.00,      6979.00,      6760.00,      6932.50,                 63063624.50,9197,N, ,3109,      6996.00,      3649.90
N,EQ,KIOCL,KIOCL LIMITED,       344.60,       339.30,       354.00,       337.80,       349.35,                 44401068.50,127933,N, ,6534,       634.55,       290.65
N,EQ,KIRANVYPAR,KIRAN VYAPAR LTD.,       177.05,       177.00,       212.46,       169.96,       191.35,                  4264373.20,22423,N, ,544,       221.78,       148.27
N,EQ,KIRIINDUS,KIRI INDUSTRIES LIMITED,       564.10,       561.70,       565.90,       553.70,       556.25,                202100696.45,361713,N, ,13536,       779.00,       333.80
N,EQ,KIRLFER,KIRLOSKAR FERROUS IND LTD,       472.75,       472.90,       478.00,       467.85,       473.80,                 32741283.10,69152,N, ,3875,       489.40,       428.00
N,EQ,KIRLOSBROS,KIRLOSKAR BROTHERS LTD,      1745.30,      1733.50,      1744.70,      1710.00,      1712.80,                 74574132.70,43337,N, ,7443,      2189.20,      1335.00
N,EQ,KIRLOSENG,KIRLOSKAR OIL ENG LTD,      2266.10,      2270.00,      2290.50,      2206.10,      2230.80,                814889104.60,364515,N, ,34531,      2720.00,       865.55
N,EQ,KIRLOSIND,KIRLOSKAR INDUSTRIES LTD,      3542.50,      3541.40,      3579.60,      3520.20,      3531.20,                 16509348.30,4656,N, ,1069,      4574.80,      2463.00
N,EQ,KIRLPNU,KIRLOSKAR PNEUMATIC COM L,       710.85,       713.40,       718.95,       691.75,       696.15,                 84855538.50,120760,N, ,10633,      2197.10,       667.85
N,EQ,KISSHT,ONEMI TECHNOLOGY SOL LTD,       383.10,       379.00,       387.40,       375.95,       377.35,                285083907.40,747467,N, ,25847,       388.15,       190.00
N,EQ,KITEX,KITEX GARMENTS LTD,       118.96,       118.90,       120.98,       116.66,       116.93,                 24777919.07,210532,N, ,3717,       232.70,       114.36
N,EQ,KJMCFIN,K J M C FINANCIAL SERV L,        59.03,        58.30,        61.97,        58.30,        58.45,                     7763.93,132,N, ,6,        84.50,        51.01
N,EQ,KKCL,KEWAL KIRAN CLOTHING LTD,       474.55,       474.60,       481.45,       472.00,       475.55,                 14900159.35,31242,N, ,1483,       568.45,       408.35
N,SM,KKJEWELS,KABRA JEWELS LIMITED,        99.90,        99.80,        99.80,        95.70,        96.10,                   676100.00,7000,N, ,7,       119.00,        72.10
N,EQ,KLBRENG-B,KILBURN ENGINEERING LTD.,       528.40,       533.00,       538.85,       514.05,       524.35,                 95259852.20,179670,N, ,7662,       544.85,       332.40
N,EQ,KMCSHIL,K M C SPECIALITY HOSP I L,       170.36,       172.50,       185.18,       170.36,       183.22,                247058994.65,1362750,N, ,22886,       185.18,       128.48
N,EQ,KMEW,KNOWLEDGE MARINE & EN W L,      3202.30,      3210.30,      3268.50,      3178.00,      3214.00,                297505854.20,92519,N, ,16324,      3758.50,      1409.00
N,EQ,KNACK,KNACK PACKAGING LIMITED,       197.34,       198.98,       214.80,       197.10,       211.86,                939468570.45,4515449,N, ,52425,       222.00,       171.10
N,EQ,KNAGRI,KN AGRI RESOURCES LIMITED,       205.00,       204.98,       208.00,       201.41,       205.90,                  1427378.11,6941,N, ,198,       244.00,       148.30
N,EQ,KNRCON,KNR CONSTRU LTD.,       115.65,       115.33,       116.50,       114.00,       115.72,                 56415601.75,489996,N, ,5144,       198.31,       108.65
N,EQ,KOHINOOR,KOHINOOR FOODS LIMITED,        28.89,        29.29,        29.65,        28.55,        29.42,                  3051903.44,104662,N, ,2550,        38.47,        19.20
N,EQ,KOKUYOCMLN,KOKUYO CAMLIN LIMITED,        74.57,        76.40,        76.40,        72.10,        73.00,                  4980565.73,68227,N, ,740,       110.89,        71.05
N,EQ,KOLTEPATIL,KOLTE PATIL DEV. LTD.,       433.55,       434.55,       438.00,       427.00,       435.90,                 14379019.10,33290,N, ,2086,       554.60,       292.25
N,EQ,KOPRAN,KOPRAN LTD,       269.60,       269.60,       279.50,       267.05,       276.50,                 82798168.35,300819,N, ,6512,       295.83,       107.00
N,EQ,KOTHARIPET,KOTHARI PETROCHEM LTD,       127.53,       128.13,       129.00,       125.44,       126.56,                  6946406.14,54672,N, ,1270,       155.47,        94.75
N,EQ,KOTHARIPRO,KOTHARI PRODUCTS LTD,        64.64,        64.64,        65.81,        63.50,        65.08,                   189645.75,2939,N, ,68,       100.42,        58.00
N,EQ,KOTIC,KOTHARI INDUSTRIAL CORP L,       147.33,       147.47,       147.47,       142.00,       143.91,                  5590831.00,38655,N, ,3065,       223.70,       123.12
N,EQ,KOTYARK,KOTYARK INDUSTRIES LTD,        29.98,        29.50,        31.80,        29.22,        31.10,                 16342871.49,539007,N, ,1669,       464.25,        24.55
N,EQ,KOVAI,KOVAI MEDICAL CENTER & HO,      5936.00,      5976.00,      5992.00,      5902.00,      5919.50,                 24629268.00,4156,N, ,785,      6444.00,      5700.50
N,EQ,KPEL,K.P. ENERGY LIMITED,       215.47,       215.51,       216.53,       212.00,       212.89,                 26750646.75,125317,N, ,3609,       463.25,       206.52
N,EQ,KPIGREEN,KPI GREEN ENERGY LIMITED,       326.80,       325.70,       341.50,       320.00,       334.45,                558997962.35,1691178,N, ,41034,       542.25,       271.90
N,EQ,KPIL,KALPATARU PROJECT INT LTD,      1451.50,      1456.90,      1468.70,      1431.60,      1458.40,                249461721.70,171837,N, ,18753,      1490.00,      1007.10
N,EQ,KPITTECH,KPIT TECHNOLOGIES LIMITED,       492.70,       493.90,       496.95,       483.40,       484.25,                503891940.25,1032082,N, ,23824,      1284.90,       483.40
N,EQ,KPL,KWALITY PHARMACEUTICALS L,      3745.00,      3783.90,      3783.90,      3642.10,      3681.20,                 79079484.60,21347,N, ,3924,      3949.00,      1561.00
N,EQ,KPRMILL,KPR MILL LTD.,      1100.40,      1101.00,      1114.90,      1088.60,      1101.30,                239474414.70,217508,N, ,17719,      1334.00,       796.10
N,EQ,KRBL,KRBL LIMITED,       389.15,       389.15,       400.00,       385.00,       398.20,                148255820.80,376596,N, ,13390,       452.80,       274.65
N,EQ,KREBSBIO,KREBS BIOCHEMICALS & IND,        58.86,        58.15,        61.97,        58.15,        59.72,                  1841479.93,30458,N, ,616,        76.85,        38.33
N,EQ,KRIDHANINF,KRIDHAN INFRA LIMITED,         1.88,         1.84,         1.90,         1.84,         1.86,                    15933.10,8557,N, ,30,         4.78,         1.79
N,EQ,KRISHANA,KRISHANA PHOSCHEM LIMITED,       193.66,       194.65,       194.65,       190.20,       191.38,                 79608613.74,413924,N, ,7512,       748.55,       126.25
N,SM,KRISHCA,KRISHCA STRAPPING SLTN L,       209.90,       210.00,       210.75,       206.50,       207.75,                  1148050.00,5500,N, ,11,       232.15,       138.00
N,EQ,KRISHIVAL,KRISHIVAL FOODS LIMITED,       404.45,       405.05,       406.00,       393.00,       397.40,                  2146966.75,5354,N, ,273,       508.00,       282.30
N,EQ,KRISHNADEF,KRISHNA DEF AND ALD IND L,      1312.30,      1310.00,      1310.00,      1230.00,      1242.10,                224273363.80,176515,N, ,14322,      1400.00,       665.00
N,EQ,KRITI,KRITI INDUSTRIES IND LTD,        60.03,        60.05,        61.00,        57.65,        59.07,                   486145.10,8290,N, ,254,       132.90,        53.00
N,EQ,KRITIKA,KRITIKA WIRES LIMITED,         4.95,         4.90,         4.98,         4.83,         4.95,                   369808.66,75321,N, ,337,         9.55,         4.50
N,EQ,KRITINUT,KRITI NUTRIENTS LIMITED,        72.61,        73.00,        73.79,        69.01,        70.15,                  1515759.50,21419,N, ,520,       102.99,        51.36
N,SM,KRMAYURVED,KRM AYURVEDA LIMITED,       291.80,       291.80,       291.80,       273.95,       275.00,                 40432400.00,145000,N, ,126,       343.95,       156.15
N,EQ,KRN,KRN HEAT EXCHANGE N REF L,      1462.30,      1457.40,      1518.00,      1454.00,      1484.20,                771259334.30,516318,N, ,35640,      1687.00,       589.80
N,EQ,KROSS,KROSS LIMITED,       253.20,       253.75,       269.90,       250.10,       263.90,                395620170.85,1500938,N, ,26491,       283.00,       150.52
N,EQ,KRSNAA,KRSNAA DIAGNOSTICS LTD,       552.70,       556.20,       556.20,       543.50,       548.10,                 18539505.45,33805,N, ,2145,       848.10,       515.00
N,RR,KRT,KNOWLEDGE REALTY TRUST,       112.40,       112.40,       112.70,       111.90,       112.24,                137521317.77,1224978,N, ,3509,       129.07,       107.80
N,EQ,KRYSTAL,KRYSTAL INTEGRATED SER L,       656.65,       647.80,       658.90,       641.25,       644.45,                  2099529.35,3241,N, ,376,       696.90,       500.00
N,EQ,KSB,KSB LIMITED,       809.10,       809.00,       814.30,       796.55,       801.50,                 57250403.00,71157,N, ,5726,      1028.30,       666.65
N,EQ,KSCL,KAVERI SEED CO. LTD.,       717.45,       717.55,       722.75,       705.65,       710.75,                 62035741.95,87226,N, ,4788,      1095.90,       685.00
N,EQ,KSE,KSE LTD.,       176.86,       180.00,       180.00,       174.60,       176.84,                  1017643.08,5761,N, ,264,       205.00,       173.00
N,EQ,KSHINTL,KSH INTERNATIONAL LIMITED,      1034.10,      1040.90,      1077.70,      1033.00,      1072.30,                361032354.40,340263,N, ,22206,      1198.00,       330.00
N,EQ,KSL,KALYANI STEELS LIMITED,       942.80,       938.00,       942.00,       924.00,       932.65,                 37488002.65,40147,N, ,3268,      1032.90,       574.00
N,EQ,KSOLVES,KSOLVES INDIA LIMITED,       248.96,       251.44,       254.79,       243.82,       246.44,                  7230857.97,29074,N, ,1603,       353.99,       237.50
N,EQ,KTKBANK,KARNATAKA BANK LIMITED,       324.25,       323.90,       329.30,       317.90,       326.45,                623764061.95,1917889,N, ,40762,       345.90,       170.26
N,EQ,KUANTUM,KUANTUM PAPERS LIMITED,        75.31,        75.31,        77.29,        75.00,        76.72,                  5214135.98,68656,N, ,1114,       112.20,        65.01
N,EQ,KUSUMGAR,KUSUMGAR LIMITED,       611.00,       616.60,       632.00,       604.75,       626.85,                116884930.00,187736,N, ,11600,       659.50,       533.00
N,EQ,KWIL,KWALITY WALL'S (INDIA) L,        38.29,        38.65,        38.85,        37.70,        38.06,                214559975.48,5607252,N, ,24362,        50.68,        22.24
N,EQ,LAGNAM,LAGNAM SPINTEX LIMITED,        73.59,        73.59,        74.00,        72.01,        72.26,                   182737.86,2483,N, ,24,        95.90,        58.60
N,EQ,LAHOTIOV,LAHOTI OVERSEAS LTD.,        39.12,        38.95,        40.00,        38.60,        39.90,                    95177.00,2408,N, ,50,        53.90,        34.06
N,EQ,LAKSHMIMIL,LAKSHMI MILLS CO. LTD.,      7733.50,      7734.00,      7734.00,      7600.00,      7715.00,                    61279.00,8,N, ,8,      8505.00,      7500.50
N,SM,LAKSHYA,LAKSHYA POWERTECH LIMITED,        93.05,        96.90,        97.70,        96.90,        97.70,                   935920.00,9600,N, ,12,       165.90,        73.15
N,EQ,LAL,LORENZINI APPARELS LTD,         8.50,         8.50,         8.75,         8.35,         8.61,                    99411.89,11575,N, ,81,        11.25,         5.56
N,EQ,LALITHAA,LALITHAA JEWELLERY MART L,       405.45,       407.00,       414.10,       392.25,       394.85,               1662814875.85,4147890,N, ,44934,       414.10,       240.35
N,EQ,LALPATHLAB,DR. LAL PATH LABS LTD.,      1964.20,      1952.50,      1970.00,      1930.70,      1945.10,                495385574.40,254536,N, ,32503,      3309.20,      1272.60
N,EQ,LAMBODHARA,LAMBODHARA TEXTILES LTD.,       135.95,       138.00,       138.00,       130.50,       133.74,                  1125236.61,8366,N, ,422,       154.50,        81.80
N,EQ,LANCER,LANCER CONTAINER LINES L,        11.28,        11.25,        11.34,        10.90,        10.98,                  2192398.17,198181,N, ,845,       230.00,        10.10
N,EQ,LANDMARK,LANDMARK CARS LIMITED,       480.60,       480.00,       485.00,       474.20,       480.95,                 32940777.80,68685,N, ,1957,       662.00,       339.50
N,EQ,LAOPALA,LA OPALA RG LIMITED,       159.07,       159.07,       159.90,       154.31,       155.04,                 15807278.26,100907,N, ,3234,       250.90,       153.01
N,EQ,LASERPOWER,LASER POWER & INFRA LTD,       278.80,       279.85,       287.80,       273.50,       284.55,                221218479.65,786184,N, ,11384,       343.50,       250.00
N,EQ,LATENTVIEW,LATENT VIEW ANALYTICS LTD,       233.28,       234.44,       235.99,       229.10,       230.08,                147630169.81,638016,N, ,7570,       517.50,       229.10
N,EQ,LATTEYS,LATTEYS INDUSTRIES LTD,        21.89,        22.10,        22.59,        21.35,        21.87,                  1548200.15,69991,N, ,261,        37.00,        15.79
N,EQ,LAURUSLABS,LAURUS LABS LIMITED,      2050.00,      2052.00,      2065.20,      2035.60,      2052.80,               3073199158.30,1499990,N, ,57089,      2065.20,       843.00
N,EQ,LAXMICOT,LAXMI COTSPIN LIMITED,        12.63,        12.89,        13.19,        12.77,        12.80,                    28511.25,2219,N, ,14,        24.44,        11.36
N,EQ,LAXMIDENTL,LAXMI DENTAL LIMITED,       190.53,       190.54,       198.00,       190.00,       197.12,                 20950720.17,107375,N, ,1888,       344.80,       155.88
N,EQ,LAXMIINDIA,LAXMI INDIA FINANCE LTD,       111.59,       112.10,       113.49,       110.00,       110.81,                  7253777.14,64905,N, ,1492,       159.59,        71.06
N,EQ,LCCPROJECT,LCC PROJECTS LIMITED,       144.08,       144.00,       145.90,       141.51,       143.97,                 99613547.75,694750,N, ,8117,       189.00,       138.80
N,EQ,LCL,LOHIA CORP LIMITED,       627.55,       630.10,       638.70,       613.25,       624.10,                376079611.45,599031,N, ,26734,       638.70,       461.00
N,EQ,LEAPIND,LEAP INDIA LIMITED,       142.48,       141.24,       150.59,       141.24,       148.03,                565156475.88,3817325,N, ,43106,       172.29,       128.55
N,EQ,LEMERITE,LE MERITE EXPORTS LIMITED,        19.80,        20.00,        20.30,        19.06,        19.26,                  2949585.94,151025,N, ,228,       537.85,        17.73
N,EQ,LEMONTREE,LEMON TREE HOTELS LTD,       110.12,       109.80,       113.55,       108.81,       112.52,                699688874.16,6232616,N, ,55804,       174.20,        99.61
N,EQ,LENSKART,LENSKART SOLUTIONS LTD,       684.85,       688.00,       691.95,       679.50,       681.30,               1254392350.25,1835430,N, ,53323,       725.00,       356.10
N,EQ,LEXUS,LEXUS GRANITO (INDIA) LTD,        10.81,        10.81,        10.99,         9.00,         9.48,                  2325953.90,242702,N, ,974,        39.25,         9.00
N,EQ,LFIC,LAKSHMI FIN IND CORP LTD,       130.42,       130.00,       131.00,       125.82,       129.00,                    60293.87,468,N, ,57,       224.85,       111.00
N,EQ,LGBBROSLTD,LG BALAKRISHNAN & BROS,      1657.80,      1657.80,      1724.90,      1644.10,      1715.80,                 38447317.40,22620,N, ,3950,      2048.00,      1314.90
N,EQ,LGEINDIA,LG ELECTRONICS INDIA LTD,      1758.60,      1757.40,      1790.00,      1751.50,      1780.30,                656727719.60,371600,N, ,36960,      1825.00,      1304.10
N,EQ,LGHL,LAXMI GOLDORNA HOUSE LTD,       213.69,       228.00,       228.00,       212.00,       215.12,                  7116131.13,33116,N, ,658,       948.75,       168.00
N,EQ,LIBAS,LIBAS CONSU PRODUCTS LTD,        11.51,        11.88,        11.99,        11.28,        11.55,                   184828.17,15851,N, ,173,        13.45,         9.02
N,EQ,LIBERTSHOE,LIBERTY SHOES LTD,       218.57,       218.57,       219.54,       215.11,       216.48,                  2457425.72,11336,N, ,440,       348.75,       210.50
N,EQ,LICHSGFIN,LIC HOUSING FINANCE LTD,       502.00,       503.45,       517.15,       497.20,       515.40,               1507943507.40,2958457,N, ,33894,       598.20,       458.90
N,EQ,LICI,LIFE INSURA CORP OF INDIA,       390.00,       390.00,       393.35,       382.50,       386.30,               1630861276.25,4216811,N, ,46238,       936.95,       382.50
N,EQ,LICMFGOLD,LIC MF - LIC GOLD ETF,       132.00,       131.65,       132.55,       131.65,       132.25,                 60315130.05,455323,N, ,521,     16200.00,       117.85
N,EQ,LIKHITHA,LIKHITHA INFRASTRUC LTD,       226.66,       225.01,       237.19,       224.41,       234.14,                 12368210.68,53476,N, ,1728,       272.00,       131.45
N,EQ,LINC,LINC LIMITED,        88.25,        86.20,        87.80,        86.05,        86.84,                  1922777.05,22189,N, ,394,       133.38,        85.01
N,EQ,LINCOLN,LINCOLN PHARMA LTD,       577.80,       580.65,       580.65,       561.15,       563.85,                 15299612.35,26964,N, ,2291,       770.00,       440.00
N,EQ,LINDEINDIA,LINDE INDIA LIMITED,      6152.50,      6119.00,      6119.00,      6065.00,      6094.00,                 38787518.50,6366,N, ,2100,      8049.00,      5673.00
N,EQ,LKPSEC,L K P SECURITIES LTD.,        14.30,        14.30,        14.30,        13.01,        13.65,                   241500.28,17851,N, ,146,        18.43,        13.01
N,SM,LLOYDS,LLOYDS LUXURIES LIMITED,        62.00,        59.00,        60.60,        58.90,        59.50,                   533600.00,9000,N, ,9,        98.90,        34.80
N,EQ,LLOYDSENGG,LLOYDS ENGG WORK LIMITED,       101.15,       101.35,       103.40,       100.05,       101.10,               1075721144.46,10569722,N, ,43541,       104.20,        37.40
N,EQ,LLOYDSENT,LLOYDS ENTERPRISES LTD,        78.83,        78.66,        79.80,        77.72,        78.98,                147276805.70,1865814,N, ,12327,        84.70,        40.69
N,EQ,LLOYDSME,LLOYDS METALS N ENERGY L,      1858.20,      1853.60,      1854.70,      1827.00,      1844.50,                463224605.70,251085,N, ,23048,      2125.00,      1042.90
N,EQ,LMW,LMW LIMITED,     16910.00,     16999.00,     17350.00,     16600.00,     16819.00,                 47358321.00,2818,N, ,1208,     20151.00,     11920.00
N,EQ,LODHA,LODHA DEVELOPERS LIMITED,      1135.60,      1129.90,      1141.00,      1109.40,      1109.40,               2161278503.30,1923289,N, ,44468,      1344.95,       650.80
N,EQ,LOKESHMACH,LOKESH MACHINES LTD,       455.70,       446.90,       475.00,       445.00,       465.45,                117957732.05,252924,N, ,8011,       475.00,       138.96
N,EQ,LORDSCHLO,LORDS CHLORO ALKALI LTD,       139.21,       140.00,       140.59,       137.00,       139.50,                  1542388.40,11087,N, ,318,       233.00,       108.00
N,EQ,LOTUSCHO,LOTUS CHOCOLATE CO. LTD.,       579.65,       590.00,       693.50,       581.90,       646.85,                 68772182.95,106548,N, ,5645,       693.50,       526.10
N,EQ,LOTUSEYE,LOTUS EYE HOSP & INST L,       115.37,       115.00,       116.89,       114.10,       114.84,                   374156.23,3251,N, ,180,       147.00,        97.59
N,EQ,LOVABLE,LOVABLE LINGERIE LTD,        69.00,        71.00,        71.00,        68.56,        68.73,                   170993.02,2482,N, ,121,       101.95,        55.00
N,EQ,LOYALTEX,LOYAL TEXTILE MILLS LTD,       207.00,       207.00,       209.00,       205.20,       208.02,                    89103.90,432,N, ,7,       333.99,       170.04
N,EQ,LPDC,LANDMARK PR.DEV.CO.LTD,         6.23,         6.35,         6.35,         6.18,         6.25,                    74930.53,11999,N, ,122,         9.46,         5.23
N,SM,LRRPL,LEAD REC AND RUB PROD LTD,       100.70,        95.70,        96.00,        95.70,        95.70,                  1436250.00,15000,N, ,10,       113.60,        59.15
N,EQ,LTF,L&T FINANCE LIMITED,       264.40,       264.00,       266.75,       258.85,       260.25,               1833668100.15,7005951,N, ,59785,       338.60,       234.90
N,EQ,LTFOODS,LT FOODS LIMITED,       408.15,       408.05,       421.90,       407.35,       418.20,                202278448.45,487332,N, ,19471,       490.70,       333.15
N,EQ,LTTS,L&T TECHNOLOGY SER. LTD.,      3246.00,      3246.00,      3291.00,      3216.60,      3252.10,                150899169.00,46255,N, ,8565,      4726.00,      3010.00
N,EQ,LUMAXIND,LUMAX INDUSTRIES LTD,      5435.50,      5434.50,      5464.50,      5370.50,      5401.50,                 40296429.50,7449,N, ,2356,      6934.50,      4480.00
N,EQ,LUMAXTECH,LUMAX AUTO TECH LTD,      1856.90,      1862.90,      1900.90,      1810.00,      1849.20,                377148587.80,202771,N, ,28176,      2190.00,      1120.00
N,EQ,LUMINO,LUMINO INDUSTRIES LIMITED,       101.67,       101.60,       109.60,       101.50,       108.90,               1490814696.23,13878425,N, ,76377,       122.00,        94.50
N,EQ,LUPIN,LUPIN LIMITED,      2029.30,      2029.30,      2030.80,      2001.50,      2012.90,               1586463136.30,787301,N, ,43331,      2529.50,      1900.00
N,EQ,LUXIND,LUX INDUSTRIES LIMITED,      1177.00,      1177.90,      1200.00,      1142.90,      1157.50,                 27371304.80,23431,N, ,2966,      1823.35,       824.05
N,EQ,LXCHEM,LAXMI ORGANIC INDUS LTD,       188.86,       188.10,       193.77,       185.30,       190.35,                382959128.04,2013189,N, ,35588,       215.01,       107.60
N,EQ,M&MFIN,M&M FIN. SERVICES LTD,       327.75,       327.40,       331.00,       319.90,       321.75,                666178602.50,2047176,N, ,75629,       415.00,       272.00
N,EQ,MAANALU,MAAN ALUMINIUM LIMITED,       105.03,       104.00,       105.34,       102.00,       103.99,                  4881191.74,47078,N, ,855,       184.74,        96.00
N,SM,MACOBSTECH,MACOBS TECHNOLOGIES LTD,       203.70,       198.00,       205.40,       196.00,       205.05,                 12875640.00,63200,N, ,23,       249.00,       189.95
N,EQ,MACPOWER,MACPOWER CNC MACHINES LTD,      2090.10,      2090.10,      2108.90,      2030.00,      2062.90,                 56355017.70,27342,N, ,4132,      2251.00,       761.00
N,EQ,MADHAV,MADHAV MARBLE & GRANITE,        33.93,        34.90,        34.90,        33.60,        33.62,                    28891.47,847,N, ,43,        46.79,        29.00
N,EQ,MADHAVIPL,MADHAV INFRA PROJECTS L,         7.35,         7.48,         7.48,         7.20,         7.39,                   354522.92,48422,N, ,175,         9.90,         6.93
N,EQ,MADHUCON,MADHUCON PROJECTS LTD.,         3.96,         4.00,         4.05,         3.85,         3.93,                    98347.91,25147,N, ,100,         8.28,         3.61
N,SM,MADHURKNIT,MADHUR KNIT CRAFTS LTD,        55.10,        55.20,        57.90,        54.15,        57.45,                  1547220.00,27600,N, ,22,       100.00,        43.35
N,EQ,MADRASFERT,MADRAS FERTILISERS LTD,        58.98,        58.98,        59.30,        58.64,        58.89,                   729080.84,12364,N, ,423,        86.40,        52.56
N,EQ,MAFATIND,MAFATLAL INDUSTRIES LTD.,       115.64,       115.85,       116.70,       115.11,       115.95,                  2321263.06,20020,N, ,548,       157.77,       106.41
N,EQ,MAGADSUGAR,MAGADH SUGAR & ENERGY LTD,       552.45,       554.35,       570.00,       552.05,       562.30,                 29351351.85,52127,N, ,3378,       634.95,       417.00
N,EQ,MAGNUM,MAGNUM VENTURES LTD.,        18.19,        18.37,        18.37,        18.11,        18.18,                    84006.65,4625,N, ,37,        28.00,        16.25
N,EQ,MAHABANK,BANK OF MAHARASHTRA,        80.80,        80.80,        84.50,        79.89,        84.15,               1727710272.56,20883267,N, ,68940,        94.50,        54.66
N,EQ,MAHAPEXLTD,MAHA RASHTRA APEX COPR. L,        50.84,        50.00,        52.98,        50.00,        51.66,                   115418.14,2223,N, ,44,       139.94,        42.00
N,EQ,MAHEPC,MAHINDRA EPC IRRIG LTD,        98.97,        98.97,        99.80,        96.61,        98.37,                   761184.38,7692,N, ,328,       153.78,        91.91
N,EQ,MAHESHWARI,MAHESHWARI LOGISTICS LTD.,        71.44,        71.44,        71.44,        70.25,        71.20,                   195981.36,2771,N, ,31,        76.81,        39.04
N,SM,MAHICKRA,MAHICKRA CHEMICAL LIMITED,       280.00,       270.00,       293.00,       270.00,       281.50,                   422250.00,1500,N, ,2,       314.50,       131.00
N,EQ,MAHLIFE,MAHINDRA LIFESPACE DEVLTD,       352.20,       356.95,       360.95,       348.50,       351.10,                 91696709.10,259250,N, ,11365,       427.05,       286.80
N,EQ,MAHLOG,MAHINDRA LOGISTIC LIMITED,       415.05,       415.70,       419.30,       407.55,       411.15,                 48713911.30,118205,N, ,7334,       450.00,       275.05
N,EQ,MAHSCOOTER,MAHARASHTRA SCOOTERS LTD,     12315.00,     12300.00,     12376.00,     12180.00,     12242.00,                 66257861.00,5400,N, ,2298,     14125.00,     10901.00
N,EQ,MAHSEAMLES,MAHARASHTRA SEAMLESS LTD,       685.70,       682.50,       698.90,       671.70,       692.75,                253382871.60,368489,N, ,30634,       768.00,       500.70
N,EQ,MAITHANALL,MAITHAN ALLOYS LTD,       911.00,       915.00,       922.95,       904.00,       905.75,                 31434967.45,34492,N, ,2629,      1210.10,       831.20
N,SM,MAITREYA,MAITREYA MEDICARE LIMITED,       113.50,       117.00,       118.50,       117.00,       118.10,                   282960.00,2400,N, ,6,       292.95,       103.10
N,EQ,MAKERSL,MAKERS LABORATORIES LTD.,       183.00,       183.00,       185.80,       178.61,       179.21,                    64144.44,351,N, ,18,       236.00,       150.00
N,EQ,MALLCOM,MALLCOM (INDIA) LIMITED,       903.30,       903.30,       925.00,       898.00,       902.10,                  2516968.75,2789,N, ,273,      1520.00,       892.20
N,EQ,MALUPAPER,MALU PAPER MILLS LIMITED,        32.40,        32.50,        32.97,        30.20,        31.08,                   933378.11,30035,N, ,308,        44.11,        27.00
N,EQ,MAMATA,MAMATA MACHINERY LIMITED,       395.65,       395.50,       397.95,       390.05,       395.95,                 28499895.45,72502,N, ,2696,       463.45,       297.00
N,EQ,MANAKALUCO,MANAK ALUMINIUM CO. LTD.,        33.24,        33.24,        33.87,        32.00,        32.21,                  2753451.95,84982,N, ,697,        68.12,        21.73
N,EQ,MANAKCOAT,MAN COAT METAL & IND LTD,       129.32,       130.89,       133.19,       128.10,       129.25,                 25348794.02,194836,N, ,2489,       182.82,        94.20
N,EQ,MANAKSIA,MANAKSIA LTD.,        59.05,        59.50,        59.50,        57.96,        58.26,                  1148050.40,19558,N, ,423,        73.40,        42.10
N,EQ,MANALIPETC,MANALI PETROCHEMICALS LT,        92.36,        93.00,        93.00,        87.70,        90.48,                356004064.03,3975432,N, ,22075,        93.00,        39.13
N,EQ,MANAPPURAM,MANAPPURAM FINANCE LTD,       310.20,       310.20,       315.90,       308.00,       308.90,               1372227933.25,4398209,N, ,29911,       381.55,       245.15
N,EQ,MANBA,MANBA FINANCE LIMITED,       141.35,       142.15,       142.40,       139.20,       141.74,                  6896130.13,48842,N, ,702,       154.00,        98.00
N,EQ,MANCREDIT,MANGAL CREDIT N FINCORP L,       231.90,       239.99,       244.07,       236.00,       240.56,                 28855451.38,119524,N, ,1530,       287.27,       152.06
N,SM,MANDEEP,MANDEEP AUTO INDUSTRIES L,        18.40,        18.30,        18.30,        18.00,        18.00,                   182400.00,10000,N, ,3,        26.95,        16.15
N,EQ,MANGALAM,MANGALAM DRUG & CHEM LTD,        31.86,        32.49,        33.95,        31.60,        33.09,                  2597448.16,78218,N, ,739,        73.50,        22.80
N,EQ,MANGLMCEM,MANGALAM CEMENT LTD,       988.10,       991.70,      1000.45,       961.65,       971.10,                 49536943.55,50762,N, ,2912,      1120.00,       679.35
N,EQ,MANIKA,MANIKA PLASTECH LIMITED,        51.52,        53.50,        61.00,        42.00,        58.64,                992514191.93,18085851,N, ,86325,        61.00,        39.71
N,SM,MANILAM,MANILAM INDUSTRIES IND L,        34.85,        35.00,        35.00,        35.00,        35.00,                    70000.00,2000,N, ,1,        67.00,        32.50
N,EQ,MANINDS,MAN INDUSTRIES (I) LTD.,       922.05,       922.00,       929.00,       890.05,       905.75,                304759019.10,333776,N, ,17944,      1039.70,       302.05
N,EQ,MANINFRA,MAN INFRA LTD,       123.24,       123.00,       123.36,       121.20,       122.52,                 93372666.46,764088,N, ,4101,       150.02,        77.12
N,EQ,MANIPALHOS,MANIPAL HEALTH ENTERPRI L,       690.50,       691.15,       704.65,       677.00,       699.15,                307545732.20,443752,N, ,21681,       815.00,       625.45
N,EQ,MANKIND,MANKIND PHARMA LIMITED,      2500.00,      2500.90,      2530.00,      2480.10,      2500.00,                607628070.80,242210,N, ,23054,      2642.00,      1909.70
N,EQ,MANOMAY,MANOMAY TEX INDIA LTD,       240.14,       242.99,       244.96,       234.00,       236.90,                 44531294.86,186922,N, ,7098,       259.88,       160.25
N,EQ,MANORAMA,MANORAMA INDUSTRIES LTD,      1985.60,      1999.80,      2043.00,      1987.10,      1996.00,                354282907.40,175806,N, ,16462,      2149.50,      1060.60
N,EQ,MANORG,MANGALAM ORGANICS LIMITED,       436.10,       449.00,       449.00,       434.10,       438.00,                  2674805.65,6074,N, ,251,       635.00,       356.25
N,EQ,MANYAVAR,VEDANT FASHIONS LIMITED,       505.40,       507.40,       509.85,       491.65,       500.20,                138287495.50,276295,N, ,29585,       705.00,       329.20
N,EQ,MAPMYINDIA,C.E. INFO SYSTEMS LIMITED,       896.60,       895.00,       904.80,       888.00,       896.00,                 48299827.30,53855,N, ,4844,      1998.00,       795.00
N,EQ,MARALOVER,MARAL OVERSEAS LTD,        57.99,        59.70,        59.70,        57.40,        58.48,                   220778.14,3783,N, ,97,        68.89,        34.11
N,EQ,MARATHON,MARATHON NXTGEN REALT LTD,       374.60,       376.45,       382.25,       369.00,       377.70,                 33082952.55,88066,N, ,2628,       678.05,       344.05
N,SM,MARCO,MARCO CABLE & CONDUCTOR L,        28.90,        28.00,        29.00,        28.00,        29.00,                   127500.00,4500,N, ,3,        44.50,        26.60
N,EQ,MARICO,MARICO LIMITED,       794.15,       794.00,       795.80,       783.40,       787.25,                839072851.20,1064427,N, ,48101,       889.10,       703.95
N,EQ,MARINE,MARINE ELECTRICAL (I) LTD,       478.85,       476.70,       490.85,       471.10,       476.40,                679221447.40,1413767,N, ,34955,       490.85,       150.86
N,EQ,MARKOLINES,MARKOLINES PAVEMENT TEC L,       170.41,       170.66,       171.44,       166.23,       169.60,                 31762011.21,187834,N, ,1423,       191.75,       131.65
N,EQ,MARKSANS,MARKSANS PHARMA LIMITED,       324.40,       325.80,       329.00,       318.45,       325.45,                697912929.05,2155353,N, ,41518,       350.95,       155.00
N,EQ,MARSONS,MARSONS LIMITED,       119.24,       123.00,       138.95,       122.38,       132.45,               2510113620.59,19136401,N, ,147584,       175.40,       100.25
N,EQ,MASFIN,MAS FINANCIAL SERV LTD,       266.90,       264.30,       286.65,       263.90,       270.25,                275355873.05,1010890,N, ,15871,       358.85,       263.90
N,EQ,MASKINVEST,MASK INVESTMENTS LIMITED,       147.49,       144.99,       145.00,       144.99,       144.99,                     2899.90,20,N, ,2,       246.09,       114.94
N,SM,MASON,MASON INFRATECH LIMITED,       104.35,       104.05,       105.00,       100.00,       101.00,                  2752525.00,27000,N, ,36,       220.00,       100.00
N,EQ,MASTEK,MASTEK LTD,      1616.30,      1619.00,      1640.70,      1598.10,      1624.90,                 83398688.50,51331,N, ,9128,      2369.00,      1334.20
N,SM,MASTER,MASTER COMPONENTS LIMITED,       410.50,       415.00,       415.00,       415.00,       415.00,                   622500.00,1500,N, ,3,       502.00,       282.50
N,EQ,MASTERTR,MASTER TRUST LIMITED,        82.62,        82.52,        91.34,        81.51,        82.94,                141087023.13,1651954,N, ,14412,       164.50,        55.60
N,EQ,MATRIMONY,MATRIMONY.COM LIMITED,       509.60,       512.95,       527.95,       507.85,       517.50,                  7785304.85,14894,N, ,762,       573.00,       364.05
N,EQ,MAWANASUG,MAWANA SUGARS LIMITED,       147.89,       147.98,       155.50,       147.32,       151.66,                 80453835.18,526482,N, ,9433,       164.00,        75.08
N,EQ,MAXESTATES,MAX ESTATES LIMITED,       564.95,       569.90,       570.05,       548.00,       550.50,                 31482919.10,56627,N, ,3576,       652.80,       305.45
N,EQ,MAXIND,MAX INDIA LIMITED,       165.84,       165.90,       165.99,       160.25,       162.27,                  5527639.80,33743,N, ,1183,       225.01,       120.00
N,SM,MAXPOSURE,MAXPOSURE LIMITED,        35.00,        35.00,        35.00,        33.60,        34.60,                   103200.00,3000,N, ,3,        56.15,        28.50
N,SM,MAXVOLT,MAXVOLT ENERGY INDUS L,       440.75,       433.05,       459.75,       432.10,       442.60,                 25675300.00,57600,N, ,137,       509.00,       243.00
N,SM,MAYASHEEL,MAYASHEEL VENTURES LTD,        36.20,        33.00,        34.85,        33.00,        33.00,                   805800.00,24000,N, ,8,        85.00,        32.80
N,EQ,MAYURUNIQ,MAYUR UNIQUOTERS LTD,       761.15,       760.95,       767.40,       748.00,       762.85,                 59827629.20,78870,N, ,5104,       907.00,       471.20
N,EQ,MBAPL,MADHYA BHARAT AGRO P. LTD,       166.95,       167.00,       169.15,       165.21,       168.02,                 57277857.53,341290,N, ,5195,       610.90,       109.75
N,EQ,MBEL,M AND B ENGINEERING LTD,       255.41,       255.00,       300.74,       250.26,       290.60,               2048103159.19,7111495,N, ,91332,       535.90,       223.05
N,EQ,MBLINFRA,MBL INFRASTRUCTURE LTD,        25.05,        25.88,        25.94,        24.70,        25.06,                  2660479.11,104724,N, ,522,        45.60,        18.37
N,EQ,MCCHRLS-B,MAC CHARLES (INDIA) LTD.,       674.25,       665.00,       688.00,       658.20,       672.55,                   490788.50,737,N, ,19,       799.00,       580.00
N,EQ,MCL,M TEK COPPER LIMITED,        54.82,        56.00,        56.00,        54.13,        55.27,                  2850323.77,51630,N, ,1628,        93.20,        42.00
N,EQ,MCLEODRUSS,MCLEOD RUSSEL INDIA LTD.,        42.60,        42.01,        43.36,        41.71,        42.00,                  6674001.00,156711,N, ,971,        78.41,        28.50
N,EQ,MCLOUD,MAGELLANIC CLOUD LIMITED,        24.85,        24.98,        25.20,        24.60,        24.76,                 29684379.25,1192358,N, ,2563,        78.19,        19.40
N,SM,MCON,MCON RASAYAN INDIA LTD,        39.95,        39.90,        40.90,        39.00,        40.90,                   640250.00,16000,N, ,13,        79.95,        37.30
N,EQ,MCX,MULTI COMMODITY EXCHANGE,      3310.00,      3305.00,      3374.60,      3267.80,      3362.60,               7902332808.50,2369566,N, ,151038,     11219.00,      2068.50
N,EQ,MEDANTA,GLOBAL HEALTH LIMITED,      1300.80,      1300.00,      1300.10,      1258.80,      1294.10,                591988285.30,463494,N, ,43832,      1544.00,       956.00
N,EQ,MEDIASSIST,MEDI ASSIST HEALTH SER L,       306.25,       306.45,       307.05,       298.40,       300.00,                 73864840.85,245485,N, ,13231,       575.55,       291.25
N,EQ,MEDICO,MEDICO REMEDIES LIMITED,        22.17,        22.50,        22.56,        21.85,        22.37,                  4800451.91,215603,N, ,1146,        56.88,        20.47
N,EQ,MEDPLUS,MEDPLUS HEALTH SERV LTD,       651.45,       654.00,       654.00,       641.75,       647.30,                 35226912.60,54469,N, ,6679,      1022.20,       640.10
N,EQ,MEESHO,MEESHO LIMITED,       238.22,       236.99,       240.34,       234.00,       236.52,               3201537763.31,13483541,N, ,85654,       254.40,       125.56
N,SM,MEGAFLEX,MEGA FLEX PLASTICS LTD,       120.25,       123.00,       123.00,       123.00,       123.00,                   123000.00,1000,N, ,1,       155.05,        43.50
N,EQ,MEGASTAR,MEGASTAR FOODS LIMITED,       289.97,       291.41,       312.99,       288.27,       309.06,                  5123842.82,16694,N, ,650,       392.00,       204.40
N,SM,MEGATHERM,MEGATHERM INDUCTION LTD,       245.90,       250.00,       254.40,       245.00,       248.65,                  3897420.00,15600,N, ,34,       290.00,       170.00
N,EQ,MEIL,MANGAL ELECTRICAL IND L,       263.45,       262.40,       275.60,       260.25,       274.40,                 13068736.55,48196,N, ,1942,       495.00,       206.26
N,EQ,MENONBE,MENON BEARINGS LIMITED,       304.95,       309.65,       313.75,       294.00,       301.45,                 68399435.60,224158,N, ,4864,       330.00,       101.50
N,EQ,MERCANTILE,MERCANTILE VENTURES LTD.,        22.85,        22.85,        22.85,        21.80,        22.33,                    13614.56,614,N, ,16,        31.90,        19.00
N,EQ,MERCURYEV,MERCURY EV-TECH LIMITED,        36.97,        37.49,        39.29,        36.80,        37.88,                 13896530.11,366184,N, ,3732,        44.05,        30.16
N,EQ,METROBRAND,METRO BRANDS LIMITED,       818.85,       827.00,       827.40,       807.00,       825.10,                 20948900.70,25599,N, ,4096,      1283.00,       807.00
N,EQ,METROGLOBL,METROGLOBAL LTD.,       130.00,       130.00,       132.00,       127.21,       132.00,                    12035.06,93,N, ,14,       165.00,       110.00
N,EQ,METROPOLIS,METROPOLIS HEALTHCARE LTD,       552.65,       550.00,       550.00,       539.15,       541.45,                 64946249.45,119688,N, ,6549,      2160.00,       412.25
N,EQ,MFML,MAHALAXMI FABRIC MILLS LT,        19.19,        19.46,        19.46,        18.31,        18.39,                    59242.78,3198,N, ,77,        31.30,        16.75
N,EQ,MFSL,MAX FINANCIAL SERV LTD,      1361.00,      1355.80,      1358.00,      1331.30,      1345.10,               1069244389.20,795124,N, ,35169,      1892.50,      1330.20
N,EQ,MGEL,MANGALAM GLOBAL ENT LTD,        15.78,        15.75,        16.03,        15.53,        15.71,                  1026430.66,65032,N, ,270,        18.17,         9.53
N,EQ,MGL,MAHANAGAR GAS LTD.,      1039.80,      1035.00,      1058.90,      1034.90,      1041.60,                 83872606.20,80050,N, ,12065,      1335.40,       900.00
N,SM,MGSL,MATRIX GEO SOLUTIONS LTD,        58.95,        58.50,        60.95,        58.50,        58.60,                  1143720.00,19200,N, ,16,       120.00,        52.50
N,EQ,MHRIL,MAHINDRA HOLIDAYS LTD,       196.71,       197.20,       197.20,       193.61,       195.07,                  6099926.08,31279,N, ,1950,       353.00,       188.21
N,EQ,MIDHANI,MISHRA DHATU NIGAM LTD,       462.35,       458.35,       462.00,       452.60,       458.70,                431514275.70,942710,N, ,24571,       482.40,       266.65
N,EQ,MIDWESTLTD,MIDWEST LIMITED,      1006.20,      1049.00,      1100.00,      1030.00,      1067.15,                217680894.55,203806,N, ,11857,      1859.90,       860.00
N,EQ,MIIL,MEGHNA INFRACON INFRA L,       675.50,       680.05,       686.95,       661.00,       667.50,                 28013016.35,41690,N, ,1086,       742.90,       640.50
N,EQ,MINDACORP,MINDA CORPORATION LTD,       659.60,       657.00,       657.00,       636.80,       639.45,                180977989.00,280732,N, ,9427,       769.00,       468.50
N,RR,MINDSPACE,MINDSPACE BUSINESS P REIT,       496.63,       495.76,       498.80,       491.51,       493.59,                 83426496.64,168489,N, ,11055,       525.50,       441.01
N,EQ,MINDTECK,MINDTECK (INDIA) LIMITED,       143.72,       145.00,       146.90,       137.59,       140.12,                 12787181.75,90917,N, ,2096,       307.68,       137.59
N,EQ,MIRZAINT,MIRZA INTERNATIONAL LIMIT,        27.72,        27.40,        28.04,        27.40,        27.85,                   888134.44,31847,N, ,378,        43.30,        24.95
N,EQ,MITCON,MITCON CON & ENG SER LTD,        79.35,        79.35,        79.98,        76.74,        78.49,                   432854.48,5529,N, ,89,        92.84,        49.56
N,EQ,MITTAL,MITTAL LIFE STYLE LIMITED,         0.71,         0.71,         0.73,         0.71,         0.72,                   286813.76,400267,N, ,215,         1.58,         0.68
N,EQ,MKEXIM,M K EXIM (INDIA) LTD.,        64.59,        65.88,        65.88,        61.50,        62.00,                   537156.04,8508,N, ,95,        72.00,        45.70
N,EQ,MKPL,M K PROTEINS LIMITED,         3.99,         4.04,         4.05,         3.77,         3.93,                   980180.07,250065,N, ,500,         7.31,         3.56
N,EQ,MLKFOOD,MILKFOOD LTD.,        84.66,        85.00,        86.00,        84.00,        85.70,                   418986.26,4910,N, ,81,        93.00,        71.02
N,SM,MMEL,MOVING MEDIA ENTER LTD,        27.00,        25.50,        25.50,        25.50,        25.50,                    51000.00,2000,N, ,1,        68.00,        20.00
N,EQ,MMFL,MM FORGINGS LTD,       579.15,       579.45,       583.10,       560.00,       566.05,                 20861026.95,36751,N, ,2543,       687.95,       288.10
N,EQ,MMP,MMP INDUSTRIES LIMITED,       480.55,       485.00,       504.00,       470.60,       498.80,                 94279013.80,191291,N, ,9551,       504.00,       185.20
N,EQ,MMTC,MMTC LIMITED,        57.01,        57.46,        57.46,        55.96,        56.20,                 36691818.06,650861,N, ,6963,        78.35,        50.10
N,EQ,MMWL,MEDIA MATRIX WORLDWIDE L,        17.14,        17.99,        17.99,        17.99,        17.99,                   416954.23,23177,N, ,39,        17.99,         9.02
N,EQ,MOBIKWIK,ONE MOBIKWIK SYSTEMS LTD,       242.14,       260.00,       265.80,       247.00,       256.08,              19251786642.39,74766600,N, ,557440,       296.70,       151.46
N,EQ,MODINATUR,MODI NATURALS LIMITED,       317.50,       319.90,       326.70,       295.00,       299.60,                  6698516.45,21897,N, ,684,       524.80,       252.30
N,EQ,MODIRUBBER,MODI RUBBER LTD,       118.58,       122.49,       122.50,       118.40,       118.87,                   322122.29,2663,N, ,42,       167.50,        98.41
N,EQ,MODIS,MODIS NAVNIRMAN LTD,       380.85,       381.10,       385.00,       375.65,       382.80,                  6163282.35,16179,N, ,489,       429.05,       276.00
N,EQ,MODTHREAD,MODERN THREADS INDIA LTD,        48.99,        46.98,        50.98,        45.20,        45.21,                   107838.29,2248,N, ,49,        65.65,        41.56
N,EQ,MOGOLD,MOTILALAMC - MOGOLD,       145.35,       145.90,       145.90,       144.70,       144.95,                  2602397.35,17936,N, ,236,       175.00,       115.45
N,EQ,MOHITE,MOHITE INDUSTRIES LTD.,         2.49,         2.54,         2.54,         2.42,         2.47,                    32578.35,13164,N, ,70,         3.30,         2.15
N,EQ,MOHITIND,MOHIT INDUSTRIES LTD,        22.78,        23.45,        23.59,        22.28,        22.57,                    70429.63,3094,N, ,105,        34.80,        18.60
N,EQ,MOIL,MOIL LIMITED,       239.20,       238.50,       238.80,       235.42,       236.40,                 49001369.52,206935,N, ,4854,       404.90,       230.01
N,EQ,MOKSH,MOKSH ORNAMENTS LIMITED,         9.31,         9.50,         9.57,         9.30,         9.52,                   282049.33,29775,N, ,169,        16.65,         8.11
N,EQ,MOL,MEGHMANI ORGANICS LIMITED,        60.25,        60.25,        62.54,        59.41,        61.06,                 71894241.23,1173615,N, ,9605,        85.35,        36.50
N,EQ,MOLBIO,MOLBIO DIAGNOSTICS LTD,      1501.10,      1499.00,      1559.90,      1496.40,      1544.70,               2227950337.20,1450584,N, ,90266,      1686.80,       926.35
N,EQ,MOLDTKPAC,MOLD-TEK PACKAGING LTD,       678.00,       679.90,       690.10,       654.95,       667.20,                 83339318.50,124269,N, ,7177,       815.00,       464.90
N,EQ,MOMSBELIEF,RAYS OF BELIEF LIMITED,       232.64,       234.99,       236.98,       226.11,       229.68,                 37288501.43,161231,N, ,2168,       267.61,       208.03
N,EQ,MONARCH,MONARCH NETWORTH CAP LTD,       344.65,       346.95,       350.85,       343.15,       347.15,                  9348582.35,26938,N, ,1245,       406.95,       235.45
N,EQ,MONEYVIEW,MONEYVIEW LIMITED,        50.50,        50.60,        60.60,        49.33,        60.46,              23842596620.75,424471169,N, ,701932,        62.00,        48.34
N,SM,MONOLITH,MONOLITHISCH INDIA LTD,      1239.85,      1278.95,      1310.00,      1220.05,      1271.95,                 42598087.50,33500,N, ,123,      1505.00,       367.00
N,SM,MONOPHARMA,MONO PHARMACARE LIMITED,         8.30,         8.05,         8.40,         8.05,         8.40,                    49100.00,6000,N, ,3,        24.00,         7.50
N,EQ,MONTECARLO,MONTE CARLO FASHIONS LTD.,       524.30,       527.40,       529.00,       519.20,       525.70,                 13404862.35,25560,N, ,1548,       860.95,       464.00
N,EQ,MOREPENLAB,MOREPEN LAB. LTD,       143.96,       145.30,       150.70,       145.14,       146.97,               2947312904.51,19889954,N, ,91826,       150.70,        33.05
N,SM,MOS,MOS UTILITY LIMITED,         6.00,         5.90,         6.30,         5.70,         6.30,                  2862400.00,468000,N, ,77,        54.00,         5.10
N,EQ,MOSCHIP,MOSCHIP TECHNOLOGIES LTD,       197.70,       197.90,       197.94,       194.61,       195.20,                156733912.51,800419,N, ,11881,       288.45,       146.80
N,EQ,MOSILVER,MOTILALAMC - MOSILVER,       218.15,       218.58,       218.58,       216.01,       216.16,                  4209105.45,19408,N, ,1090,       385.00,       135.25
N,EQ,MOTILALOFS,MOTILAL OSWAL FIN LTD,      1081.15,      1080.00,      1090.25,      1059.70,      1067.90,               1325778860.85,1232877,N, ,38246,      1097.10,       614.90
N,EQ,MOTISONS,MOTISONS JEWELLERS LTD,        17.61,        17.70,        17.85,        17.52,        17.68,                217902034.08,12310506,N, ,11816,        19.78,        10.62
N,EQ,MOTOGENFIN,MOTOR & GENERAL FINANCE L,        25.77,        26.29,        26.29,        25.06,        25.30,                    19687.11,769,N, ,46,        34.40,        17.50
N,SM,MPEL,MANAS POLYMER N ENERGIE L,        22.80,        23.80,        23.90,        22.50,        22.55,                 37607920.00,1649600,N, ,200,       153.90,        19.20
N,EQ,MPHASIS,MPHASIS LIMITED,      2298.00,      2307.40,      2317.70,      2274.60,      2289.00,                635024907.70,277155,N, ,20155,      2975.00,      2013.00
N,EQ,MPIMANIPAL,MANIPAL PAYMENT & IDE S L,       366.05,       367.70,       383.90,       363.35,       377.60,                457823403.75,1218935,N, ,47642,       458.00,       315.65
N,EQ,MPSLTD,MPS LIMITED,      2681.20,      2683.90,      2748.40,      2655.10,      2697.10,                 30373954.50,11251,N, ,2311,      2979.00,      1336.10
N,EQ,MRF,MRF LTD,    124080.00,    123800.00,    123825.00,    123000.00,    123075.00,                267766025.00,2173,N, ,1829,    163600.00,    122000.00
N,EQ,MRPL,MRPL,       174.72,       174.71,       184.39,       174.26,       182.86,               4300376994.90,23675207,N, ,132348,       212.31,       136.02
N,EQ,MSL,MANGALAM SEEDS LTD.,       140.00,       140.00,       167.00,       140.00,       145.69,                   858914.44,5392,N, ,171,       167.00,       120.00
N,EQ,MSPL,MSP STEEL & POWER LTD.,        32.34,        32.19,        32.50,        30.80,        30.95,                 45026779.69,1440578,N, ,4005,        46.12,        26.25
N,EQ,MSTCLTD,MSTC LIMITED,       714.30,       712.95,       718.15,       695.00,       698.75,                 74410405.70,105257,N, ,5420,       805.00,       362.15
N,EQ,MSUMI,MOTHERSON SUMI WRNG IND L,        33.31,        33.25,        33.69,        32.96,        33.57,                309779275.27,9270659,N, ,29179,        53.59,        32.70
N,EQ,MTNL,MAHANAGAR TELEPHONE NIGAM,        23.28,        23.35,        23.94,        23.07,        23.55,                 23762506.56,1009450,N, ,3455,        44.67,        21.26
N,EQ,MUFIN,MUFIN GREEN FINANCE LTD,       135.17,       136.00,       137.50,       132.01,       135.17,                275021844.40,2030615,N, ,8631,       141.50,        85.13
N,EQ,MUFTI,CREDO BRANDS MARKETING L,        69.61,        69.10,        70.76,        69.10,        69.96,                  2047473.76,29247,N, ,945,       116.82,        63.06
N,EQ,MUKANDLTD,MUKAND LTD.,       181.55,       179.91,       190.70,       179.80,       185.92,                145759809.81,781279,N, ,11001,       190.70,       114.31
N,EQ,MUKESHB,MUKESH BABU FINANC SER L,       128.00,       123.00,       123.00,       123.00,       123.00,                     3321.00,27,N, ,1,       147.15,       123.00
N,EQ,MUKTAARTS,MUKTA ARTS LIMITED,        57.04,        57.75,        57.75,        55.11,        56.50,                    45570.97,821,N, ,19,        72.70,        37.01
N,SM,MUNISH,MUNISH FORGE LIMITED,        86.45,        85.05,        90.00,        85.00,        90.00,                   618060.00,7200,N, ,3,       143.00,        50.20
N,EQ,MUNJALAU,MUNJAL AUTO IND. LTD.,       105.33,       105.33,       107.88,       104.51,       105.44,                 30206333.15,284403,N, ,5325,       130.60,        67.20
N,EQ,MUNJALSHOW,MUNJAL SHOWA LTD,       124.82,       124.82,       127.50,       122.81,       125.58,                  2417385.43,19287,N, ,546,       147.10,       110.30
N,EQ,MURUDCERA,MURUDESHWAR CERAMICS LTD,        27.97,        27.41,        28.45,        27.41,        27.97,                   135047.48,4833,N, ,83,        46.00,        25.16
N,EQ,MUTHOOTCAP,MUTHOOT CAP SERV LTD,       216.42,       214.00,       218.00,       209.01,       213.53,                  2516156.25,11849,N, ,491,       303.00,       175.25
N,EQ,MUTHOOTMF,MUTHOOT MICROFIN LIMITED,       176.76,       176.50,       177.03,       171.00,       172.91,                 31984861.22,183906,N, ,4591,       262.77,       141.20
N,EQ,MVELECTRO,MV ELECTROSYSTEMS LIMITED,       933.10,       936.35,       939.10,       895.55,       920.25,                938433312.40,1018816,N, ,39356,       970.00,       516.55
N,EQ,MVGJL,MANOJ VAIBHAV GEM N JEW L,       203.16,       202.00,       223.00,       201.31,       212.39,                 97809637.11,454478,N, ,8758,       233.99,       129.10
N,SM,MVKAGRO,M.V.K. AGRO FOOD PROD LTD,       217.30,       217.30,       228.15,       214.95,       228.15,                 67900155.00,297900,N, ,112,       819.00,       152.05
N,EQ,MWL,MANGALAM WORLDWIDE LTD,        41.66,        41.98,        42.25,        41.10,        42.04,                 18851179.40,450623,N, ,1484,       395.50,        34.50
N,SM,MYMUDRA,MY MUDRA FINCORP LIMITED,        82.70,        87.95,        99.20,        79.50,        99.20,                 28984620.00,318000,N, ,196,        99.20,        59.00
N,EQ,NACLIND,NACL INDUSTRIES LIMITED,       136.63,       137.00,       137.38,       131.10,       132.60,                 48088271.52,360736,N, ,6219,       245.00,       112.62
N,EQ,NAGREEKCAP,NAGREEKA CAP & INFR.LTD,        27.25,        28.25,        28.25,        26.62,        27.25,                    81200.69,2978,N, ,31,        42.75,        19.30
N,EQ,NAGREEKEXP,NAGREEKA EXPORTS LTD.,        21.97,        21.13,        22.69,        21.13,        21.63,                    94289.50,4318,N, ,108,        35.90,        17.50
N,EQ,NAHARCAP,NAHAR CAP & FIN.,       234.66,       237.00,       244.99,       237.00,       241.99,                   384519.17,1588,N, ,64,       307.00,       191.00
N,EQ,NAHARINDUS,NAHAR INDS ENT LTD,       127.66,       128.84,       136.45,       126.61,       133.93,                  5737559.98,43058,N, ,1228,       154.00,        83.05
N,EQ,NAHARPOLY,NAHAR POLY FILMS LIMITED,       220.36,       221.50,       229.10,       220.36,       222.13,                   319508.22,1434,N, ,125,       338.80,       200.00
N,EQ,NAHARSPING,NAHAR SPINNING MILLS LTD.,       257.40,       256.80,       268.75,       255.05,       264.30,                  3910885.30,14820,N, ,827,       349.00,       149.20
N,EQ,NAM-INDIA,NIPPON L I A M LTD,      1073.50,      1066.00,      1073.50,      1041.70,      1047.20,                977711208.40,929248,N, ,33119,      1269.50,       795.80
N,SM,NAMOEWASTE,NAMO EWASTE MANAGEMENT L,       382.90,       381.00,       389.45,       372.00,       372.85,                 12779640.00,33600,N, ,40,       389.45,       134.00
N,EQ,NARMADA,NARMADA AGROBASE LIMITED,        12.10,        12.00,        12.10,        11.13,        11.35,                  5489061.60,476829,N, ,1894,        45.17,        11.13
N,EQ,NATCOPHARM,NATCO PHARMA LTD.,       823.65,       822.00,       826.05,       808.00,       810.10,                405139560.05,499574,N, ,29689,      1226.80,       792.05
N,EQ,NATHBIOGEN,NATH BIO-GENES (I) LTD,       138.31,       138.60,       140.79,       135.30,       136.87,                   978910.53,7113,N, ,332,       204.00,       126.15
N,EQ,NATIONALUM,NATIONAL ALUMINIUM CO LTD,       337.25,       337.25,       337.25,       321.05,       321.30,               3081781853.00,9475375,N, ,97620,       445.15,       216.00
N,EQ,NATIONSTD,NATIONAL STAND (INDIA) L,       110.79,       112.40,       112.40,       108.05,       110.21,                   293267.63,2651,N, ,225,      1519.95,        98.27
N,EQ,NAUKRI,INFO EDGE (I) LTD,      1241.00,      1242.70,      1250.70,      1210.00,      1225.30,               1236738823.10,1008055,N, ,37448,      1419.90,       908.30
N,EQ,NAVA,NAVA LIMITED,       575.00,       578.00,       583.90,       565.50,       570.45,                218803025.25,382335,N, ,24226,       739.40,       501.65
N,EQ,NAVINFLUOR,NAVIN FLUORINE INT. LTD,      8536.00,      8520.00,      8600.00,      8440.00,      8490.00,                951194698.50,111760,N, ,21707,      8949.50,      4520.90
N,EQ,NAVKARCORP,NAVKAR CORPORATION LTD.,        85.96,        85.90,        86.79,        85.00,        85.88,                 12044327.82,140083,N, ,2164,       131.36,        74.05
N,EQ,NAVKARURB,NAVKAR URBANSTRUCTURE LTD,         0.85,         0.86,         0.87,         0.84,         0.86,                   385095.87,450278,N, ,257,         2.58,         0.70
N,EQ,NAVNETEDUL,NAVNEET EDUCATION LTD,       124.27,       124.05,       124.89,       123.10,       123.95,                  4851710.75,39099,N, ,928,       166.00,       120.35
N,EQ,NAZARA,NAZARA TECHNOLOGIES LTD,       379.55,       379.55,       383.60,       377.80,       378.45,                160194254.40,421680,N, ,8818,       401.90,       215.70
N,EQ,NBCC,NBCC (INDIA) LIMITED,        77.05,        76.80,        77.49,        76.20,        76.74,                279142641.38,3629902,N, ,25593,       125.85,        75.75
N,EQ,NBIFIN,N.B.I. IND. FIN. CO. LTD,      1828.10,      1850.10,      1870.60,      1825.00,      1839.30,                   484562.00,263,N, ,76,      2741.00,      1539.00
N,EQ,NCC,NCC LIMITED,       128.47,       128.39,       128.60,       125.86,       126.88,                374047196.28,2936319,N, ,30719,       217.25,       125.86
N,EQ,NCLIND,NCL INDUSTRIES LIMITED,       166.80,       170.00,       170.00,       163.55,       163.93,                 15019160.23,90517,N, ,1463,       214.80,       147.50
N,EQ,NDGL,NAGA DHUNSERI GROUP LTD,      2371.80,      2372.10,      2449.90,      2340.00,      2383.70,                   316633.10,133,N, ,45,      4050.00,      2100.00
N,EQ,NDL,NANDAN DENIM LIMITED,         2.57,         2.56,         2.65,         2.56,         2.60,                  1757749.88,675000,N, ,851,         3.48,         1.80
N,EQ,NDLVENTURE,NDL VENTURES LIMITED,       122.91,       122.91,       122.98,       116.35,       120.26,                   753395.24,6270,N, ,246,       140.00,        80.00
N,EQ,NDRAUTO,NDR AUTO COMPONENTS LTD,       704.70,       704.70,       724.90,       700.60,       716.60,                  6830962.05,9538,N, ,770,      1080.40,       605.05
N,IV,NDRINVIT,NDR INVIT TRUST,       151.50,       151.50,       153.00,       151.50,       153.00,                 45750000.00,300000,N, ,9,       153.00,       119.01
N,EQ,NDTV,NDTV LTD,        67.08,        67.40,        67.57,        65.39,        66.48,                  5241760.84,78838,N, ,1385,       117.80,        58.75
N,EQ,NECCLTD,NORTH EAST CARRY CORP LTD,        19.38,        19.49,        19.50,        18.50,        18.87,                   996961.40,53154,N, ,346,        24.01,        10.55
N,EQ,NECLIFE,NECTAR LIFESCIENCES LTD.,        10.95,        10.95,        10.95,        10.55,        10.59,                  1436065.58,134919,N, ,459,        22.40,         9.30
N,EQ,NELCAST,NELCAST LIMITED,       124.48,       128.77,       149.37,       125.72,       146.29,                968042917.34,6710048,N, ,83832,       173.20,        85.98
N,EQ,NELCO,NELCO LTD,       924.15,       919.10,       926.00,       900.20,       915.80,                121065838.15,132674,N, ,6439,      1120.00,       500.10
N,SM,NEOCHEM,NEOCHEM BIO SOLUTIONS LTD,       105.80,       104.00,       104.65,       104.00,       104.65,                   375600.00,3600,N, ,3,       121.00,        63.00
N,EQ,NEOGEN,NEOGEN CHEMICALS LIMITED,      2429.20,      2440.00,      2465.00,      2407.20,      2431.30,                194747640.00,79815,N, ,12173,      2499.70,       966.70
N,SM,NEPHROCARE,NEPHRO CARE INDIA LIMITED,        87.30,        87.40,        88.45,        84.15,        84.75,                  2682200.00,31200,N, ,60,       156.35,        50.05
N,EQ,NEPHROPLUS,NEPHROCARE HEALTH SERV L,       634.55,       640.00,       645.30,       632.10,       641.60,                 61377222.50,96021,N, ,8685,       781.50,       446.00
N,EQ,NESCO,NESCO LTD.,      1037.10,      1043.80,      1043.80,      1023.10,      1028.90,                 32180087.10,31143,N, ,3882,      1422.80,       996.00
N,EQ,NETWEB,NETWEB TECH INDIA LTD,      4746.20,      4735.00,      4756.90,      4667.30,      4685.40,               2797050551.10,594452,N, ,47430,      5813.00,      2920.00
N,EQ,NETWORK18,NETWORK18 MEDIA & INV LTD,        26.22,        26.10,        26.18,        25.61,        25.70,                 41394992.25,1600704,N, ,4871,        53.24,        25.02
N,EQ,NEULANDLAB,NEULAND LAB LTD.,     21905.00,     21815.00,     22150.00,     21585.00,     21655.00,                906750475.00,41495,N, ,19975,     24225.00,     11500.00
N,EQ,NEWGEN,NEWGEN SOFTWARE TECH LTD,       456.60,       457.85,       459.10,       445.10,       447.75,                202251110.50,447153,N, ,17087,      1041.95,       401.05
N,EQ,NEXTMEDIA,NEXT MEDIAWORKS LIMITED,         3.56,         3.57,         3.63,         3.52,         3.53,                    36038.02,10136,N, ,36,         8.48,         3.16
N,EQ,NFL,NATIONAL FERT. LTD,        64.91,        64.85,        64.85,        63.05,        63.76,                 26243291.08,411261,N, ,3833,        98.30,        62.81
N,SM,NFPSAMPOOR,NFP SAMPOORNA FOODS LTD,        19.80,        20.95,        21.00,        20.00,        20.30,                   329400.00,16000,N, ,7,        54.50,        19.25
N,EQ,NGIL,NAKODA GROUP OF IND. LTD,        36.15,        36.94,        38.40,        36.00,        37.37,                   299296.35,7919,N, ,127,        43.89,        22.01
N,EQ,NGLFINE,NGL FINE CHEM LIMITED,      3122.10,      3122.10,      3250.30,      3080.50,      3134.20,                 33091120.10,10470,N, ,2211,      3602.00,      1271.00
N,EQ,NH,NARAYANA HRUDAYALAYA LTD.,      1723.80,      1729.00,      1735.50,      1710.20,      1723.20,                169507071.00,98272,N, ,15317,      2093.30,      1589.00
N,IV,NHIT,NATIONAL HIGHW INFRA TRUS,       169.90,       167.00,       168.00,       167.00,       168.00,                 12575000.00,75000,N, ,2,       174.00,       139.75
N,EQ,NHPC,NHPC LTD,        73.11,        73.00,        73.17,        72.10,        72.50,                328315234.16,4518389,N, ,18310,        88.12,        70.25
N,EQ,NIACL,THE NEW INDIA ASSU CO LTD,       160.72,       161.50,       161.73,       158.30,       159.29,                122655045.19,767464,N, ,11806,       242.60,       116.97
N,EQ,NIBE,NIBE LIMITED,      1240.90,      1241.90,      1358.00,      1225.00,      1270.10,                313807156.80,243742,N, ,17543,      1848.00,       809.60
N,EQ,NIBL,NRB INDUS. BEARINGS LTD.,        31.22,        31.90,        32.75,        31.10,        31.37,                   371576.84,11787,N, ,504,        40.80,        25.30
N,EQ,NICCOPAR,NICCO PARKS & RESORTS LTD,        79.00,        79.00,        79.00,        76.65,        76.91,                    39022.30,506,N, ,34,        98.99,        72.00
N,SM,NIDAN,NIDAN LABS AND HEALTH LTD,        13.35,        13.30,        13.30,        13.00,        13.05,                   143900.00,11000,N, ,9,        24.90,        11.50
N,EQ,NIITLTD,NIIT LIMITED,        86.78,        87.00,        87.30,        84.50,        84.99,                  7739532.48,90289,N, ,2139,       111.10,        49.00
N,EQ,NIITMTS,NIIT LEARNING SYSTEMS LTD,       204.99,       205.87,       207.65,       201.34,       203.37,                 16230483.54,79330,N, ,3319,       443.90,       185.00
N,SM,NIKITA,NIKITA GRENTEC RECYCL LTD,        72.00,        68.70,        71.95,        68.65,        70.95,                   420300.00,6000,N, ,5,       156.00,        63.00
N,EQ,NILAINFRA,NILA INFRASTRUCTURES LTD,         6.70,         6.77,         6.77,         6.60,         6.63,                   666664.72,100097,N, ,360,        11.20,         5.90
N,EQ,NILASPACES,NILA SPACES LIMITED,        11.17,        11.25,        11.45,        11.11,        11.35,                  4317495.92,381883,N, ,1201,        19.97,        10.81
N,EQ,NILE,NILE LTD.,      1238.00,      1253.00,      1269.00,      1236.70,      1258.60,                  2359508.80,1892,N, ,312,      2018.90,      1203.50
N,EQ,NILKAMAL,NILKAMAL LIMITED,      1811.50,      1810.00,      1840.40,      1797.20,      1831.70,                 17885341.00,9830,N, ,2080,      2149.50,      1050.50
N,EQ,NIMBSPROJ,NIMBUS PROJECTS LIMITED,       191.57,       186.68,       195.00,       182.00,       191.61,                  6176883.81,33135,N, ,393,       231.23,       141.04
N,EQ,NINSYS,NINTEC SYSTEMS LIMITED,       822.55,       822.55,       854.95,       805.00,       829.75,                  5767308.90,6983,N, ,585,       935.00,       281.05
N,EQ,NIPPOBATRY,INDO-NATIONAL LIMITED,       319.45,       322.50,       322.50,       314.20,       316.05,                   241748.75,764,N, ,53,       469.00,       257.00
N,EQ,NIRAJ,NIRAJ CEMENT STRUC LTD,        27.48,        27.00,        28.19,        27.00,        27.52,                   191452.48,6955,N, ,89,        47.35,        20.15
N,EQ,NIRLON,NIRLON LTD,       619.00,       615.90,       622.95,       615.50,       620.10,                  2649381.85,4288,N, ,273,       656.00,       580.00
N,SM,NIRMAN,NIRMAN AGRI GENTICS LTD,        27.70,        27.00,        29.00,        25.50,        28.20,                   310455.00,11100,N, ,26,       194.50,        25.00
N,EQ,NITCO,NITCO LIMITED,        83.77,        83.50,        83.67,        81.81,        82.75,                 50228130.48,606001,N, ,2191,       119.40,        64.00
N,EQ,NITINSPIN,NITIN SPINNERS LIMITED,       616.35,       618.00,       620.25,       611.20,       615.60,                 21927474.05,35647,N, ,2893,       665.50,       302.20
N,EQ,NITIRAJ,NITIRAJ ENGINEERS LTD,       203.29,       201.00,       215.00,       201.00,       213.86,                   137845.19,655,N, ,30,       241.00,       168.00
N,EQ,NITTAGELA,NITTA GELATIN INDIA LTD.,      1668.10,      1700.00,      1700.00,      1645.90,      1668.40,                  3886827.90,2334,N, ,649,      2087.20,       837.05
N,EQ,NIVABUPA,NIVA BUPA HEALTH INS CO L,        76.56,        75.91,        77.91,        75.30,        77.38,                 49758393.76,648650,N, ,13763,        91.40,        67.50
N,EQ,NKIND,NK INDUSTRIES LTD,        57.06,        60.00,        60.00,        58.00,        58.99,                    10342.22,177,N, ,17,        78.39,        49.66
N,EQ,NLCINDIA,NLC INDIA LIMITED,       254.90,       254.90,       255.40,       247.10,       250.35,                269126994.90,1073810,N, ,21400,       387.80,       230.00
N,EQ,NMDC,NMDC LTD.,        74.38,        73.80,        73.80,        72.44,        72.80,               1104471099.10,15148455,N, ,68608,        97.49,        72.24
N,SM,NMSTEEL,NEWMALAYALAM STEEL LTD,        23.20,        22.00,        23.90,        22.00,        23.30,                   594640.00,25600,N, ,12,        37.00,        17.40
N,EQ,NOCIL,NOCIL LIMITED,       171.83,       172.40,       175.75,       170.65,       172.82,                 97143441.04,561575,N, ,8286,       211.20,       125.31
N,EQ,NOIDATOLL,NOIDA TOLL BRIDGE CO LTD,         3.67,         3.68,         3.74,         3.53,         3.67,                   178005.81,48814,N, ,531,         7.43,         2.87
N,EQ,NORBTEAEXP,NORBEN TEA & EXPORTS LTD,        64.21,        64.21,        65.38,        61.20,        61.36,                   154770.33,2475,N, ,60,        99.35,        47.50
N,EQ,NORTHARC,NORTHERN ARC CAPITAL LTD,       298.20,       298.60,       299.90,       291.75,       293.75,                326252602.60,1102834,N, ,14429,       334.00,       206.00
N,EQ,NOVAAGRI,NOVA AGRITECH LIMITED,        22.64,        22.85,        22.85,        22.01,        22.24,                   483760.16,21493,N, ,216,        51.99,        18.12
N,EQ,NOVARTIND,NOVARTIS INDIA LIMITED,      2051.20,      2052.00,      2093.90,      2000.00,      2010.40,                121451355.50,59356,N, ,7773,      2588.80,      1402.00
N,EQ,NPST,NETWORK PEOPLE SRV TECH L,      1835.50,      1846.00,      1903.60,      1821.00,      1854.90,                201272544.90,107305,N, ,9611,      2058.00,       846.60
N,EQ,NRAIL,N R AGARWAL INDS LTD,       658.25,       651.00,       669.10,       648.00,       660.90,                  7045204.30,10667,N, ,948,       706.40,       385.00
N,EQ,NRBBEARING,NRB BEARING LIMITED,       536.95,       536.95,       546.15,       526.50,       529.95,                153902633.70,287108,N, ,15508,       559.90,       212.55
N,SM,NRVANDANA,N R VANDANA TEX IND LTD,        69.60,        71.50,        72.40,        71.50,        72.00,                  6907800.00,96000,N, ,7,        82.90,        42.00
N,EQ,NSIL,NALWA SONS INVESTMENT LTD,      5297.50,      5212.00,      5344.50,      5212.00,      5266.50,                  8158862.50,1544,N, ,378,      6050.00,      4700.00
N,EQ,NSLNISP,NMDC STEEL LIMITED,        40.90,        40.82,        40.93,        40.28,        40.55,                 98113017.77,2418385,N, ,10971,        53.75,        33.01
N,EQ,NTCIND,N T C INDUSTRIES LTD.,       134.76,       134.09,       138.90,       131.80,       132.53,                   205917.07,1528,N, ,66,       155.00,       126.00
N,EQ,NTPCGREEN,NTPC GREEN ENERGY LIMITED,        90.13,        90.00,        90.05,        88.27,        88.51,                173198652.64,1950927,N, ,20007,       119.95,        84.00
N,EQ,NUCLEUS,NUCLEUS SOFTWARE EXPORTS,       638.05,       657.70,       657.70,       616.50,       628.85,                 37522530.85,59350,N, ,3451,      1064.80,       616.50
N,EQ,NUVAMA,NUVAMA WEALTH MANAGE LTD,      1838.80,      1839.70,      1855.00,      1788.90,      1825.90,                442529262.90,241969,N, ,20949,      7640.00,      1096.90
N,EQ,NUVOCO,NUVOCO VISTAS CORP LTD,       326.50,       325.00,       329.60,       322.05,       324.75,                 26259227.60,80863,N, ,7506,       439.85,       276.25
N,RR,NXST,NEXUS SELECT TRUST,       164.81,       165.28,       165.99,       164.50,       164.66,                 48099478.51,291481,N, ,7407,       191.90,       150.00
N,EQ,NYKAA,FSN E COMMERCE VENTURES,       338.20,       337.00,       346.45,       337.00,       341.25,               2082460772.80,6078112,N, ,73805,       349.55,       232.00
N,EQ,OAL,ORIENTAL AROMATICS LTD,       511.35,       514.80,       529.40,       508.55,       515.60,                  9408895.90,18150,N, ,1054,       570.00,       228.00
N,EQ,OBCL,OBCL LIMITED,        57.44,        57.44,        57.80,        56.01,        57.56,                   181147.27,3158,N, ,37,        62.00,        46.51
N,EQ,OBEROIRLTY,OBEROI REALTY LIMITED,      1751.80,      1742.90,      1752.00,      1728.20,      1736.00,                520314515.40,299046,N, ,19761,      1986.10,      1391.20
N,SM,OBSCP,OBSC PERFECTION LIMITED,       904.80,       882.00,       897.80,       870.00,       872.15,                 39021180.00,44400,N, ,103,      1030.00,       269.95
N,EQ,ODIGMA,ODIGMA CONSULTANCY SOL L,        20.91,        20.80,        21.17,        20.62,        20.90,                   194159.15,9333,N, ,326,        43.93,        20.00
N,EQ,ODYCORP,ODYSSEY CORPORATION LTD.,         6.85,         6.60,         6.99,         6.60,         6.70,                    20954.93,3117,N, ,57,         8.48,         5.71
N,EQ,OFSS,ORACLE FIN SERV SOFT LTD.,     10482.00,     10519.00,     10733.00,     10406.00,     10576.00,               2137159570.00,201807,N, ,31240,     12540.00,      6234.50
N,EQ,OIL,OIL INDIA LTD,       447.85,       449.45,       455.00,       446.15,       453.75,                652639606.75,1445019,N, ,22820,       531.00,       395.60
N,EQ,OLAELEC,OLA ELECTRIC MOBILITY LTD,        35.96,        36.35,        37.10,        35.93,        36.32,               2236032908.22,61427676,N, ,130263,        57.95,        22.25
N,EQ,OLECTRA,OLECTRA GREENTECH LIMITED,      1102.90,      1101.00,      1101.00,      1079.00,      1084.10,                264719113.50,243414,N, ,14528,      1578.00,       866.60
N,SM,OLIL,ONECLICK LOGISTICS IND L,       440.65,       445.50,       454.50,       440.00,       441.35,                 14733760.00,33200,N, ,33,       479.90,       260.10
N,EQ,OMAXAUTO,OMAX AUTOS LTD,       209.29,       209.29,       213.96,       205.11,       206.85,                  9394662.37,44859,N, ,1218,       263.40,        84.50
N,EQ,OMAXE,OMAXE LIMITED,       107.71,       107.01,       108.10,       106.31,       107.01,                 23072313.30,214830,N, ,3342,       138.89,        62.50
N,EQ,OMFREIGHT,OM FREIGHT FORWARDERS LTD,       105.00,       105.00,       107.10,       104.60,       106.63,                  4464468.29,42234,N, ,487,       114.33,        58.95
N,SM,OMFURN,OMFURN INDIA LIMITED,        51.90,        49.55,        51.60,        49.50,        51.60,                   240420.00,4800,N, ,4,       140.00,        38.00
N,EQ,OMINFRAL,OM INFRA LIMITED,        73.33,        74.73,        74.74,        71.50,        72.45,                  3059437.68,41871,N, ,948,       134.70,        71.50
N,EQ,OMNI,OMNITECH ENGINEERING LTD,       656.95,       657.00,       688.75,       647.95,       657.55,                650009226.20,972976,N, ,38757,       764.85,       176.25
N,EQ,OMPOWER,OM POWER TRANSMISSION LTD,       153.50,       162.00,       169.86,       157.00,       165.75,                183541651.97,1118196,N, ,12200,       206.00,       150.20
N,SM,ONDOOR,ON DOOR CONCEPTS LIMITED,       267.00,       271.00,       271.00,       257.40,       264.00,                  1030440.00,3900,N, ,9,       340.00,       100.00
N,EQ,ONEGLOBAL,ONE GLOBAL SERVICE PROV L,       564.00,       564.00,       587.00,       552.05,       585.00,                  9351126.75,16214,N, ,1122,       587.00,       494.00
N,EQ,ONEPOINT,ONE POINT ONE SOL LTD,        78.65,        78.65,        80.75,        78.32,        78.77,                168277352.23,2116511,N, ,18013,        81.00,        40.58
N,EQ,ONESOURCE,ONESOURCE SPECL PHARMA L,      1535.80,      1529.10,      1548.00,      1510.60,      1528.60,                155806184.50,101988,N, ,10163,      1925.00,      1057.00
N,EQ,ONIDA,ONIDA ELECTRONICS LIMITED,        31.11,        31.06,        31.29,        30.16,        30.67,                  5807457.45,188758,N, ,897,        49.23,        21.50
N,EQ,ONIXSOLAR,ONIX SOLAR ENERGY LTD.,       338.20,       344.00,       355.10,       339.00,       355.10,                 34569457.85,98805,N, ,1254,       464.20,       262.45
N,EQ,ONWARDTEC,ONWARD TECHNOLOGIES LTD,       294.60,       297.00,       301.30,       291.95,       297.40,                 11492893.35,38634,N, ,1109,       355.00,       208.25
N,EQ,OPTIEMUS,OPTIEMUS INFRACOM LTD,       889.90,       879.05,       897.45,       856.90,       861.90,                925964258.90,1054981,N, ,42405,       924.90,       288.00
N,EQ,OPTIFIN,OPTIMUS FINANCE LTD.,        14.42,        14.49,        14.78,        14.01,        14.58,                   333124.42,23183,N, ,116,        17.00,        11.25
N,SM,OPTIMYSTIX,OPTIMYSTIX ENT INDIA LTD,       133.00,       129.00,       138.95,       129.00,       136.90,                  4339120.00,32000,N, ,30,       195.00,       124.00
N,EQ,ORBTEXP,ORBIT EXPORTS LIMITED,       246.85,       242.10,       251.00,       238.00,       242.90,                  1790615.80,7332,N, ,333,       282.85,       135.00
N,EQ,ORCHASP,ORCHASP LIMITED,         1.29,         1.29,         1.35,         1.29,         1.33,                   241371.42,181892,N, ,208,         4.16,         1.22
N,EQ,ORCHPHARMA,ORCHID PHARMA LIMITED,      1006.55,      1007.80,      1069.50,       993.75,      1023.95,                206597931.80,198749,N, ,19940,      1143.50,       480.00
N,SM,ORIANA,ORIANA POWER LIMITED,       303.30,       302.50,       312.00,       298.10,       303.00,                 50807156.25,166125,N, ,359,      3064.00,       252.00
N,EQ,ORICONENT,ORICON ENTERPRISES LTD,        52.27,        52.27,        53.00,        51.01,        52.27,                  3456556.96,66002,N, ,456,        73.12,        47.04
N,EQ,ORIENTALTL,ORIENTAL TRIMEX LTD,         4.87,         4.87,         4.89,         4.78,         4.83,                    90394.17,18666,N, ,160,        10.84,         4.40
N,EQ,ORIENTBELL,ORIENT BELL LIMITED,       413.55,       416.05,       440.40,       405.25,       432.55,                 24642386.85,57426,N, ,1468,       440.40,       246.55
N,EQ,ORIENTCABL,ORIENT CABLES (INDIA) LTD,       396.40,       400.60,       423.90,       396.20,       418.40,               3416903382.15,8304312,N, ,146156,       464.85,       364.50
N,EQ,ORIENTCEM,ORIENT CEMENT LTD.,       115.76,       115.32,       116.19,       112.41,       113.21,                 18775429.46,165155,N, ,5399,       226.86,       112.41
N,EQ,ORIENTCER,ORIENT CERATECH LIMITED,        44.14,        44.13,        44.45,        42.30,        42.87,                  2955103.46,68168,N, ,803,        56.64,        34.00
N,EQ,ORIENTELEC,ORIENT ELECTRIC LIMITED,       160.70,       160.70,       162.31,       158.76,       160.73,                 19366104.78,120865,N, ,3732,       217.51,       149.05
N,EQ,ORIENTHOT,ORIENT HOTELS LTD,       143.61,       144.76,       145.00,       142.70,       143.06,                 49501342.71,343678,N, ,2724,       148.80,        80.00
N,EQ,ORIENTPPR,ORIENT PAPER AND INDS LTD,        16.26,        16.30,        16.30,        15.95,        15.99,                  4163865.03,259318,N, ,817,        27.59,        13.25
N,EQ,ORIENTTECH,ORIENT TECHNOLOGIES LTD,       226.35,       229.00,       258.20,       227.01,       239.80,               3530511234.71,14171312,N, ,177204,       513.40,       220.80
N,EQ,ORIRAIL,ORIENTAL RAIL INFRA L,       122.96,       123.50,       123.50,       119.17,       120.66,                  4968078.47,41071,N, ,937,       142.00,       102.80
N,EQ,ORISSAMINE,ORISSA MIN DEV CO LTD,      3609.00,      3639.00,      3639.00,      3551.00,      3581.30,                 13089800.10,3643,N, ,705,      6138.90,      3100.50
N,EQ,ORKLAINDIA,ORKLA INDIA LIMITED,       545.00,       541.00,       566.00,       539.00,       562.75,                 36929683.30,66329,N, ,4350,       760.00,       530.05
N,EQ,ORTINGLOBE,ORTIN GLOBAL LIMITED,        14.39,        14.68,        15.10,        14.10,        14.90,                    96852.01,6452,N, ,32,        21.30,        10.66
N,SM,OSELDEVICE,OSEL DEVICES LIMITED,       375.70,       370.05,       389.90,       370.05,       388.40,                  9507600.00,24800,N, ,107,       835.00,       349.75
N,EQ,OSWALAGRO,OSWAL AGRO MILLS LTD,        32.85,        32.69,        33.63,        32.10,        32.74,                  1492913.25,45081,N, ,327,        81.00,        32.00
N,EQ,OSWALGREEN,OSWAL GREENTECH LIMITED,        19.27,        19.27,        19.47,        18.89,        18.99,                  1433444.08,74952,N, ,722,        41.16,        18.55
N,EQ,OSWALPUMPS,OSWAL PUMPS LIMITED,       264.80,       264.90,       269.95,       262.85,       264.60,                 60216732.60,226913,N, ,5277,       790.00,       259.20
N,EQ,OSWALSEEDS,SHREEOSWAL S AND CHE LTD,        12.13,        12.29,        12.50,        12.01,        12.20,                   476124.20,39106,N, ,294,        20.28,         9.66
N,SM,OWAIS,OWAIS METAL & MINERAL,        67.00,        68.00,        68.30,        66.35,        66.80,                   542780.00,8000,N, ,42,       580.00,        58.10
N,EQ,PACEDIGITK,PACE DIGITEK LIMITED,       166.28,       167.00,       168.00,       163.56,       165.45,                 86662970.35,525452,N, ,7774,       231.95,       139.81
N,EQ,PACIFICI,PACIFIC INDUSTRIES LTD.,       138.99,       141.00,       141.00,       130.00,       138.59,                    60285.87,453,N, ,27,       160.00,       111.15
N,EQ,PAGEIND,PAGE INDUSTRIES LTD,     37970.00,     37970.00,     37970.00,     37300.00,     37570.00,                382028270.00,10168,N, ,5251,     43855.00,     29805.00
N,EQ,PAISALO,PAISALO DIGITAL LIMITED,        83.10,        83.31,        85.48,        83.11,        84.23,                990281048.74,11691827,N, ,18197,        94.88,        30.00
N,EQ,PAKKA,PAKKA LIMITED,        69.13,        69.13,        72.90,        68.66,        72.37,                 14731113.46,208422,N, ,2005,       159.90,        68.66
N,EQ,PALASHSECU,PALASH SECURITIES LTD,        86.80,        87.90,        87.99,        84.10,        87.99,                    17738.86,205,N, ,27,       128.90,        79.01
N,EQ,PALREDTEC,PALRED TECHNOLOGIES LTD,        41.62,        41.62,        43.42,        39.54,        43.42,                    72881.34,1810,N, ,40,        73.60,        27.45
N,EQ,PANACEABIO,PANACEA BIOTEC LTD,       363.20,       361.70,       365.00,       355.55,       357.60,                 16646672.00,46154,N, ,1909,       647.00,       292.40
N,EQ,PANAMAPET,PANAMA PETROCHEM LTD,       504.10,       508.65,       551.85,       497.45,       537.00,               1010724863.45,1895756,N, ,57160,       599.60,       229.00
N,EQ,PANCHMAHQ,PANCHMAHAL STEEL LTD.,       296.40,       296.40,       296.40,       285.00,       285.00,                     1744.20,6,N, ,2,       339.00,       253.95
N,EQ,PANORAMA,PANORAMA STUDIOS INTL. L,        63.05,        62.90,        67.00,        62.90,        66.29,                131360138.01,2007982,N, ,7910,        69.50,        40.00
N,EQ,PANSARI,PANSARI DEVELOPERS LTD,       265.70,       260.00,       273.90,       251.10,       271.00,                    95861.90,368,N, ,15,       388.90,       233.30
N,EQ,PARACABLES,PARAMOUNT COMM LTD,        58.22,        58.08,        59.35,        57.00,        57.49,                 55665305.50,958244,N, ,6174,        75.70,        28.30
N,EQ,PARADEEP,PARADEEP PHOSPHATES LTD,       156.76,       156.00,       157.38,       153.41,       155.38,                174759794.25,1126425,N, ,18558,       201.59,        99.70
N,EQ,PARAGMILK,PARAG MILK FOODS LTD.,       308.70,       306.95,       314.70,       301.35,       311.80,                763693756.85,2455573,N, ,34861,       376.95,       177.84
N,SM,PARAGON,PARAGON FINE S.C. LTD.,        49.20,        50.70,        57.40,        50.50,        53.05,                  2272140.00,42000,N, ,34,        64.90,        34.10
N,SM,PARAMATRIX,PARAMATRIX TECHNOLOGIES L,        55.00,        56.00,        56.00,        55.00,        55.00,                   133200.00,2400,N, ,2,        94.70,        51.00
N,EQ,PARAS,PARAS DEF AND SPCE TECH L,      1323.30,      1321.90,      1321.90,      1278.00,      1286.10,                724022561.60,560761,N, ,33368,      1585.00,       580.50
N,EQ,PARASPETRO,PARAS PETROFILS LTD.,         2.02,         2.02,         2.09,         1.99,         2.03,                   391211.90,192904,N, ,327,         3.23,         1.53
N,EQ,PARIN,PARIN ENTERPRISES LIMITED,       700.05,       709.20,       709.20,       685.55,       704.30,                  7028900.60,10043,N, ,399,       789.00,       682.60
N,EQ,PARKHOSPS,PARK MEDI WORLD LIMITED,       274.85,       274.00,       275.90,       270.00,       272.80,                188196429.20,689821,N, ,6895,       305.00,       138.10
N,EQ,PARKHOTELS,PARKHOTELS,       103.19,       103.00,       104.49,       102.68,       103.62,                  7640529.94,73659,N, ,1165,       158.36,        95.10
N,EQ,PARNAXLAB,PARNAX LAB LTD.,       115.34,       111.00,       115.99,       111.00,       111.54,                   291492.97,2587,N, ,70,       149.50,       104.00
N,SM,PARTH,PARTH ELEC & ENG LTD,       512.85,       514.00,       520.00,       510.00,       518.75,                  3503860.00,6800,N, ,12,       559.00,       188.55
N,SM,PARTYCRUS,PARTY CRUISERS LIMITED,        95.00,        96.50,       103.00,        96.00,        96.20,                  1289500.00,13000,N, ,13,       113.85,        63.05
N,EQ,PASHUPATI,PASHUPATI COTSPIN LIMITED,        69.91,        71.45,        75.04,        68.15,        69.60,                232732637.13,3311365,N, ,18374,      1036.40,        67.75
N,EQ,PASUPTAC,PASUPATI ACRYLON LIMITED,        70.89,        70.50,        73.09,        69.56,        70.50,                  5451213.14,76842,N, ,1361,        81.29,        40.41
N,EQ,PATANJALI,PATANJALI FOODS LIMITED,       363.00,       362.45,       363.00,       354.00,       360.95,               1136095227.60,3163358,N, ,30886,       614.05,       328.20
N,EQ,PATELENG,PATEL ENGINEERING LTD.,        25.93,        25.85,        26.09,        25.62,        25.74,                 31894642.66,1235700,N, ,4305,        38.80,        22.00
N,EQ,PATELRMART,PATEL RETAIL LIMITED,       227.01,       225.88,       233.39,       223.00,       227.86,                 53784219.90,234782,N, ,2940,       266.00,       150.25
N,EQ,PATINTLOG,PATEL INT. LOG. LTD,        13.15,        13.48,        13.48,        13.10,        13.11,                   276603.17,21004,N, ,155,        16.25,         8.01
N,EQ,PAUSHAKLTD,PAUSHAK LIMITED,       704.30,       722.85,       722.85,       692.50,       697.55,                 28831119.85,40665,N, ,3596,       826.75,       342.50
N,EQ,PAVNAIND,PAVNA INDUSTRIES LIMITED,        15.65,        15.84,        15.84,        15.25,        15.30,                   321332.83,20734,N, ,114,        42.30,        14.11
N,EQ,PAYTM,ONE 97 COMMUNICATIONS LTD,      1694.00,      1686.50,      1774.00,      1680.10,      1732.00,               8732104477.90,5016093,N, ,119142,      1855.50,       930.60
N,EQ,PBMPOLY,P B M POLYTEX LTD.,        58.75,        56.26,        66.90,        56.26,        57.75,                    18881.32,315,N, ,9,        72.20,        55.97
N,EQ,PCBL,PCBL CHEMICAL LIMITED,       327.70,       328.70,       329.00,       323.65,       326.90,                163058454.75,499455,N, ,12845,       394.00,       226.50
N,SM,PCCL,PETRO CARBON AND CHEMI L,       415.00,       414.00,       415.00,       412.00,       412.00,                   827200.00,2000,N, ,5,       454.00,       168.40
N,EQ,PCJEWELLER,PC JEWELLER LTD,        12.93,        12.95,        13.25,        12.87,        13.14,               2725217262.32,208486730,N, ,103807,        14.86,         7.47
N,EQ,PDMJEPAPER,PUDUMJEE PAPER PRO. LTD,        96.16,        96.22,        97.59,        95.70,        96.36,                  7076131.79,73269,N, ,1636,       125.98,        65.00
N,EQ,PDSL,PDS LIMITED,       347.40,       348.35,       348.40,       337.15,       342.00,                 26309152.05,76936,N, ,2846,       418.50,       246.05
N,EQ,PEARLPOLY,PEARL POLYMERS LTD,        17.20,        16.85,        17.95,        16.85,        17.55,                   170522.67,9697,N, ,68,        30.79,         5.15
N,SM,PELATRO,PELATRO LIMITED,       379.20,       380.00,       380.00,       370.05,       375.00,                  2250465.00,6000,N, ,12,       404.50,       246.00
N,EQ,PENIND,PENNAR INDUSTRIES LTD,       177.85,       177.85,       182.95,       175.23,       180.85,                 65805524.82,368396,N, ,6199,       279.90,       129.10
N,EQ,PENINLAND,PENINSULA LAND LIMITED,        14.66,        14.40,        14.72,        14.40,        14.66,                  1100218.69,75236,N, ,312,        37.00,        13.82
N,EQ,PERMAGN,PERMANENT MAGNETS LTD.,       846.75,       855.00,       895.00,       846.30,       881.60,                  6016330.20,6857,N, ,781,       929.00,       784.05
N,EQ,PERNIASPOP,PURPLE STYLE LABS LIMITED,       518.60,       516.50,       535.00,       516.50,       531.45,                 24831642.75,46942,N, ,2792,       588.90,       501.05
N,EQ,PERSISTENT,PERSISTENT SYSTEMS LTD,      5521.00,      5513.50,      5529.00,      5447.50,      5507.00,               1640483714.00,298344,N, ,27802,      6599.00,      4244.50
N,EQ,PETRONET,PETRONET LNG LIMITED,       297.50,       295.00,       299.60,       294.25,       297.00,                927490221.25,3121238,N, ,42161,       326.40,       235.35
N,EQ,PFIZER,PFIZER LTD,      3852.20,      3870.00,      3870.10,      3802.00,      3815.10,                 44555818.40,11656,N, ,3296,      5578.50,      3792.10
N,EQ,PFOCUS,PRIME FOCUS LIMITED,       292.70,       294.85,       296.10,       265.00,       284.00,               2218420419.45,8031093,N, ,118488,       367.00,       161.01
N,EQ,PFS,PTC INDIA FIN SERV LTD,        27.29,        27.48,        27.51,        26.90,        27.12,                 24176072.61,890156,N, ,5481,        40.50,        23.85
N,EQ,PGEL,PG ELECTROPLAST LTD,       527.65,       523.65,       531.00,       519.20,       522.00,                518701085.95,987708,N, ,19049,       644.40,       436.55
N,EQ,PGHH,P&G HYGIENE & HEALTH CARE,      6865.00,      6900.00,      7012.00,      6840.00,      6921.00,                 82875404.00,11952,N, ,4415,     14509.00,      6579.00
N,EQ,PGHL,PROCTER & GAMBLE HEALTH L,      5306.00,      5305.50,      5329.50,      5192.00,      5234.00,                 56767954.00,10836,N, ,2622,      6975.00,      4707.00
N,EQ,PGIL,PEARL GLOBAL IND LIMITED,      1266.70,      1265.00,      1311.00,      1261.40,      1273.10,                227559879.70,177377,N, ,24269,      2539.60,      1102.00
N,IV,PGINVIT,POWERGRID INFRA. INVITS,       102.23,       102.36,       102.49,       102.00,       102.48,                114131514.02,1115522,N, ,4956,       104.50,        86.30
N,SM,PHANTOMFX,PHANTOM DIGITAL EFF LTD,        82.10,        82.00,        98.50,        80.00,        96.70,                  5827410.00,66600,N, ,102,       311.00,        80.00
N,EQ,PHOENIXLTD,THE PHOENIX MILLS LTD,      1883.50,      1861.00,      1886.30,      1845.00,      1845.50,                517305904.70,277954,N, ,31460,      2169.80,      1465.60
N,EQ,PHOENXINTL,PHOENIX INTERNATIONAL LTD,        28.01,        28.50,        28.99,        28.49,        28.98,                    14873.05,517,N, ,16,        35.64,        27.50
N,SM,PHOGLOBAL,PHOENIX OVERSEAS LIMITED,        15.20,        14.75,        14.75,        14.65,        14.70,                    88200.00,6000,N, ,3,        25.50,        13.20
N,EQ,PICCADIL,PICCADILY AGRO INDUSTRI L,       594.20,       592.55,       602.00,       584.00,       589.00,                 33630536.90,56998,N, ,5029,       809.70,       515.00
N,EQ,PIGL,POWER INSTRUMENT (G) LTD,        98.42,        96.00,        98.61,        96.00,        97.09,                  2916113.06,30138,N, ,679,       184.80,        88.05
N,EQ,PIIND,PI INDUSTRIES LTD,      2250.00,      2259.00,      2259.00,      2197.80,      2210.00,                370058646.70,167302,N, ,15955,      3832.90,      2191.00
N,EQ,PILANIINVS,PILANI INV & IND COR LTD,      4067.10,      4094.50,      4095.00,      4053.00,      4076.30,                  5981319.60,1469,N, ,275,      5039.40,      3865.00
N,EQ,PILITA,PIL ITALICA LIFESTYLE LTD,         7.35,         7.38,         7.50,         7.30,         7.32,                   162459.86,22080,N, ,105,        13.81,         6.20
N,EQ,PINELABS,PINE LABS LIMITED,       172.73,       173.00,       184.70,       171.54,       177.67,               7345739527.56,40833328,N, ,236708,       284.00,       134.73
N,EQ,PIONEEREMB,PIONEER EMBROIDERIES LTD,        20.60,        20.30,        20.79,        20.10,        20.70,                     6710.60,329,N, ,22,        38.50,        19.61
N,EQ,PIRAMALFIN,PIRAMAL FINANCE LIMITED,      2018.50,      2018.00,      2022.70,      1970.20,      1981.50,                753397377.90,377333,N, ,53575,      2326.40,      1260.00
N,EQ,PITTIENG,PITTI ENGINEERING LIMITED,      1122.00,      1122.00,      1149.80,      1115.00,      1118.40,                 98010235.00,86462,N, ,6955,      1228.00,       675.00
N,EQ,PIXTRANS,PIX TRANSMISSIONS LIMITED,      1796.70,      1784.00,      1808.80,      1756.10,      1788.40,                 44221037.90,24831,N, ,3113,      2089.00,      1252.00
N,SM,PLADAINFO,PLADA INFOTECH SERVICES L,        12.35,        11.80,        11.80,        11.75,        11.75,                   176400.00,15000,N, ,5,        18.15,         9.05
N,EQ,PLASTIBLEN,PLASTIBLENDS INDIA LTD,       202.40,       205.00,       207.00,       200.20,       205.09,                  9751631.86,47821,N, ,1509,       216.29,       121.01
N,EQ,PLATIND,PLATINUM INDUSTRIES LTD,       203.58,       203.63,       207.00,       200.00,       200.56,                 10287093.99,50708,N, ,1605,       299.00,       183.50
N,EQ,PLAZACABLE,PLAZA WIRES LIMITED,        58.07,        58.69,        59.00,        56.70,        58.20,                  2474776.46,42724,N, ,955,        66.00,        27.00
N,EQ,PML,PAUL MERCHANTS LTD.,       481.20,       481.20,       493.95,       468.50,       483.85,                    13866.05,29,N, ,20,       645.00,       451.55
N,EQ,PNBGILTS,PNB GILTS LIMITED,        71.42,        71.50,        72.64,        71.00,        71.52,                 24700667.06,343479,N, ,2451,       100.82,        58.60
N,EQ,PNBHOUSING,PNB HOUSING FIN LTD.,      1102.10,      1105.10,      1139.70,      1105.10,      1131.00,               1269634454.30,1125058,N, ,41835,      1211.50,       729.60
N,EQ,PNC,PNC MEDIA AND ENT LTD,        17.41,        18.80,        18.80,        16.86,        17.49,                   265159.50,15085,N, ,265,        32.00,        15.70
N,EQ,PNCINFRA,PNC INFRATECH LTD.,       138.74,       138.74,       139.00,       135.85,       136.93,                 60522844.98,441404,N, ,10544,       295.35,       116.40
N,EQ,PNGJL,P N GADGIL JEWELLERS LTD,       588.60,       587.80,       603.95,       582.60,       597.05,                253422508.20,424424,N, ,18721,       736.40,       503.00
N,EQ,PNGSREVA,PNGS REVA DIAMOND JEWEL L,       547.20,       551.45,       653.00,       549.90,       631.00,               2795423921.75,4514798,N, ,121929,       653.00,       324.25
N,EQ,POCL,PONDY OXIDES & CHEM LTD,       447.25,       448.45,       450.95,       438.00,       448.40,                 80831121.40,181018,N, ,11058,      1619.00,       427.60
N,EQ,PODDARMENT,PODDAR PIGMENTS LIMITED,       253.30,       255.00,       257.70,       252.60,       254.80,                   546311.65,2146,N, ,104,       333.40,       201.10
N,EQ,POEL,P O C L ENTERPRISES LTD.,       133.71,       133.71,       137.70,       131.57,       135.86,                  5768485.06,42710,N, ,1831,       168.97,       131.57
N,EQ,POKARNA,POKARNA LIMITED,       709.90,       712.00,       712.20,       698.30,       704.45,                 22443034.90,31826,N, ,2495,      1146.20,       684.55
N,EQ,POLICYBZR,PB FINTECH LIMITED,      1034.90,      1034.50,      1041.20,      1012.00,      1040.00,               3605602754.30,3508117,N, ,69908,      1964.20,       945.10
N,EQ,POLYMED,POLY MEDICURE LIMITED,      1633.80,      1635.00,      1641.00,      1599.50,      1615.00,                186577775.70,114735,N, ,11936,      2094.30,      1182.00
N,EQ,POLYPLEX,POLYPLEX CORPORATION LTD,      1034.30,      1028.30,      1030.00,      1010.40,      1023.30,                 39256721.70,38428,N, ,3820,      1264.00,       740.00
N,SM,POLYSIL,POLYSIL IRRIGATION SYST L,        53.10,        52.00,        55.75,        51.60,        55.75,                   711650.00,13000,N, ,17,       356.75,        47.25
N,EQ,POLYSPIN,POLYSPIN EXPORTS LTD.,        28.95,        28.95,        29.97,        28.24,        29.00,                     4516.89,155,N, ,13,        36.49,        27.53
N,EQ,PONNIERODE,PONNIE SUGARS (ERODE) LTD,       374.55,       375.00,       379.80,       362.15,       365.40,                 28459068.90,76407,N, ,2330,       455.00,       252.40
N,EQ,POONAWALLA,POONAWALLA FINCORP LTD,       460.45,       459.70,       459.70,       447.85,       448.90,                465445457.45,1030916,N, ,43401,       570.40,       361.20
N,SM,POSITRON,POSITRON ENERGY LIMITED,       223.80,       227.70,       234.95,       227.70,       232.90,                  6638985.00,28500,N, ,72,       395.00,       105.90
N,EQ,POWERICA,POWERICA LIMITED,       601.70,       600.05,       613.60,       590.00,       600.95,                101012458.65,167821,N, ,6163,       676.95,       365.10
N,EQ,POWERMECH,POWER MECH PROJECTS LTD.,      2426.00,      2414.50,      2449.40,      2401.00,      2429.30,                 64313527.30,26530,N, ,6628,      3007.50,      1717.70
N,EQ,PPL,PRAKASH PIPES LIMITED,       252.65,       252.65,       252.95,       246.05,       247.60,                  7067998.45,28315,N, ,915,       334.40,       163.21
N,EQ,PPLPHARMA,PIRAMAL PHARMA LIMITED,       200.52,       200.06,       205.10,       199.99,       203.01,                465908131.41,2298287,N, ,40447,       231.93,       132.30
N,SM,PPSL,PICTUREPOST STUDIOS LTD,         2.85,         2.75,         2.80,         2.75,         2.80,                    33150.00,12000,N, ,4,        15.35,         2.10
N,EQ,PRABHA,PRABHA ENERGY LIMITED,       221.33,       220.91,       229.00,       220.01,       225.82,                 35248921.15,156054,N, ,2906,       262.80,       137.91
N,EQ,PRADPME,PRADEEP METALS LTD.,       544.25,       572.20,       653.10,       572.20,       620.90,                323477968.30,514852,N, ,14921,       653.10,       357.05
N,EQ,PRAENG,PRAJAY ENG. SYN. LTD.,        19.70,        20.40,        20.58,        17.67,        19.37,                  5724173.02,299127,N, ,831,        33.88,        17.00
N,EQ,PRAJIND,PRAJ INDUSTRIES LTD,       315.05,       315.05,       315.90,       299.20,       300.40,                197756720.35,649176,N, ,25376,       427.65,       273.00
N,EQ,PRAKASH,PRAKASH INDUSTRIES LTD,       119.70,       119.35,       119.40,       117.11,       118.31,                 31373222.88,264927,N, ,3034,       172.90,       110.24
N,EQ,PRAKASHSTL,PRAKASH STEELAGE LTD,         3.53,         3.53,         3.57,         3.41,         3.43,                   325873.23,93821,N, ,410,         6.57,         3.41
N,SM,PRAMARA,PRAMARA PROMOTIONS LTD,       104.45,       107.60,       109.65,       105.95,       108.00,                  1339850.00,12500,N, ,15,       374.80,        82.50
N,SM,PRAMODINI,PRAMODINI MEDICARE LTD,       116.35,       116.90,       117.00,       114.25,       115.20,                  2497320.00,21600,N, ,18,       137.00,       109.50
N,EQ,PRANAV,PRANAV CONSTRUCTIONS LTD,        90.90,        90.29,        95.88,        89.10,        94.22,                313718230.94,3367704,N, ,26100,       165.10,        89.10
N,SM,PRANIK,PRANIK LOGISTICS LIMITED,        45.15,        46.05,        46.05,        46.00,        46.00,                   294480.00,6400,N, ,2,        86.90,        37.00
N,EQ,PRASOLCHEM,PRASOL CHEMICALS LIMITED,       821.45,       824.20,       889.95,       821.45,       878.90,                527727587.45,609936,N, ,37029,       914.90,       601.00
N,SM,PRATHAM,PRATHAM EPC PROJECTS LTD,       122.50,       120.05,       120.05,       120.05,       120.05,                   816340.00,6800,N, ,9,       196.00,       100.00
N,EQ,PRAVEG,PRAVEG LTD.,       247.81,       249.03,       253.50,       241.00,       242.27,                  7010057.86,28238,N, ,1322,       325.00,       210.40
N,EQ,PRAXIS,PRAXIS HOME RETAIL LTD,         4.45,         4.48,         4.63,         4.48,         4.51,                   134794.67,29494,N, ,107,        14.44,         3.91
N,EQ,PRECAM,PRECISION CAMSHAFTS LTD.,       113.27,       112.65,       115.98,       109.00,       113.85,                 17629857.07,155014,N, ,3222,       205.90,       103.98
N,EQ,PRECOT,PRECOT LIMITED,       604.50,       595.80,       635.95,       595.10,       613.10,                   603217.85,996,N, ,128,       899.00,       300.05
N,EQ,PRECWIRE,PRECISION WIRES INDIA LTD,       515.15,       515.00,       522.05,       509.35,       516.60,                235570398.80,455686,N, ,19522,       524.90,       193.05
N,EQ,PREMCO,PREMCO GLOBAL LTD.,       405.90,       405.85,       405.85,       389.50,       397.15,                   491319.50,1232,N, ,103,       484.90,       355.00
N,EQ,PREMEXPLN,PREMIER EXPLOSIVES LTD,       685.10,       685.90,       693.90,       682.10,       687.05,                137279155.30,200274,N, ,4120,       829.80,       378.40
N,EQ,PREMIERENE,PREMIER ENERGIES LIMITED,       907.00,       900.15,       917.70,       894.35,       910.00,                836292359.95,918753,N, ,36967,      1134.00,       660.00
N,EQ,PREMIERPOL,PREMIER POLYFILM LTD,        97.23,        98.01,       103.89,        97.32,       101.23,                 81801956.14,809457,N, ,13498,       106.05,        38.00
N,SM,PREMIUM,PREMIUM PLAST LIMITED,        46.50,        44.30,        45.95,        44.30,        44.30,                   671250.00,15000,N, ,5,        48.20,        29.80
N,EQ,PRESTIGE,PRESTIGE ESTATE LTD,      1467.70,      1467.50,      1467.50,      1425.50,      1429.30,                850287858.70,589957,N, ,24871,      1805.20,      1090.00
N,EQ,PRICOLLTD,PRICOL LIMITED,       677.65,       681.00,       687.00,       658.65,       661.25,                405141567.15,609345,N, ,32212,       823.00,       499.90
N,EQ,PRIMESECU,PRIME SECURITIES LIMITED,       297.05,       301.50,       302.95,       294.25,       295.80,                  1474554.75,4970,N, ,302,       325.00,       253.10
N,EQ,PRIMO,PRIMO CHEMICALS LIMITED,        26.97,        27.44,        27.44,        25.25,        25.62,                  7320405.20,277273,N, ,1560,        29.80,        16.10
N,EQ,PRINCEPIPE,PRINCE PIPES FITTINGS LTD,       258.20,       256.55,       262.00,       253.15,       256.65,                 27073848.70,104909,N, ,3983,       352.20,       205.00
N,EQ,PRIORITY,PRIORITY JEWELS LIMITED,       311.85,       315.00,       342.70,       305.30,       319.55,                475532070.20,1457432,N, ,40413,       342.70,       209.61
N,EQ,PRISMX,PRISMX GLOBAL VENTURES L,         0.49,         0.50,         0.51,         0.49,         0.49,                    79213.86,159772,N, ,115,         0.63,         0.47
N,EQ,PRITI,PRITI INTERNATIONAL LTD,        31.66,        32.80,        32.90,        31.25,        32.20,                    70626.41,2193,N, ,114,        85.00,        30.50
N,SM,PRITIKA,PRITIKA ENG COMPO LTD,        62.90,        70.00,        70.00,        62.00,        67.45,                  4568400.00,66000,N, ,9,        91.45,        44.05
N,EQ,PRITIKAUTO,PRITIKA AUTO INDUS LTD,        16.33,        16.02,        16.78,        16.01,        16.18,                  2344139.69,143879,N, ,755,        20.99,        10.41
N,EQ,PRIVISCL,PRIVI SPECIALITY CHE LTD,      3504.90,      3504.90,      3545.00,      3476.00,      3519.20,                274695545.70,78112,N, ,13971,      3785.30,      2380.20
N,SM,PRLIND,PREMIER ROADLINES LIMITED,        42.95,        42.25,        43.85,        42.25,        43.65,                   945350.00,22000,N, ,20,        93.00,        37.60
N,SM,PROFX,PRO FX TECH LIMITED,        67.05,        66.00,        68.00,        66.00,        68.00,                   214400.00,3200,N, ,2,        98.90,        56.00
N,SM,PROPSHOP,PROPSHOP EVENTS AND EXH L,        71.50,        71.00,        71.00,        71.00,        71.00,                   142000.00,2000,N, ,1,        80.00,        52.45
N,EQ,PROSTARM,PROSTARM INFO SYSTEMS LTD,       132.91,       133.52,       133.76,       130.50,       131.36,                 15187777.93,115044,N, ,1850,       208.70,       114.64
N,EQ,PROTEAN,PROTEAN EGOV TECHNO LTD,       689.25,       685.00,       696.00,       666.95,       669.95,                319187274.20,469531,N, ,17219,       899.95,       444.00
N,SM,PROV,PROVENTUS AGROCOM LIMITED,      1960.00,      1950.00,      1990.00,      1950.00,      1961.00,                  1108080.00,560,N, ,4,      2050.00,      1020.00
N,EQ,PROZONER,PROZONE REALTY LIMITED,        52.45,        52.98,        55.50,        50.99,        54.06,                 37700539.71,710014,N, ,5684,        72.77,        39.55
N,EQ,PRSMJOHNSN,PRISM JOHNSON LIMITED,       103.48,       103.75,       103.75,       100.21,       100.71,                 33571179.11,332140,N, ,5785,       165.90,        97.10
N,EQ,PRUDENT,PRUDENT CORP ADV SER LTD,      3204.30,      3172.00,      3247.50,      3170.70,      3223.30,                 63946503.70,19841,N, ,7071,      4105.50,      2121.00
N,EQ,PRUDMOULI,PRUDENTIAL SUGAR CORPORAT,        13.81,        14.77,        14.77,        13.32,        13.54,                   237967.61,17056,N, ,93,        29.25,        11.26
N,EQ,PSB,PUNJAB & SIND BANK,        21.05,        21.10,        21.26,        20.87,        21.06,                 21862254.92,1039235,N, ,3060,        32.46,        20.50
N,SM,PSFL,PARAMOUNT SPECIALI FORG L,        32.50,        32.50,        32.50,        32.50,        32.50,                    65000.00,2000,N, ,1,        40.65,        21.15
N,EQ,PSPPROJECT,PSP PROJECTS LIMITED,       761.75,       762.50,       785.00,       760.00,       765.60,                 27874680.10,36096,N, ,2876,      1143.00,       569.20
N,SM,PSRAJ,P S RAJ STEELS LIMITED,        99.75,        99.40,        99.70,        98.00,        99.40,                  6704375.00,67500,N, ,20,       439.95,        76.10
N,EQ,PTC,PTC INDIA LIMITED,       157.14,       150.80,       152.14,       149.35,       151.72,                273101632.85,1807621,N,XD,16594,       229.51,       149.35
N,EQ,PTCIL,PTC INDUSTRIES LIMITED,     23125.00,     23850.00,     24800.00,     23755.00,     24685.00,               2839834360.00,117090,N, ,34410,     24800.00,     14499.00
N,EQ,PTL,PTL ENTERPRISES LTD,        38.23,        38.25,        38.41,        37.94,        38.20,                  2365787.10,62207,N, ,653,        43.77,        36.10
N,SM,PULZ,PULZ ELECTRONICS LIMITED,        21.50,        21.65,        21.65,        21.65,        21.65,                    43300.00,2000,N, ,1,        39.55,        19.50
N,EQ,PUNJABCHEM,PUNJAB CHEM & CROP PROT L,      1039.00,      1035.20,      1051.90,      1030.60,      1044.10,                  2055161.50,1977,N, ,359,      1533.90,       876.60
N,SM,PURPLEUTED,PURPLE UNITED SALES LTD,       495.85,       515.00,       520.60,       505.00,       509.40,                 33810650.00,65250,N, ,174,       587.95,       244.45
N,EQ,PURVA,PURAVANKARA LIMITED,       210.75,       208.99,       211.95,       206.82,       209.68,                 12223540.62,58462,N, ,1914,       287.30,       160.69
N,SM,PUSHPA,PUSHPA JEWELLERS LIMITED,       120.45,       120.05,       123.00,       113.00,       115.55,                 14037500.00,116000,N, ,95,       148.75,        81.15
N,EQ,PVP,PVP VENTURES LIMITED,        50.34,        52.85,        52.85,        52.85,        52.85,                  3438526.70,65062,N, ,113,        72.04,        23.00
N,EQ,PVRINOX,PVR INOX LIMITED,      1249.40,      1287.00,      1374.80,      1276.00,      1343.80,               6786894721.30,5065408,N, ,214177,      1374.80,       907.40
N,EQ,PVSL,POPULAR VEHICLES N SER L,        94.57,        95.40,        97.00,        93.00,        95.37,                   980766.54,10323,N, ,536,       163.00,        82.41
N,EQ,PWL,PHYSICSWALLAH LIMITED,       131.86,       131.02,       140.20,       130.70,       139.57,               4829337695.18,34917953,N, ,184756,       161.99,        77.72
N,EQ,PYRAMID,PYRAMID TECHNOPLAST LTD,       159.71,       157.84,       157.90,       148.21,       151.27,                 17424616.63,114998,N, ,2042,       198.69,       131.80
N,EQ,QGOLDHALF,QUANTUM GOLD ETF,       121.86,       121.85,       121.85,       120.89,       121.30,                 17791316.10,146528,N, ,574,       149.69,        95.51
N,SM,QLINE,Q-LINE BIOTECH LIMITED,       658.15,       657.95,       685.40,       657.00,       684.35,                 29159700.00,43200,N, ,102,       735.00,       431.00
N,EQ,QPOWER,QUALITY POWER ELEC EQUP L,      1648.80,      1664.00,      1666.00,      1595.00,      1615.00,                518666678.20,318497,N, ,18133,      1681.00,       581.00
N,EQ,QUADFUTURE,QUADRANT FUTURE TEK LTD,       547.40,       547.40,       549.00,       531.25,       534.40,                112404162.55,209072,N, ,8970,       567.20,       248.55
N,SM,QUALIANCE,QUALIANCE INTERNATIONAL L,       166.40,       166.40,       177.50,       165.05,       175.45,                  9590350.00,56000,N, ,49,       236.10,       160.00
N,EQ,QUESS,QUESS CORP LIMITED,       334.45,       332.25,       342.75,       324.10,       328.40,                 79856478.65,239909,N, ,8412,       388.75,       166.30
N,SM,QUESTLAB,QUEST LABORATORIES LTD,        92.60,        91.00,        93.50,        90.10,        93.45,                  2884320.00,31200,N, ,17,       152.60,        68.60
N,EQ,QUICKHEAL,QUICK HEAL TECH LTD,       140.42,       141.12,       145.85,       139.14,       140.97,                  9338742.92,65681,N, ,1930,       371.40,       125.00
N,SM,QUICKTOUCH,QUICKTOUCH TECHNOLOGIES L,        14.00,        13.55,        14.60,        13.35,        14.55,                   211275.00,15500,N, ,14,        48.00,        13.35
N,EQ,QUINTEGRA,QUINTEGRA SOLUTIONS LTD.,         1.47,         1.54,         1.54,         1.54,         1.54,                     2448.60,1590,N, ,5,         1.79,         1.10
N,SM,QVCEL,QVC EXPORTS LIMITED,        25.75,        25.00,        25.00,        25.00,        25.00,                    40000.00,1600,N, ,1,        35.30,        21.75
N,EQ,RACE,RACE ECO CHAIN LIMITED,       108.75,       107.99,       107.99,       102.24,       103.75,                  9491282.71,90297,N, ,835,       240.00,        84.11
N,EQ,RACLGEAR,RACL GEARTECH LIMITED,      1593.40,      1603.00,      1618.00,      1568.10,      1589.50,                 25387201.90,15992,N, ,3040,      1927.70,       921.80
N,EQ,RADAAN,RADAAN MEDIAWORKS (I) LTD,         2.98,         2.98,         2.98,         2.87,         2.89,                    20629.97,7107,N, ,57,         3.99,         2.35
N,EQ,RADIANTCMS,RADIANT CASH MGMT SER LTD,        34.82,        34.82,        35.40,        34.20,        34.52,                  3617186.73,104256,N, ,1015,        57.49,        32.33
N,EQ,RADICO,RADICO KHAITAN LTD,      4460.10,      4451.00,      4531.20,      4425.30,      4495.00,               2066386623.30,460029,N, ,47924,      4747.00,      2500.00
N,EQ,RADIOCITY,MUSIC BROADCAST LIMITED,         6.01,         6.04,         6.04,         5.81,         5.87,                   143385.82,24410,N, ,155,         8.64,         4.50
N,EQ,RAILTEL,RAILTEL CORP OF IND LTD,       257.65,       258.45,       258.45,       252.90,       254.65,                 80738765.90,317218,N, ,9820,       400.80,       245.00
N,EQ,RAIN,RAIN INDUSTRIES LIMITED,       212.63,       211.14,       220.89,       210.26,       218.95,                964860847.51,4431420,N, ,36244,       252.00,        99.90
N,EQ,RAINBOW,RAINBOW CHILDRENS MED LTD,      1239.70,      1237.00,      1288.70,      1198.00,      1270.70,                506192321.60,409464,N, ,40699,      1610.00,      1084.00
N,SM,RAJINDLTD,RAJPUTANA INDUSTRIES LTD,        66.45,        68.65,        68.65,        65.00,        65.00,                   400050.00,6000,N, ,4,        91.00,        60.00
N,EQ,RAJMET,RAJNANDINI METAL LIMITED,         3.08,         3.13,         3.13,         3.05,         3.10,                   482618.97,156016,N, ,585,         5.28,         2.72
N,EQ,RAJOOENG,RAJOO ENGINEERS LIMITED,        56.95,        57.74,        62.90,        56.76,        62.37,                177112565.52,2912369,N, ,18170,        95.06,        46.00
N,EQ,RAJPALAYAM,RAJAPALAYAM MILLS LTD.,       743.95,       768.00,       768.00,       710.00,       743.80,                  1425616.15,1936,N, ,92,       875.00,       710.00
N,SM,RAJPUTANA,RAJPUTANA BIODIESEL LTD,       205.25,       218.75,       218.75,       195.00,       200.05,                 12714800.00,63500,N, ,67,       299.00,       169.00
N,EQ,RAJRATAN,RAJRATAN GLOBAL WIRE LTD,       467.30,       468.00,       471.80,       455.60,       460.60,                 34549205.90,74372,N, ,4314,       563.95,       305.55
N,EQ,RAJSREESUG,RAJSHREE SUGAR & CHEMICAL,        29.58,        28.69,        30.15,        27.08,        27.40,                 10355481.68,368626,N, ,2183,        42.48,        24.65
N,EQ,RALLIS,RALLIS INDIA LTD,       200.30,       199.90,       200.47,       197.75,       200.03,                 63880614.92,320141,N, ,19266,       315.00,       196.76
N,EQ,RAMANEWS,SHREE RAMA NEWSPRINT LTD,        28.88,        29.59,        29.59,        28.61,        28.98,                   229176.35,7824,N, ,84,        42.00,        27.05
N,EQ,RAMAPHO,RAMA PHOSPHATES LIMITED,       117.99,       119.90,       119.90,       114.50,       115.17,                  7031858.31,60428,N, ,864,       217.19,       103.50
N,EQ,RAMBHAJO,ADVIT JEWELS LIMITED,       330.35,       329.45,       363.35,       327.25,       360.80,                611309213.60,1711528,N, ,27248,       363.35,       161.60
N,EQ,RAMCOCEM,THE RAMCO CEMENTS LIMITED,       848.25,       850.25,       850.25,       833.50,       845.00,                138858260.60,165100,N, ,7610,      1214.50,       816.15
N,EQ,RAMCOIND,RAMCO INDUSTRIES LIMITED,       297.75,       299.00,       302.50,       295.75,       299.70,                 27060808.50,90554,N, ,2271,       395.50,       230.65
N,EQ,RAMCOSYS,RAMCO SYSTEMS LTD.,       563.50,       563.50,       578.00,       557.05,       574.35,                 28247919.85,49520,N, ,2819,       967.50,       342.10
N,EQ,RAMKY,RAMKY INFRA LTD,       286.65,       288.10,       288.10,       278.10,       281.70,                  9926022.60,35235,N, ,1214,       705.00,       264.50
N,EQ,RAMRAT,RAM RATNA WIRES LIMITED,       641.20,       639.05,       641.50,       630.55,       637.40,                 72539012.40,113963,N, ,8078,       669.20,       268.00
N,EQ,RANASUG,RANA SUGARS LTD.,        13.81,        13.70,        14.10,        13.70,        13.82,                  3688236.92,266483,N, ,803,        16.45,        10.21
N,EQ,RANEHOLDIN,RANE HOLDINGS LIMITED,      1547.40,      1535.80,      1555.00,      1510.00,      1536.60,                  9568541.30,6257,N, ,781,      1894.50,       981.00
N,SM,RAPIDFLEET,RAPID FLEET MGT SERVICE L,       205.65,       206.00,       207.00,       206.00,       207.00,                  1485750.00,7200,N, ,12,       244.90,       158.00
N,SM,RAPPID,RAPPID VALVES (INDIA) LTD,       338.00,       333.10,       335.00,       330.00,       330.00,                  1596060.00,4800,N, ,8,       376.00,       207.00
N,EQ,RATEGAIN,RATEGAIN TRAVEL TECHN LTD,       854.45,       848.05,       863.05,       845.55,       854.55,                148292476.15,173482,N, ,14071,      1050.00,       437.00
N,EQ,RATNAMANI,RATNAMANI MET & TUB LTD.,      2601.20,      2617.00,      2617.00,      2511.00,      2524.30,                129962738.90,50917,N, ,8013,      3345.00,      1936.50
N,EQ,RATNAVEER,RATNAVEER PRECISION ENG L,       335.25,       336.00,       351.90,       334.35,       336.45,               1782312780.20,5211840,N, ,47733,       357.70,       130.50
N,EQ,RAYMOND,RAYMOND LTD,      1294.30,      1287.50,      1289.20,      1193.70,      1206.70,               2185259410.00,1774220,N, ,81478,      1339.00,       320.00
N,EQ,RAYMONDLSL,RAYMOND LIFESTYLE LIMITED,       649.85,       649.60,       651.40,       623.10,       624.85,                105969012.60,167854,N, ,8029,      1246.40,       615.00
N,EQ,RAYMONDREL,RAYMOND REALTY LIMITED,       707.80,       702.45,       726.50,       690.30,       701.80,                921976369.75,1304100,N, ,40920,       741.95,       349.00
N,EQ,RBA,RESTAURANT BRAND ASIA LTD,        95.10,        95.39,        96.60,        93.40,        96.08,                297698988.78,3125930,N, ,22117,       111.15,        57.15
N,EQ,RBLBANK,RBL BANK LIMITED,       414.50,       412.50,       416.80,       410.30,       412.00,                684672360.65,1657559,N, ,27603,       429.60,       272.10
N,SM,RBMINFRA,RBM INFRACON LIMITED,       239.50,       239.50,       242.80,       236.00,       237.50,                  5570760.00,23200,N, ,75,       524.80,       221.00
N,SM,RBS,RAMDEVBABA SOLVENT LTD,        80.00,        79.00,        82.00,        79.00,        82.00,                   384400.00,4800,N, ,6,       126.50,        58.80
N,SM,RCDL,RAJGOR CASTOR DERIVATI L,        15.35,        14.60,        16.10,        14.60,        16.05,                  6727950.00,444000,N, ,80,        35.00,        13.40
N,EQ,RCF,RASHTRIYA CHEMICALS & FER,       108.94,       108.70,       108.70,       107.02,       107.58,                 48691892.73,451969,N, ,5563,       157.20,       106.00
N,SM,READYMIX,READYMIX CONSTRU MACHI L,        54.35,        54.00,        55.00,        52.40,        55.00,                  1523150.00,28000,N, ,24,       154.90,        52.40
N,EQ,RECLTD,REC LIMITED,       300.00,       300.00,       306.85,       297.45,       298.90,               2090269185.95,6950416,N, ,71929,       388.30,       286.20
N,EQ,REDINGTON,REDINGTON LIMITED,       405.70,       406.00,       411.00,       401.50,       406.50,               1017973768.80,2508651,N, ,48685,       419.50,       191.31
N,EQ,REDTAPE,REDTAPE LIMITED,       114.80,       114.70,       114.70,       112.95,       113.63,                 16631273.28,146070,N, ,3614,       158.99,       107.53
N,EQ,REFEX,REFEX INDUSTRIES LIMITED,       265.15,       263.00,       275.00,       262.40,       266.35,                 51034204.10,191336,N, ,4046,       382.40,       188.00
N,SM,REFRACTORY,REFRACTORY SHAPES LIMITED,        39.70,        37.75,        37.75,        37.75,        37.75,                   604000.00,16000,N, ,7,        61.20,        23.15
N,EQ,REGAAL,REGAAL RESOURCES LIMITED,        85.94,        86.79,        86.79,        84.67,        85.49,                 14183874.34,166086,N, ,2385,       103.00,        57.27
N,EQ,REGENCERAM,REGENCY CERAMICS LTD.,        33.28,        32.06,        32.96,        31.10,        31.66,                   311816.93,9795,N, ,166,        54.99,        30.00
N,EQ,RELAXO,RELAXO FOOT LTD.,       290.50,       290.55,       292.00,       285.95,       287.75,                 22274013.55,77339,N, ,4481,       454.75,       236.50
N,EQ,RELCHEMQ,RELIANCE CHEMOTEX IND LTD,       113.40,       113.27,       114.99,       113.01,       114.19,                   113426.28,995,N, ,69,       163.00,       105.01
N,EQ,RELIABLE,RELIABLE DATA SERVICE LTD,       139.30,       144.00,       144.00,       139.00,       141.58,                  1245784.34,8871,N, ,343,       175.00,       104.74
N,EQ,RELIGARE,RELIGARE ENTER. LTD.,       227.75,       226.20,       228.79,       223.86,       224.92,                344097357.93,1529143,N, ,12570,       280.00,       196.51
N,EQ,RELTD,RAVINDRA ENERGY LIMITED,       147.25,       146.60,       150.79,       145.00,       148.58,                 80642026.33,539786,N, ,3287,       196.45,       117.07
N,EQ,REMSONSIND,REMSONS INDUSTRIES LTD,       108.67,       104.99,       110.88,       101.00,       104.02,                 90719800.82,869358,N, ,6649,       152.45,        75.23
N,SM,REMUS,REMUS PHARMACEUTICALS L,       844.45,       840.05,       874.90,       840.00,       856.25,                  3181030.00,3700,N, ,36,      1007.00,       580.00
N,EQ,RENTOMOJO,RENTOMOJO LIMITED,       545.20,       551.40,       643.50,       550.00,       618.95,              11253930362.80,18424264,N, ,396201,       643.50,       482.45
N,EQ,RENUKA,SHREE RENUKA SUGARS LTD,        22.65,        22.58,        23.27,        22.45,        22.78,                270649191.33,11798511,N, ,19180,        31.35,        20.95
N,EQ,REPCOHOME,REPCO HOME FINANCE LTD,       326.45,       326.45,       342.50,       325.80,       339.80,                 52904865.95,156577,N, ,8389,       455.90,       325.65
N,EQ,REPL,RUDRABHISHEK ENTERP LTD,        56.83,        57.01,        57.01,        54.05,        55.30,                   322144.50,5726,N, ,81,       154.49,        54.05
N,EQ,REPRO,REPRO INDIA LIMITED,       296.35,       297.85,       304.90,       287.00,       295.70,                  6004355.35,20376,N, ,1332,       590.00,       276.10
N,EQ,RESPONIND,RESPONSIVE INDUSTRIES LTD,       156.31,       156.00,       166.23,       155.80,       159.73,                 71646242.01,443322,N, ,8476,       240.90,       117.25
N,EQ,RGL,RENAISSANCE GLOBAL LTD,       163.62,       163.62,       170.19,       162.68,       168.47,                100337241.07,600665,N, ,9321,       173.80,        85.00
N,EQ,RHETAN,RHETAN TMT LIMITED,        16.59,        17.41,        17.41,        17.40,        17.40,                224851182.13,12917219,N, ,2492,        34.87,        14.42
N,EQ,RHIM,RHI MAGNESITA INDIA LTD,       373.40,       377.25,       381.70,       366.80,       369.45,                150104615.95,402448,N, ,14032,       508.30,       323.05
N,EQ,RHL,ROBUST HOTELS LIMITED,       165.25,       162.01,       165.98,       162.01,       165.87,                   305799.39,1867,N, ,73,       273.90,       160.30
N,SM,RICHA,RICHA INFO SYSTEMS LTD,        83.25,        83.25,        83.25,        83.25,        83.25,                    83250.00,1000,N, ,1,        95.00,        54.00
N,EQ,RICOAUTO,RICO AUTO INDUSTRIES LTD,       121.83,       122.85,       126.19,       120.53,       123.45,                112291892.01,908338,N, ,9200,       157.99,        78.92
N,EQ,RIIL,RELIANCE INDUSTRIAL INFRA,       681.70,       682.00,       740.45,       675.00,       705.05,                317066380.95,440480,N, ,19935,       964.00,       617.35
N,IV,RIIT,RAAJMARG INFRA INVEST T,       120.69,       121.80,       121.80,       119.51,       121.00,                  6630286.05,54860,N, ,2258,       127.00,       105.30
N,SM,RILINFRA,RACHANA INFRA LTD,        32.50,        32.90,        33.40,        32.50,        32.50,                   128485.00,3900,N, ,29,        47.50,        27.60
N,EQ,RIR,RIR POWER ELECTRONICS L,       183.49,       184.80,       188.35,       181.10,       183.81,                109375475.08,593105,N, ,10366,       213.94,       154.00
N,EQ,RISHABH,RISHABH INSTRUMENTS LTD,       688.40,       689.00,       690.00,       670.15,       674.20,                 70293025.65,103620,N, ,5554,       852.00,       315.00
N,EQ,RITCO,RITCO LOGISTICS LIMITED,       285.55,       286.40,       288.95,       282.00,       284.05,                 12345201.20,43301,N, ,1012,       331.15,       167.10
N,EQ,RITES,RITES LIMITED,       203.51,       203.50,       203.79,       199.65,       200.74,                 88854436.36,441765,N, ,9722,       259.70,       175.00
N,EQ,RKDL,RAVI KUMAR DIST. LTD.,        17.27,        17.27,        17.69,        16.86,        16.93,                    76714.37,4504,N, ,194,        27.89,        16.30
N,EQ,RKFORGE,RAMKRISHNA FORGINGS LTD,       732.65,       734.00,       734.00,       714.00,       716.40,                405312481.35,562430,N, ,17995,       772.80,       460.15
N,EQ,RKSWAMY,R K SWAMY LIMITED,        87.87,        89.48,        89.50,        86.77,        88.16,                  1392476.66,15829,N, ,309,       150.01,        67.15
N,EQ,RMC,RMC SWITCHGEARS LIMITED,       196.05,       198.00,       202.00,       195.00,       196.41,                 15074481.63,76677,N, ,1110,       530.00,       190.00
N,EQ,RML,RANE (MADRAS) LIMITED,      1394.40,      1380.00,      1392.00,      1330.00,      1336.40,                 74093559.20,54933,N, ,5972,      1440.00,       608.50
N,SM,RNFI,RNFI SERVICES LIMITED,       331.00,       334.00,       338.00,       320.00,       321.05,                 13507860.00,40800,N, ,59,       388.00,       216.00
N,SM,RNPL,RENOL POLYCHEM LIMITED,        75.95,        79.70,        79.70,        79.70,        79.70,                   382560.00,4800,N, ,4,       158.00,        52.60
N,SM,ROCKINGDCE,ROCKINGDEALS CIRCU ECO L,       219.20,       211.00,       214.90,       207.20,       212.40,                  1432625.00,6750,N, ,25,       283.85,       123.90
N,E1,ROCKPP,ROCKINGDCE RS.5 PPD UP,        62.90,        65.00,        65.00,        65.00,        65.00,                    65000.00,1000,N, ,1,       101.75,        51.00
N,EQ,ROHLTD,ROYAL ORCHID HOTELS LTD,       300.75,       300.70,       304.35,       296.00,       297.25,                  1986212.25,6645,N, ,451,       562.95,       269.40
N,EQ,ROLEXRINGS,ROLEX RINGS LIMITED,       188.18,       189.00,       189.04,       182.61,       183.67,                437236750.07,2364465,N, ,39560,      1423.10,        99.79
N,EQ,ROML,RAJ OIL MILLS LIMITED,        42.99,        43.00,        43.30,        41.12,        43.20,                    19231.73,451,N, ,32,        62.00,        35.11
N,EQ,ROSSARI,ROSSARI BIOTECH LIMITED,       427.45,       429.00,       431.65,       421.60,       422.90,                 16426710.25,38540,N, ,2974,       690.30,       375.00
N,EQ,ROSSELLIND,ROSSELL INDIA LIMITED,        50.68,        51.00,        53.20,        49.82,        52.26,                  2206148.56,42281,N, ,758,        73.00,        40.00
N,EQ,ROSSTECH,ROSSELL TECHSYS LIMITED,      1612.10,      1615.00,      1643.40,      1581.40,      1622.40,                228809230.40,141894,N, ,16517,      1699.00,       551.90
N,EQ,ROTO,ROTO PUMPS LIMITED,        62.24,        62.24,        63.16,        61.90,        62.35,                 17490946.12,280036,N, ,2542,        80.77,        47.50
N,EQ,ROUTE,ROUTE MOBILE LIMITED,       430.80,       431.95,       433.00,       424.40,       426.50,                 54659067.60,127804,N, ,5754,       799.20,       410.70
N,SM,ROXHITECH,ROX HI TECH LIMITED,        70.55,        70.50,        70.50,        64.20,        64.90,                  6182080.00,92800,N, ,50,        71.80,        22.95
N,SM,ROYALARC,ROYAL ARC ELECTRODES LTD,       152.00,       153.00,       155.00,       153.00,       153.00,                   736800.00,4800,N, ,4,       197.00,       126.50
N,EQ,RPEL,RAGHAV PRODUCTIVITY ENH L,      1835.60,      1859.90,      1925.00,      1751.00,      1820.90,                462857188.80,249601,N, ,25799,      1943.70,       561.30
N,EQ,RPGLIFE,RPG LIFE SCIENCES LTD,      2933.20,      2940.00,      2948.90,      2860.00,      2892.80,                 46202693.40,15914,N, ,2046,      3127.80,      1733.00
N,EQ,RPOWER,RELIANCE POWER LTD.,        20.49,        20.59,        20.72,        20.20,        20.32,                409723938.27,20012310,N, ,31285,        50.73,        19.09
N,EQ,RPPINFRA,R.P.P INFRA PROJECTS LTD,        51.53,        50.25,        52.50,        50.25,        51.43,                  2508680.82,48709,N, ,608,       130.00,        50.10
N,EQ,RPSGVENT,RPSG VENTURES LIMITED,       833.10,       887.00,       916.40,       861.00,       870.15,                120526836.90,134474,N, ,4761,      1179.00,       551.90
N,EQ,RPTECH,RASHI PERIPHERALS LIMITED,       958.25,       958.30,       969.00,       933.50,       939.70,                204997859.60,216975,N, ,16582,      1004.70,       313.05
N,EQ,RRECL,RDB REAL ESTATE CONS L,       125.17,       127.40,       127.40,       124.00,       124.00,                    38423.43,309,N, ,9,       152.00,       111.20
N,EQ,RRIL,R R I L LTD.,        16.18,        16.66,        16.66,        15.62,        16.07,                   300036.80,18854,N, ,95,        21.50,        15.06
N,EQ,RRKABEL,R R KABEL LIMITED,      2789.70,      2785.00,      2789.00,      2683.30,      2722.50,               1369752739.50,502681,N, ,49725,      2983.80,      1218.90
N,EQ,RSL,RAJPUTANA STAINLESS LTD,       176.06,       177.00,       177.00,       174.00,       174.51,                 30534881.36,174318,N, ,3746,       202.22,       101.70
N,EQ,RSSOFTWARE,R. S. SOFTWARE (INDIA) LI,        30.44,        30.15,        30.79,        29.60,        30.04,                   437625.93,14524,N, ,148,        75.25,        21.93
N,EQ,RSWM,RSWM LIMITED,       207.03,       205.25,       208.67,       203.00,       203.83,                  6839701.80,33308,N, ,663,       238.00,       120.00
N,EQ,RSYSTEMS,R SYS INTERNATIONAL LTD,       246.30,       248.65,       255.30,       242.80,       252.35,                329467427.00,1316807,N, ,22385,       435.90,       213.52
N,EQ,RTNINDIA,RATTANINDIA ENT LIMITED,        26.13,        26.21,        26.21,        25.45,        25.78,                 24677041.65,959214,N, ,4276,        54.50,        24.40
N,EQ,RTNPOWER,RATTANINDIA POWER LIMITED,         6.75,         6.71,         6.76,         6.68,         6.70,                 46386523.12,6903506,N, ,8139,        11.94,         6.66
N,EQ,RUBFILA,RUBFILA INTERNATIONAL LTD,        63.59,        63.11,        65.56,        63.11,        64.90,                  2224441.77,34378,N, ,679,        86.00,        57.31
N,EQ,RUBICON,RUBICON RESEARCH LIMITED,      1596.80,      1596.80,      1596.80,      1553.70,      1575.60,                231464688.80,147284,N, ,18180,      1899.00,       570.75
N,EQ,RUBYMILLS,THE RUBY MILLS LTD,       512.80,       510.05,       523.80,       490.00,       509.80,                  6333539.30,12360,N, ,1087,       523.80,       169.02
N,EQ,RUCHINFRA,RUCHI INFRASTRUCTURE LTD,         4.98,         5.07,         5.08,         4.90,         4.94,                   337755.19,68197,N, ,246,         7.70,         4.05
N,EQ,RUCHIRA,RUCHIRA PAPERS LIMITED,       102.78,       103.99,       103.99,       101.48,       103.15,                   992767.85,9650,N, ,290,       147.50,        95.17
N,EQ,RUDRA,RUDRA GLOBAL INFRA PROD L,        17.81,        18.20,        21.10,        17.61,        19.46,                 12306487.96,599677,N, ,840,        29.70,        14.63
N,SM,RULKA,RULKA ELECTRICALS LIMITED,       105.00,       105.00,       105.00,       102.05,       102.05,                   217185.00,2100,N, ,5,       139.75,        72.95
N,EQ,RUNWALENTR,RUNWAL ENTERPRISES LTD,       290.60,       289.00,       293.70,       275.00,       279.10,                248484283.40,866944,N, ,16487,       307.75,       275.00
N,EQ,RUPA,RUPA & COMPANY LTD,       128.99,       128.35,       131.48,       126.90,       127.62,                 14787577.30,114842,N, ,5889,       207.71,       109.21
N,EQ,RUSHIL,RUSHIL DECOR LIMITED,        15.54,        15.55,        15.84,        15.07,        15.17,                  3197262.54,208821,N, ,699,        29.67,        12.49
N,EQ,RUSTOMJEE,KEYSTONE REALTORS LIMITED,       368.55,       370.40,       382.00,       360.00,       379.30,                 29020163.20,77255,N, ,2330,       634.00,       331.90
N,EQ,RVHL,RAVINDER HEIGHTS LIMITED,        37.26,        37.85,        37.99,        37.00,        37.38,                   445288.04,11908,N, ,81,        62.15,        28.50
N,EQ,RVNL,RAIL VIKAS NIGAM LIMITED,       198.78,       198.00,       198.25,       194.65,       195.87,                549403654.97,2797757,N, ,27440,       400.70,       194.05
N,EQ,RVTH,REVATHI EQUIPMENT INDIA L,       756.20,       725.05,       743.00,       725.05,       726.75,                   340178.90,467,N, ,53,      1128.00,       491.10
N,EQ,S&SPOWER,S&S POWER SWITCHGEARS LTD,       286.00,       286.00,       293.50,       274.00,       290.60,                  2543236.05,8966,N, ,887,       444.95,       193.50
N,EQ,SAATVIKGL,SAATVIK GREEN ENERGY LTD,       402.50,       406.80,       421.75,       399.00,       405.30,                 61922052.95,150423,N, ,4432,       567.00,       328.00
N,SM,SACHEEROME,SACHEEROME LIMITED,       511.85,       508.00,       508.00,       496.15,       500.35,                  6761565.00,13500,N, ,41,       552.75,       201.00
N,EQ,SADBHAV,SADBHAV ENGINEERING LTD,         6.85,         6.85,         7.19,         6.66,         6.92,                   988437.55,141726,N, ,495,        14.70,         6.05
N,EQ,SADBHIN,SADBHAV INFRA PROJ LTD.,         2.56,         2.58,         2.63,         2.54,         2.60,                   193001.28,74920,N, ,178,         4.79,         2.06
N,SM,SADHAV,SADHAV SHIPPING LIMITED,       114.50,       112.50,       114.00,       111.00,       111.55,                  1005750.00,9000,N, ,13,       128.85,        86.30
N,EQ,SAFARI,SAFARI IND (INDIA) LTD,      1318.00,      1324.90,      1345.00,      1306.40,      1319.20,                 33556442.60,25293,N, ,5490,      2507.10,      1299.20
N,SM,SAFEENTP,SAFE ENTER RETAIL FIX LTD,       250.05,       253.00,       261.00,       252.95,       260.45,                 10482125.00,40500,N, ,65,       319.00,       175.00
N,EQ,SAGARDEEP,SAGARDEEP ALLOYS LIMITED,        23.14,        22.22,        23.78,        22.11,        22.18,                   190526.88,8512,N, ,147,        31.48,        20.81
N,EQ,SAGCEM,SAGAR CEMENTS LIMITED,       146.60,       146.00,       150.80,       143.20,       143.91,                  6361178.77,43307,N, ,916,       257.64,       141.52
N,EQ,SAGILITY,SAGILITY LIMITED,        43.88,        43.88,        44.35,        43.00,        43.11,                356085860.09,8174501,N, ,18004,        57.89,        35.83
N,SM,SAHAJSOLAR,SAHAJ SOLAR LIMITED,        91.15,        87.30,        89.95,        87.30,        88.55,                  1306400.00,14800,N, ,32,       232.50,        84.50
N,SM,SAHANA,SAHANA SYSTEM LIMITED,       926.60,       921.00,       944.00,       890.00,       915.50,                 78543225.00,85950,N, ,336,      1219.00,       685.00
N,SM,SAHASRA,SAHASRA ELECTRONIC SOLU L,       475.90,       464.00,       487.75,       452.15,       452.15,                 55743120.00,120800,N, ,283,       521.80,       188.35
N,EQ,SAHLIBHFI,SHALIBHADRA FINANCE LTD,        76.71,        78.90,        79.40,        75.15,        76.31,                  1056650.74,13656,N, ,462,        91.95,        66.60
N,EQ,SAHYADRI,SAHYADRI INDUSTRIES LTD,       354.05,       352.50,       363.00,       345.20,       352.10,                  1939840.90,5520,N, ,318,       408.95,       200.10
N,EQ,SAICAPI,SAI CAPITAL LTD.,       150.16,       153.16,       153.16,       140.00,       146.08,                    93406.81,639,N, ,60,       170.05,       133.50
N,SM,SAIFL,SAMEERA AGRO AND INFRA L,         4.30,         4.25,         4.35,         4.10,         4.15,                   452200.00,108000,N, ,26,        20.25,         3.90
N,EQ,SAIL,STEEL AUTHORITY OF INDIA,       178.10,       176.72,       177.35,       173.62,       174.31,               1554607575.17,8859876,N, ,48333,       209.70,       124.00
N,EQ,SAILIFE,SAI LIFE SCIENCES LIMITED,      1558.10,      1558.00,      1590.00,      1544.10,      1561.80,               1030091961.80,656465,N, ,35049,      1697.00,       783.85
N,EQ,SAIPARENT,SAI PARENTERALS LIMITED,       522.90,       524.00,       528.90,       515.40,       521.65,                 66812209.75,127845,N, ,5458,       706.00,       400.00
N,EQ,SAKAR,SAKAR HEALTHCARE LIMITED,      1048.50,      1056.60,      1058.50,      1011.10,      1020.10,                 63931853.40,62173,N, ,5784,      1229.85,       345.50
N,EQ,SAKHTISUG,SAKTHI SUGARS LTD,        18.88,        18.98,        19.30,        18.52,        18.63,                  2788863.58,147331,N, ,756,        23.29,        13.52
N,EQ,SAKSOFT,SAKSOFT LIMITED,       142.74,       142.74,       142.74,       137.30,       139.08,                 29134709.62,207978,N, ,3954,       222.99,       107.59
N,EQ,SAKUMA,SAKUMA EXPORTS LIMITED,         1.51,         1.53,         1.53,         1.48,         1.50,                  1489425.46,993343,N, ,739,         3.10,         1.10
N,EQ,SALASAR,SALASAR TECHNO ENGG. LTD.,         4.22,         4.15,         4.22,         4.13,         4.17,                 10890911.85,2607156,N, ,2603,        10.99,         3.80
N,EQ,SALONA,SALONA COTSPIN LTD.,       274.20,       269.00,       284.00,       269.00,       276.55,                    32355.10,118,N, ,26,       320.00,       200.00
N,EQ,SALSTEEL,S.A.L. STEEL LTD.,        89.60,        89.20,        93.23,        85.41,        86.44,                 88444810.78,989979,N, ,5947,       102.40,        26.10
N,EQ,SALZERELEC,SALZER ELECTRONICS LTD,       524.95,       524.95,       528.45,       518.35,       521.00,                 15162321.45,29076,N, ,1338,       952.50,       488.80
N,EQ,SAMBANDAM,SAMBANDAM SPINNING MILL L,       102.15,       105.25,       105.25,       105.25,       105.25,                    10630.25,101,N, ,5,       161.90,        97.70
N,EQ,SAMBHAAV,SAMBHAAV MEDIA LTD,         5.25,         5.58,         5.58,         4.99,         5.10,                   417474.51,81651,N, ,161,        11.53,         4.99
N,EQ,SAMBHV,SAMBHV STEEL TUBES LTD,       162.19,       161.24,       162.20,       157.41,       158.32,                248255863.34,1552880,N, ,15864,       171.70,        81.42
N,EQ,SAMHI,SAMHI HOTELS LIMITED,       149.73,       151.60,       151.60,       146.00,       147.25,                 98508828.01,665337,N, ,9548,       217.30,       127.00
N,EQ,SAMMAANCAP,SAMMAAN CAPITAL LIMITED,       134.40,       134.90,       135.10,       132.00,       132.94,                374831359.80,2802056,N, ,22700,       192.95,       129.00
N,EQ,SAMPANN,SAMPANN UTPADAN INDIA LTD,        23.99,        24.05,        24.05,        23.56,        23.96,                    98604.84,4119,N, ,135,        43.44,        23.07
N,EQ,SANATHAN,SANATHAN TEXTILES LIMITED,       525.65,       525.65,       530.95,       512.90,       522.85,                 17641628.55,33869,N, ,2170,       544.30,       352.60
N,EQ,SANDESH,SANDESH LTD,      1017.40,      1000.00,      1025.00,       997.65,      1002.05,                  1162009.75,1150,N, ,159,      1270.00,       811.00
N,EQ,SANDHAR,SANDHAR TECHNOLOGIES LTD,       558.10,       561.85,       565.95,       553.10,       561.30,                 51576454.50,92072,N, ,6841,       763.20,       424.00
N,EQ,SANDUMA,SANDUR MANG & IRON ORES L,       183.38,       182.88,       182.90,       179.67,       181.19,                 57393413.91,317131,N, ,7168,       273.00,       170.51
N,EQ,SANGAMIND,SANGAM (INDIA) LTD,       642.40,       636.90,       649.40,       620.55,       624.05,                 17308523.35,27370,N, ,1490,       672.50,       391.20
N,SM,SANGANI,SANGANI HOSPITALS LIMITED,        57.20,        58.00,        58.00,        56.00,        56.80,                   513825.00,9000,N, ,6,        72.00,        37.00
N,EQ,SANGHVIMOV,SANGHVI MOVERS LTD,       419.50,       423.95,       423.95,       408.25,       410.65,                 88023213.90,213148,N, ,11256,       528.00,       223.80
N,EQ,SANOFI,SANOFI INDIA LIMITED,      3047.00,      3047.00,      3051.80,      3010.00,      3023.80,                 26393418.90,8729,N, ,2762,      4898.00,      3001.10
N,EQ,SANOFICONR,SANOFI CONS HEALTHC IND L,      3736.50,      3725.00,      3757.40,      3701.00,      3722.90,                 15227366.20,4089,N, ,1397,      5255.00,      3691.00
N,EQ,SANSERA,SANSERA ENGINEERING LTD,      4232.90,      4226.00,      4328.00,      4209.20,      4261.70,                538818719.30,125963,N, ,22793,      4743.50,      1382.70
N,EQ,SANSTAR,SANSTAR LIMITED,       104.07,       103.55,       105.09,       102.60,       104.23,                  8930470.95,85775,N, ,2188,       137.49,        74.30
N,EQ,SAPPHIRE,SAPPHIRE FOODS INDIA LTD,       215.16,       215.90,       216.80,       213.64,       215.03,                 36327534.99,168957,N, ,6470,       310.50,       139.91
N,EQ,SAPPL,SHREE AJIT PULP & PAPER L,       314.10,       318.95,       329.90,       306.10,       317.90,                   640871.15,2022,N, ,75,       335.00,       252.00
N,EQ,SARDAEN,SARDA ENERGY & MIN LTD,       500.70,       500.90,       505.00,       497.50,       499.35,                 95192370.85,189889,N, ,11264,       624.00,       453.10
N,EQ,SAREGAMA,SAREGAMA INDIA LIMITED,       503.70,       502.20,       507.90,       496.10,       503.75,                 80975010.85,160898,N, ,10421,       574.50,       307.05
N,EQ,SARLAPOLY,SARLA PERF. FIBERS LTD,        96.44,        97.67,        97.69,        96.00,        96.70,                  1448075.00,14965,N, ,401,       111.00,        68.40
N,SM,SARTELE,SAR TELEVENTURE LIMITED,        96.85,        96.60,        99.00,        94.00,        94.35,                  4869150.00,51000,N, ,77,       264.85,        72.40
N,EQ,SARVESHWAR,SARVESHWAR FOODS LIMITED,         3.58,         3.60,         3.69,         3.57,         3.61,                  8919622.28,2446544,N, ,2316,         6.64,         2.50
N,EQ,SASKEN,SASKEN TECHNOLOGIES LTD,      1679.50,      1684.30,      1708.60,      1656.00,      1665.10,                 19420067.40,11590,N, ,1959,      2780.20,       991.00
N,EQ,SATIA,SATIA INDUSTRIES LIMITED,        69.26,        69.59,        71.22,        68.50,        69.00,                  6791905.97,97840,N, ,1078,        83.80,        50.80
N,EQ,SATIN,SATIN CREDIT NET LTD,       228.35,       229.90,       239.40,       221.25,       223.79,                276387511.05,1191616,N, ,18730,       274.14,       135.81
N,SM,SATIPOLY,SATI POLY PLAST LIMITED,        34.10,        34.00,        34.30,        34.00,        34.30,                    51150.00,1500,N, ,2,        81.00,        27.15
N,SM,SATKARTAR,SAT KARTAR LIFE LIMITED,       166.80,       170.35,       170.35,       158.15,       159.70,                  6556920.00,40000,N, ,48,       219.80,       110.30
N,SM,SATTVAENGG,SATTVA ENGINEERING CSTN L,        56.10,        57.65,        58.60,        57.10,        58.40,                  3627280.00,62400,N, ,10,        99.85,        43.50
N,EQ,SAURASHCEM,SAURASHTRA CEMENT LIMITED,        51.47,        51.20,        51.95,        50.25,        50.60,                  3797924.76,74227,N, ,1026,        72.46,        50.25
N,SM,SAWALIYA,SAWALIYA FOOD PRODUCTS L,       191.20,       191.00,       194.00,       187.20,       188.40,                 17384310.00,91200,N, ,89,       351.00,       137.70
N,EQ,SAYAJIHOTL,SAYAJI HOTELS LTD.,       307.35,       309.00,       312.00,       309.00,       309.00,                    33378.60,108,N, ,4,       365.20,       265.50
N,EQ,SAYAJIIND,SAYAJI INDUSTRIES LTD.,       118.00,       115.00,       118.00,       115.00,       116.00,                    11966.00,104,N, ,4,       125.95,       106.50
N,EQ,SBC,SBC EXPORTS LIMITED,        61.70,        61.80,        62.62,        61.05,        61.77,                812147051.99,13158768,N, ,17132,        64.43,        22.06
N,EQ,SBCL,SHIVALIK BIMETAL CON. LTD,      1099.60,      1111.60,      1129.10,      1088.60,      1099.30,                187612862.60,169999,N, ,15104,      1215.70,       368.60
N,EQ,SBFC,SBFC FINANCE LIMITED,        83.28,        83.27,        83.50,        80.81,        81.10,                 90364696.87,1102475,N, ,15262,       123.00,        79.60
N,EQ,SBGLP,SURATWWALA BUS GROUP LTD,        22.78,        23.44,        23.44,        22.40,        22.72,                   610972.25,26934,N, ,252,        40.90,        18.35
N,EQ,SBICARD,SBI CARDS & PAY SER LTD,       569.40,       569.40,       569.95,       555.65,       557.40,                672326615.50,1197820,N, ,28150,       965.00,       555.65
N,EQ,SBIFUNDS,SBI FUNDS MANAGEMENT LTD,       502.85,       501.95,       503.00,       494.30,       501.20,                621124050.25,1247454,N, ,47453,       624.95,       494.00
N,EQ,SBISILVER,SBIAMC - SBISILVER,       216.04,       216.04,       216.04,       214.14,       214.32,                 91956864.42,428404,N, ,4856,       362.00,       136.05
N,EQ,SCHAEFFLER,SCHAEFFLER INDIA LIMITED,      3818.10,      3818.10,      3827.80,      3762.40,      3797.00,                226121715.80,59517,N, ,14421,      4467.70,      3518.40
N,EQ,SCHAND,S CHAND AND COMPANY LTD,       145.16,       147.40,       147.40,       143.24,       144.15,                  1358084.05,9369,N, ,479,       200.00,       127.73
N,EQ,SCHNEIDER,SCHNEIDER ELECTRIC INFRA,      1274.00,      1276.00,      1276.00,      1240.00,      1256.20,                149372328.90,119136,N, ,13328,      1548.00,       571.85
N,EQ,SCI,SHIPPING CORP OF INDIA LT,       289.00,       288.05,       289.00,       283.90,       285.35,                497218982.70,1736876,N, ,24734,       368.75,       195.55
N,EQ,SCILAL,SHIPPING CORP OF ILA LTD,        37.68,        37.86,        38.40,        37.36,        37.85,                  8599053.80,227035,N, ,1634,        55.00,        34.30
N,SM,SCML,SHARP CHUCKS N MACHINES L,       107.95,       107.00,       107.00,        97.20,        97.70,                  1847450.00,18000,N, ,17,       159.50,        68.65
N,EQ,SCODATUBES,SCODA TUBES LIMITED,       124.37,       124.00,       124.00,       122.21,       122.88,                 12009334.34,97607,N, ,1407,       181.48,       110.00
N,EQ,SDBL,SOM DIST & BREW LTD,        74.02,        74.10,        74.50,        72.97,        73.08,                 24961443.48,340034,N, ,3196,       136.00,        61.80
N,SM,SDREAMS,S D RETAIL LIMITED,        84.75,        84.75,        84.75,        84.75,        84.75,                    84750.00,1000,N, ,1,       122.00,        66.05
N,EQ,SEAMECLTD,SEAMEC LIMITED,      1584.90,      1580.00,      1633.90,      1564.10,      1610.90,                 58527388.80,36641,N, ,4914,      1849.00,       771.75
N,EQ,SECMARK,SECMARK CONSULTANCY LTD,       137.00,       142.00,       142.99,       130.41,       139.69,                   631035.86,4492,N, ,63,       179.50,        95.05
N,EQ,SECURKLOUD,SECUREKLOUD TECH LIMITED,        15.71,        16.88,        16.88,        14.50,        15.34,                   710201.73,46860,N, ,356,        34.18,        14.50
N,EQ,SEDEMAC,SEDEMAC MECHATRONICS LTD,      3399.60,      3398.00,      3478.40,      3360.20,      3425.60,                398777222.50,116377,N, ,18127,      3650.00,      1413.10
N,EQ,SEIL,SHANTI EDU INITIATIVES L,       186.16,       187.41,       190.55,       184.01,       185.98,                 17016690.04,90576,N, ,1346,       239.96,       172.90
N,IV,SEITINVIT,SUSTAINABLE ENERGY INFRA,       122.00,       122.50,       122.50,       122.00,       122.00,                 52050000.00,425000,N, ,2,       130.00,       110.00
N,EQ,SEJALLTD,SEJAL GLASS LIMITED,       676.55,       683.90,       704.10,       666.45,       680.55,                  9457729.30,13851,N, ,845,      1036.70,       381.00
N,EQ,SEKURITIND,SAINT GOBAIN SEKUR IND L,       110.08,       110.44,       111.18,       109.04,       109.99,                  1311607.79,11947,N, ,327,       124.65,       105.05
N,SM,SELLOWRAP,SELLOWRAP INDUSTRIES LTD,        60.00,        60.05,        60.05,        58.35,        58.35,                   285440.00,4800,N, ,3,       104.95,        58.35
N,EQ,SEMAC,SEMAC CONSTRUCTION LTD,       235.55,       235.55,       239.00,       233.00,       236.38,                   142449.69,605,N, ,62,       519.25,       205.00
N,EQ,SENCO,SENCO GOLD LIMITED,       318.75,       318.75,       326.30,       315.00,       320.60,                400714891.40,1246457,N, ,31947,       430.00,       276.00
N,EQ,SENORES,SENORES PHARMACEUTICALS L,      1388.60,      1399.90,      1424.00,      1380.00,      1389.60,                276599781.20,197473,N, ,17728,      1599.00,       700.75
N,EQ,SEPC,SEPC LIMITED,         5.05,         5.06,         5.08,         5.00,         5.03,                 17998536.05,3570447,N, ,2188,        12.19,         4.65
N,EQ,SERVOTECH,SERVOTECH REN POW SYS LTD,        72.06,        72.06,        72.29,        70.75,        71.15,                 23696525.75,332097,N, ,2978,       141.50,        57.51
N,EQ,SESHAPAPER,SESHASAYEE PAPER & BOARDS,       233.87,       234.05,       235.00,       230.20,       231.31,                 60354986.35,260189,N, ,1739,       293.11,       209.96
N,EQ,SETFGOLD,SBI-ETF GOLD,       125.36,       125.42,       125.42,       124.87,       124.92,                526894366.06,4215605,N, ,9983,       153.95,        98.50
N,EQ,SETL,STANDARD ENGNG TCNLGY LTD,       428.30,       431.00,       437.00,       423.30,       429.80,                129227605.40,300178,N, ,8004,       468.15,       104.56
N,EQ,SFL,SHEELA FOAM LIMITED,       623.40,       625.90,       628.90,       615.40,       620.05,                 50672279.50,81571,N, ,7528,       832.45,       456.80
N,SM,SFML,SUPREME FACILITY MGMT LTD,        20.95,        20.50,        20.50,        19.65,        20.20,                   194720.00,9600,N, ,5,        43.50,        16.50
N,EQ,SGFIN,SG FINSERVE LIMITED,       662.15,       666.00,       674.00,       656.00,       663.70,                154271572.50,231759,N, ,10510,       727.45,       323.00
N,EQ,SGIL,SYNERGY GREEN IND. LTD,       603.20,       612.00,       615.60,       603.00,       604.55,                  1053151.40,1736,N, ,227,       697.95,       420.00
N,EQ,SGL,STL GLOBAL LIMITED,         8.80,         8.65,         9.27,         8.61,         9.09,                   119323.95,13291,N, ,101,        15.78,         8.40
N,EQ,SGLRES,SGL RESOURCES LIMITED,         2.26,         2.17,         2.25,         2.16,         2.18,                    69789.46,32083,N, ,83,         2.74,         2.16
N,EQ,SGMART,SG MART LIMITED,       742.85,       743.00,       774.80,       736.55,       752.25,                115605575.05,152651,N, ,10518,       860.60,       313.10
N,EQ,SGRL,SHREE GANESH REMEDIES LTD,       719.05,       728.75,       728.75,       705.00,       715.10,                  6790916.55,9538,N, ,871,       749.85,       477.05
N,EQ,SHADOWFAX,SHADOWFAX TECHNOLOGIES L,       288.00,       289.70,       296.35,       287.00,       292.85,               1607467397.65,5496570,N, ,77375,       296.35,        98.55
N,EQ,SHAH,SHAH METACORP LIMITED,         3.09,         3.09,         3.09,         3.00,         3.01,                  2599673.43,855584,N, ,589,         5.88,         2.56
N,EQ,SHAILY,SHAILY ENG PLASTICS LTD,      3100.30,      3085.00,      3119.20,      3064.20,      3085.30,                187338281.30,60556,N, ,10304,      3615.20,      1770.90
N,EQ,SHAKTIPUMP,SHAKTI PUMPS (I) LTD,       449.35,       451.00,       454.70,       445.00,       447.40,                198146942.60,441292,N, ,17144,       829.95,       441.15
N,EQ,SHALBY,SHALBY LIMITED,       136.51,       136.30,       136.95,       134.15,       134.62,                  5063928.91,37417,N, ,1004,       273.00,       125.82
N,EQ,SHANKARA,SHANKARA BLDG PRODUCT LTD,       125.58,       125.58,       125.89,       118.10,       119.98,                 12375275.71,102791,N, ,2611,       169.24,        98.25
N,EQ,SHANKESH,SHANKESH JEWELLERS LTD,        92.21,        91.79,        99.72,        91.36,        96.51,                664195904.89,6866799,N, ,51098,       115.90,        86.58
N,EQ,SHANTI,SHANTI OVERSEAS INDIA LTD,         5.49,         5.21,         5.75,         5.21,         5.46,                    16744.75,3096,N, ,61,        12.26,         4.70
N,EQ,SHANTIGEAR,SHANTHI GEARS LTD,       602.30,       603.00,       603.00,       581.25,       586.05,                 14699758.65,24891,N, ,1438,       743.00,       384.00
N,EQ,SHANTIGOLD,SHANTI GOLD INTERNATION L,       336.65,       340.00,       351.00,       335.30,       341.05,               1038831641.75,3025042,N, ,39810,       351.00,       155.00
N,SM,SHANTIINOR,SHANTI INORGANICS LIMITED,       201.65,       213.10,       224.45,       200.15,       205.40,                 80257040.00,376000,N, ,217,       224.45,       150.00
N,EQ,SHARDACROP,SHARDA CROPCHEM LTD.,       741.75,       744.00,       749.00,       732.00,       742.05,                 52243538.80,70577,N, ,6083,      1297.00,       697.60
N,EQ,SHARDAMOTR,SHARDA MOTOR INDS LTD,       928.55,       928.90,       933.95,       916.25,       924.85,                 39395718.05,42593,N, ,4134,      1189.90,       700.00
N,EQ,SHAREINDIA,SHARE IND. SECURITIES LTD,       211.40,       212.10,       212.90,       206.00,       207.27,                165422022.12,791105,N, ,9704,       233.35,       115.36
N,EQ,SHBAJRG,SHRI BAJRANG ALLIANCE L,       162.80,       162.65,       172.00,       161.30,       168.80,                   557652.55,3337,N, ,163,       214.95,       147.98
N,SM,SHEEL,SHEEL BIOTECH LIMITED,        62.00,        61.50,        61.50,        61.50,        61.50,                  1845000.00,30000,N, ,2,        95.55,        37.80
N,SM,SHEETAL,SHEETAL UNIVERSAL LIMITED,       350.00,       357.00,       358.95,       354.00,       357.90,                  1247850.00,3500,N, ,7,       361.00,       121.00
N,EQ,SHEMAROO,SHEMAROO ENTER. LTD.,       111.76,       111.61,       113.13,       110.10,       111.11,                   481605.83,4319,N, ,51,       143.00,        73.00
N,SM,SHERA,SHERA ENERGY LIMITED,       195.35,       197.00,       203.00,       195.00,       198.50,                 10736300.00,54000,N, ,50,       204.00,        94.95
N,EQ,SHERVANI,SHERVANI INDUSTRIAL SYN L,       304.00,       334.00,       334.00,       318.55,       321.05,                    26265.60,80,N, ,10,       374.00,       299.25
N,SM,SHETHJI,SHREEJI GLOBAL FMCG LTD,       184.50,       184.00,       185.00,       182.00,       184.65,                  3843900.00,21000,N, ,16,       216.95,        95.50
N,SM,SHIGAN,SHIGAN QUANTUM TECH LTD,        62.80,        62.50,        65.50,        62.50,        65.00,                  1059375.00,16500,N, ,11,        88.00,        41.20
N,EQ,SHILCTECH,SHILCHAR TECHNOLOGIES LTD,      4094.20,      4095.00,      4100.00,      3990.60,      4000.90,                 64160648.70,15948,N, ,4265,      5399.00,      2852.50
N,EQ,SHILGRAVQ,SHILP GRAVURES LTD.,       145.31,       145.31,       149.00,       145.00,       145.82,                   266672.73,1823,N, ,58,       179.70,       137.00
N,EQ,SHILPAMED,SHILPA MEDICARE LTD,      1073.70,      1072.40,      1086.80,      1055.10,      1071.20,                463522217.00,433185,N, ,27531,      1095.00,       259.50
N,EQ,SHINDL,SHARAT INDUSTRIES LTD.,       158.69,       158.61,       158.61,       156.05,       157.72,                 22759708.31,144798,N, ,925,       179.99,       130.60
N,EQ,SHIPROCKET,SHIPROCKET LIMITED,       131.43,       130.93,       134.50,       127.76,       133.11,                549787246.29,4177506,N, ,41375,       156.90,       116.64
N,EQ,SHIVAAGRO,SHIVA GLOBAL AGRO INDS. L,        39.02,        39.19,        40.00,        38.00,        39.40,                    51011.57,1305,N, ,46,        45.90,        36.00
N,EQ,SHIVACEM,SHIVA CEMENT LTD.,        13.19,        13.29,        13.47,        12.96,        13.00,                  1290445.46,98539,N, ,363,        17.94,        12.45
N,EQ,SHIVALIK,SHIVALIK RASAYAN LIMITED,       386.25,       388.10,       388.10,       363.35,       365.05,                 24019519.20,64876,N, ,2841,       471.00,       206.40
N,EQ,SHIVAMAUTO,SHIVAM AUTO.LTD,        16.60,        17.23,        17.23,        16.65,        16.68,                   281291.82,16767,N, ,130,        32.34,        13.05
N,EQ,SHIVAMILLS,SHIVA MILLS LIMITED,        58.31,        60.99,        61.22,        57.00,        58.33,                   262407.19,4377,N, ,81,        74.00,        43.01
N,SM,SHIVASHRIT,SHIVASHRIT FOODS LIMITED,       116.70,       118.70,       118.70,       114.00,       114.95,                 11159650.00,97000,N, ,46,       144.00,        96.00
N,EQ,SHIVATEX,SHIVA TEXYARN LIMITED,       169.99,       172.00,       172.00,       166.05,       166.41,                   250290.78,1492,N, ,51,       217.92,       126.06
N,EQ,SHIVAUM,SHIV AUM STEELS LIMITED,       552.65,       553.45,       553.60,       540.00,       551.40,                 16792653.60,30704,N, ,244,       563.90,       275.00
N,EQ,SHK,S H KELKAR AND CO. LTD.,       142.32,       141.61,       143.00,       139.85,       141.62,                 27047157.54,190745,N, ,5925,       243.51,       111.98
N,SM,SHKSIL,SHRI HARE-KRI SPO IRON L,        30.45,        32.90,        32.90,        32.00,        32.50,                   520500.00,16000,N, ,8,        65.00,        30.20
N,EQ,SHOPERSTOP,SHOPPERS STOP LIMITED,       398.15,       400.70,       400.70,       389.25,       392.40,                  6528515.15,16537,N, ,1621,       558.00,       275.95
N,EQ,SHRADDHA,SHRADDHA PRIME PROJECTS L,       166.72,       167.90,       171.95,       162.51,       163.31,                  2273276.93,13589,N, ,427,       179.00,       142.00
N,EQ,SHRADHA,SHRADHA REALTY LIMITED,        29.83,        30.70,        31.80,        29.50,        30.78,                   313873.69,10199,N, ,85,        51.81,        26.34
N,EQ,SHREDIGCEM,SHREE DIGVIJAY CEM CO LTD,        65.12,        65.00,        65.90,        64.50,        64.55,                  2012970.00,31054,N, ,890,        97.15,        53.90
N,EQ,SHREECEM,SHREE CEMENT LIMITED,     22210.00,     21905.00,     22160.00,     21690.00,     21780.00,                942676800.00,43001,N, ,17376,     30285.00,     21355.00
N,EQ,SHREEJISPG,SHREEJI SHIPPING GLOBAL L,       796.50,       796.90,       808.00,       796.90,       802.10,               1560462465.25,1943741,N, ,14185,       808.00,       222.00
N,SM,SHREEKARNI,SHREE KARNI FABCOM LTD,       377.00,       375.00,       375.00,       375.00,       375.00,                   225000.00,600,N, ,4,       631.85,       317.10
N,SM,SHREEOSFM,SHREE OSFM E-MOBILITY LTD,        57.65,        55.00,        57.25,        54.50,        56.05,                   506100.00,9000,N, ,9,       123.95,        49.00
N,EQ,SHREEPUSHK,SHRE PUSH CHEM & FERT LTD,       510.10,       505.00,       521.85,       505.00,       517.50,                 26095480.65,50642,N, ,3078,       545.20,       272.45
N,EQ,SHREERAMA,SHREE RAMA MULTI TECH LTD,        43.53,        44.00,        44.99,        43.00,        43.36,                  3021448.06,69271,N, ,908,        71.99,        37.62
N,IV,SHREMINVIT,SHREM INVIT,       100.05,       102.00,       102.00,       102.00,       102.00,                 10200000.00,100000,N, ,3,       107.95,        91.10
N,EQ,SHREYANIND,SHREYANS INDUSTRIES LTD,       128.94,       130.47,       130.47,       127.10,       129.00,                   241084.17,1866,N, ,40,       235.50,       121.76
N,SM,SHRIAHIMSA,SHRI AHIMSA NATURALS LTD,       426.50,       426.50,       430.00,       421.05,       430.00,                  2310210.00,5400,N, ,9,       502.90,       210.00
N,SM,SHRIKANHA,SHRI KANHA STAINLESS LTD,        23.75,        23.75,        23.75,        23.75,        23.75,                   114000.00,4800,N, ,3,        88.00,        15.10
N,EQ,SHRIKRISH,SHRI KRISHNA DEVCON LTD.,        34.05,        37.40,        37.40,        34.00,        34.82,                    80914.97,2195,N, ,60,        56.00,        32.56
N,EQ,SHRINGARMS,SHRINGAR HOU OF MANGALS L,       223.32,       223.99,       225.00,       219.20,       221.03,                 83373379.86,376220,N, ,6316,       266.50,       166.00
N,EQ,SHRIPISTON,SPR AUTO TECHNOLOGIES LTD,      4405.00,      4370.00,      4475.90,      4359.80,      4411.60,                231132274.00,52243,N, ,13490,      4843.00,      2525.80
N,EQ,SHRIRAMPPS,SHRIRAM PROPERTIES LTD,        68.13,        68.00,        69.05,        67.13,        68.05,                 13327800.25,195953,N, ,2894,        99.44,        60.57
N,EQ,SHRJAGP,SHRI JAGDAMBA POLYMERS L,       674.60,       685.00,       698.80,       650.00,       657.10,                   368115.45,548,N, ,102,       801.25,       590.05
N,SM,SHUBHLAXMI,SHUBHLAXMI JEWEL ART LTD,        16.45,        16.80,        17.05,        16.80,        17.00,                    67950.00,4000,N, ,3,        40.00,        13.75
N,SM,SHUBHSHREE,SHUBHSHREE BIOFUELS ENE L,       348.00,       353.55,       355.10,       353.55,       355.10,                   212595.00,600,N, ,2,       452.00,       274.00
N,EQ,SHUKRAPHAR,SHUKRA PHARMACEUTICALS L,        72.58,        73.33,        74.10,        67.61,        68.32,                526930118.51,7458018,N, ,36339,        75.40,        40.06
N,EQ,SHYAMCENT,SHYAM CENTURY FERROUS LTD,         5.03,         4.90,         5.00,         4.90,         4.98,                   140940.79,28322,N, ,120,         7.18,         3.68
N,SM,SHYAMDHANI,SHYAM DHANI INDUSTRIES L,        54.00,        53.00,        54.00,        51.40,        54.00,                  1252300.00,24000,N, ,10,       139.65,        47.00
N,EQ,SHYAMMETL,SHYAM METALICS AND ENGY L,      1054.00,      1061.60,      1072.00,      1043.70,      1067.30,                545710250.40,514924,N, ,30245,      1148.00,       746.00
N,EQ,SHYAMTEL,SHYAM TELECOM LIMITED,        10.73,        10.73,        11.50,        10.73,        11.15,                   142180.93,12879,N, ,56,        25.42,         7.07
N,EQ,SICAGEN,SICAGEN INDIA LIMITED,        51.87,        51.10,        52.88,        51.10,        51.53,                    35728.31,684,N, ,41,        74.06,        46.55
N,SM,SIDDHIKA,SIDDHIKA COATINGS LIMITED,       206.55,       206.00,       208.00,       206.00,       208.00,                   207000.00,1000,N, ,2,       250.00,       180.65
N,EQ,SIEL,SUPERIOR INDUSTRIAL ENT L,        31.00,        31.99,        31.99,        31.31,        31.50,                      890.48,28,N, ,10,        44.54,        28.10
N,EQ,SIGACHI,SIGACHI INDUSTRIES LTD,        29.89,        29.94,        30.85,        29.10,        29.36,                 53528084.99,1800981,N, ,6320,        40.80,        16.65
N,EQ,SIGMA,SIGMA SOLVE LIMITED,        45.24,        45.91,        47.50,        44.42,        45.71,                  5527653.41,120221,N, ,2363,        64.30,        35.46
N,EQ,SIGNATURE,SIGNATUREGLOBAL INDIA LTD,       719.35,       717.60,       722.40,       710.10,       712.50,                144882301.70,202718,N, ,5710,      1153.90,       705.20
N,EQ,SIGNPOST,SIGNPOST INDIA LIMITED,       262.10,       260.05,       273.35,       258.45,       267.45,                 17101882.10,64335,N, ,1935,       336.80,       191.41
N,EQ,SIKA,SIKA INTERPLANT SYSTEMS L,      1029.30,      1034.40,      1080.00,      1019.10,      1068.60,                 43666263.80,41214,N, ,3760,      1359.40,       870.10
N,EQ,SIL,STANDARD INDUSTRIES LTD.,        16.00,        16.00,        16.15,        15.36,        15.62,                   706953.24,45067,N, ,359,        22.30,        11.70
N,EQ,SILGO,SILGO RETAIL LIMITED,        69.51,        68.89,        70.50,        68.50,        70.16,                  8531176.22,121566,N, ,320,        87.50,        61.00
N,EQ,SILINV,SIL INVESTMENTS LIMITED,       459.40,       455.00,       465.60,       455.00,       464.10,                   838852.80,1814,N, ,286,       674.00,       380.00
N,SM,SILKFLEX,SILKFLEX POLYMERS INDIA L,       290.45,       290.45,       290.45,       281.30,       281.30,                  1421600.00,5000,N, ,5,       309.05,        76.00
N,SM,SILKY,SILKY OVERSEAS LIMITED,        69.70,        73.85,        73.85,        68.00,        68.00,                   670480.00,9600,N, ,8,       164.40,        61.00
N,EQ,SILVER,BIRLASLAMC - SILVER,       220.17,       219.00,       219.98,       218.19,       218.35,                 75282697.53,343714,N, ,5930,       371.89,       136.33
N,EQ,SILVER001,QUANT_AMC - SILVER001,        22.31,        22.31,        22.31,        22.02,        22.03,                 15947570.44,720276,N, ,73,        28.00,        21.61
N,EQ,SILVER1,KOTAKMAMC - KOTAKSILVE,        21.37,        21.37,        21.37,        21.19,        21.20,                 64356161.21,3026025,N, ,3533,       388.00,        17.77
N,EQ,SILVER360,360ONEAMC - SILVER360,       216.58,       216.58,       216.58,       214.67,       215.26,                   690041.40,3199,N, ,216,       358.00,       136.95
N,EQ,SILVERADD,DSPAMC - DSPSILVETF,        21.23,        21.20,        21.23,        21.03,        21.06,                 29243189.57,1385049,N, ,3188,       390.00,        20.97
N,EQ,SILVERAG,MIRAEAMC - MASILVER,       214.75,       214.75,       214.75,       212.68,       212.92,                 21762343.51,102052,N, ,1705,       380.00,       134.03
N,EQ,SILVERAXIS,AXISAMC-SILVERAXIS,       219.09,       219.80,       219.80,       217.16,       217.45,                 13119100.88,60109,N, ,1870,       390.01,       137.56
N,EQ,SILVERBEES,NIPPONAMC - NETFSILVER,       210.70,       210.03,       210.48,       208.81,       209.02,               1959699528.72,9348467,N, ,49860,       360.00,       132.99
N,EQ,SILVERBETA,UTIAMC-SILVERBETA,       212.69,       212.69,       212.69,       210.84,       210.93,                 36321256.89,171833,N, ,2857,       379.66,       134.16
N,EQ,SILVERBND,BANDHANAMC - SILVERBND,       221.55,       222.18,       222.18,       218.66,       219.27,                   435358.74,1979,N, ,118,       389.00,       180.00
N,EQ,SILVERCASE,ZERODHAAMC - SILVERCASE,        22.32,        22.21,        22.31,        22.12,        22.14,                158472597.54,7131280,N, ,5372,        38.01,        14.02
N,EQ,SILVERIETF,ICICIPRAMC - ICICISILVE,       219.99,       219.59,       219.69,       218.02,       218.21,                221321700.75,1010939,N, ,12086,       373.50,       138.51
N,EQ,SILVERTUC,SILVER TOUCH TECHNO LTD,       137.68,       138.00,       138.69,       134.50,       135.11,                 12667213.04,93387,N, ,1897,      1690.20,       100.50
N,EQ,SIMPLEXINF,SIMPLEX INFRASTRUCTURES L,       259.13,       256.62,       259.39,       251.00,       255.77,                 24963429.57,97421,N, ,2368,       318.00,       137.00
N,EQ,SIMPLXREA,SIMPLEX REALTY LTD.,       113.75,       114.03,       119.43,       114.03,       119.43,                     4055.85,35,N, ,5,       149.98,       113.75
N,EQ,SINCLAIR,SINCLAIRS HOTELS LIMITED,        75.93,        74.60,        75.70,        73.80,        75.10,                  3697742.43,49396,N, ,627,       101.13,        68.82
N,EQ,SINDHUTRAD,SINDHU TRADE LINKS LTD,        22.00,        21.99,        22.04,        21.51,        21.68,                  6098135.52,279761,N, ,1254,        28.66,        17.64
N,EQ,SINGERIND,SINGER INDIA LIMITED,        74.93,        75.95,        78.00,        75.00,        77.45,                 11411310.95,148424,N, ,1359,        91.30,        57.15
N,EQ,SINTERCOM,SINTERCOM INDIA LIMITED,        76.93,        76.93,        79.09,        76.01,        76.83,                    97398.87,1252,N, ,49,       130.00,        62.99
N,EQ,SIRCA,SIRCA PAINT INDIA LIMITED,       406.60,       408.00,       418.00,       407.00,       413.70,                 68045128.75,164236,N, ,3043,       539.00,       385.00
N,EQ,SIS,SIS LIMITED,       416.70,       419.45,       419.95,       411.55,       413.30,                 28690591.50,68801,N, ,6298,       480.95,       257.05
N,EQ,SIYSIL,SIYARAM SILK MILLS LTD,       553.45,       553.45,       559.05,       547.65,       554.45,                 12004591.80,21674,N, ,1836,       848.80,       433.35
N,SM,SJLOGISTIC,S J LOGISTICS (INDIA) LTD,       308.90,       310.00,       310.95,       305.00,       309.45,                  6860350.00,22250,N, ,70,       459.00,       225.35
N,EQ,SJS,SJS ENTERPRISES LIMITED,      1981.40,      1979.30,      2012.70,      1954.00,      1982.60,                497404789.90,250455,N, ,41664,      2590.00,      1447.10
N,EQ,SJVN,SJVN LTD,        57.26,        57.42,        57.42,        56.20,        56.36,                116476234.31,2057481,N, ,19420,        91.90,        56.20
N,EQ,SKFINDIA,SKF INDIA LTD,      1461.90,      1461.90,      1461.90,      1420.00,      1428.90,                 37066395.30,25808,N, ,4620,      2300.00,      1404.00
N,EQ,SKFINDUS,SKF IND (INDUSTRIAL) LTD,      2774.60,      2751.00,      2771.10,      2697.00,      2745.10,                157710998.30,57387,N, ,16236,      3218.70,      1994.10
N,EQ,SKIPPER,SKIPPER LIMITED,       551.50,       551.00,       563.15,       539.20,       541.35,                300551504.70,546134,N, ,23342,       616.80,       327.05
N,EQ,SKMEGGPROD,SKM EGG PROD EXPORT(I) LT,       210.05,       211.98,       218.80,       208.55,       215.37,                 46611861.39,217480,N, ,5713,       465.00,       143.10
N,SM,SKP,SKP BEARING INDUSTRI. LTD,       170.00,       164.05,       175.45,       164.05,       171.20,                  4211275.00,25000,N, ,38,       233.00,       137.00
N,EQ,SKYGOLD,SKY GOLD AND DIAMONDS LTD,       857.65,       864.90,       894.80,       863.15,       876.95,               1450660188.35,1648118,N, ,62050,       894.80,       277.00
N,SM,SKYTECH,SKYTECH INFINITE PLATFM L,        40.15,        39.00,        39.00,        38.15,        38.15,                   917600.00,24000,N, ,15,        74.00,        22.80
N,EQ,SKYWAYS,SKYWAYS AIR SERVICES LTD,       113.51,       115.00,       116.85,       113.90,       114.72,                168541698.45,1464352,N, ,17549,       137.38,       106.82
N,SM,SLONE,SLONE INFOSYSTEMS LIMITED,       157.30,       155.05,       162.00,       145.00,       149.45,                  2822520.00,18000,N, ,26,       371.45,       110.00
N,SM,SMARTEN,SMARTEN POWER SYSTEMS LTD,        53.95,        54.25,        55.00,        52.00,        53.15,                   951540.00,18000,N, ,15,        96.45,        42.00
N,EQ,SMARTWORKS,SMARTWORKS COWORKING SP L,       503.90,       507.95,       507.95,       487.05,       489.35,                 35929783.90,72760,N, ,4063,       619.00,       361.50
N,EQ,SMCGLOBAL,SMC GLOBAL SECURITIES LTD,       110.55,       112.97,       114.22,       109.10,       110.24,                694834050.16,6234957,N, ,39719,       145.20,        54.44
N,EQ,SMLMAH,SML MAHINDRA LIMITED,      6135.50,      6197.00,      6199.00,      6000.00,      6095.00,                275242242.00,45255,N, ,7989,      6898.50,      2719.00
N,EQ,SMLT,SARTHAK METALS LIMITED,        74.06,        73.69,        77.50,        70.16,        73.94,                  2910469.45,39657,N, ,657,       121.00,        56.61
N,EQ,SMSPHARMA,SMS PHARMACEUTICALS LTD.,       472.20,       467.95,       477.00,       465.05,       468.85,                121830319.45,259092,N, ,6956,       494.45,       262.41
N,SM,SNEHAA,SNEHAA ORGANICS LIMITED,        42.00,        42.60,        43.50,        42.60,        43.50,                   173100.00,4000,N, ,4,        96.50,        35.50
N,EQ,SNOWMAN,SNOWMAN LOGISTICS LTD.,        34.24,        33.75,        35.00,        33.75,        34.32,                  4684605.76,136788,N, ,1499,        54.74,        30.50
N,EQ,SOBHA,SOBHA LIMITED,      1190.70,      1191.30,      1203.10,      1183.70,      1197.90,                 54795448.20,45852,N, ,5880,      1732.00,      1130.00
N,SM,SOCL,SUNDREX OIL COMPANY LTD,        29.50,        28.10,        29.00,        28.05,        28.80,                   502560.00,17600,N, ,9,        68.80,        23.65
N,EQ,SOFTTECH,SOFTTECH ENGINEERS LTD,       461.55,       461.55,       475.10,       452.05,       458.05,                   433072.45,933,N, ,60,       545.00,       215.00
N,EQ,SOLARA,SOLARA ACTIVE PHA SCI LTD,       682.65,       682.00,       696.00,       680.15,       683.70,                106187542.35,154430,N, ,7662,       774.00,       422.00
N,EQ,SOLARWORLD,SOLARWORLD ENERGY SOL LTD,       130.39,       131.00,       134.48,       128.51,       131.25,                 35304760.45,268163,N, ,4502,       350.00,       122.92
N,EQ,SOLEX,SOLEX ENERGY LIMITED,       690.85,       697.70,       700.00,       651.60,       670.15,                 55842673.75,81896,N, ,5268,      1985.00,       651.20
N,EQ,SOMANYCERA,SOMANY CERAMICS LIMITED,       625.00,       623.15,       623.40,       611.10,       621.15,                 33110651.65,53562,N, ,3306,       631.70,       332.00
N,EQ,SOMATEX,SOMA TEXTILES & INDUST LT,        79.09,        82.80,        82.80,        79.30,        80.95,                   522373.73,6475,N, ,132,       161.25,        68.35
N,EQ,SOMICONVEY,SOMI CONVEYOR BELT. LTD.,        84.05,        84.00,        85.97,        83.00,        83.37,                   342563.98,4092,N, ,118,       169.40,        80.16
N,EQ,SONACOMS,SONA BLW PRECISION FRGS L,       820.00,       819.45,       826.05,       809.10,       810.50,               1444649776.65,1762964,N, ,70390,       844.00,       404.35
N,EQ,SONAL,SONAL MERCANTILE LTD.,        83.19,        83.20,        83.21,        80.05,        80.46,                    37351.43,456,N, ,30,       104.75,        80.05
N,SM,SONAMAC,SONA MACHINERY LIMITED,        31.55,        32.00,        32.00,        31.00,        31.00,                    95000.00,3000,N, ,3,        88.00,        27.10
N,EQ,SONATSOFTW,SONATA SOFTWARE LTD,       252.05,       252.00,       252.85,       246.50,       248.10,                112531049.35,451388,N, ,12015,       400.50,       207.15
N,SM,SONUINFRA,SONU INFRATECH LIMITED,        41.40,        41.40,        41.40,        39.50,        41.00,                   430050.00,10500,N, ,5,       106.90,        33.30
N,EQ,SOTL,SAVITA OIL TECHNOLO. LTD,       775.50,       776.95,       807.20,       764.45,       803.80,                462152800.65,583613,N, ,35412,       860.40,       285.80
N,EQ,SOUTHBANK,THE SOUTH INDIAN BANK LTD,        47.23,        47.00,        47.80,        46.11,        47.47,                760131784.23,16144912,N, ,50731,        50.68,        29.85
N,EQ,SOUTHWEST,SOUTH WEST PINNACLE LTD,       199.72,       200.00,       200.00,       191.80,       193.95,                  9797524.80,50103,N, ,1712,       275.00,       121.00
N,EQ,SPAL,S. P. APPARELS LIMITED,       949.65,       964.00,       969.95,       941.10,       960.30,                 19528157.45,20423,N, ,2952,      1221.90,       600.00
N,EQ,SPANDANA,SPANDANA SPHOORTY FIN LTD,       218.12,       216.60,       222.00,       213.50,       218.19,                 18206982.42,83177,N, ,3096,       319.40,       181.10
N,EQ,SPARC,SUN PHARMA ADV.RES.CO.LTD,       196.89,       196.00,       201.49,       192.75,       196.79,                211159535.38,1072170,N, ,15307,       289.00,       108.00
N,EQ,SPCENET,SPACENET ENTERS IND LTD,         3.31,         3.31,         3.60,         3.25,         3.33,                  2006026.19,595175,N, ,441,        11.24,         3.00
N,SM,SPCL,SHIVALIC POWER CONTROL L,        60.75,        61.50,        61.50,        60.20,        60.30,                   291810.00,4800,N, ,8,       123.40,        58.95
N,SM,SPCON,SRINIBAS PRADHAN CONST L,       182.00,       180.00,       180.00,       180.00,       180.00,                   216000.00,1200,N, ,1,       207.50,        99.00
N,SM,SPECTSTM,SPECTRUM TALENT MGMT LTD,        60.40,        60.10,        61.65,        60.10,        60.10,                   145480.00,2400,N, ,3,       104.35,        50.75
N,EQ,SPENCERS,SPENCER S RETAIL LIMITED,        28.30,        28.30,        29.70,        27.30,        27.87,                  2572451.03,89839,N, ,797,        61.40,        24.38
N,EQ,SPIC,SPIC LTD,        63.05,        63.25,        63.79,        62.56,        63.06,                 11733314.50,186038,N, ,1998,        96.83,        55.10
N,EQ,SPLIL,SPL INDUSTRIES LIMITED,        29.49,        29.60,        29.62,        28.76,        29.05,                   101027.45,3456,N, ,65,        45.20,        20.20
N,EQ,SPLPETRO,SUPREME PETROCHEM LIMITED,       819.60,       817.25,       826.85,       804.35,       806.65,                 72179752.05,88589,N, ,7553,       899.00,       462.30
N,EQ,SPMLINFRA,SPML INFRA LIMITED,       162.63,       162.25,       162.33,       159.10,       160.02,                 12771232.23,79572,N, ,1610,       250.65,       151.01
N,EQ,SPORTKING,SPORTKING INDIA LIMITED,       202.80,       203.21,       205.90,       199.43,       201.71,                 33718085.46,167019,N, ,4865,       241.51,        78.17
N,SM,SPPPOLY,SPP POLYMER LIMITED,        12.40,        12.40,        12.40,        11.80,        11.80,                    95700.00,8000,N, ,4,        18.15,        10.30
N,SM,SPUNWEB,SPUNWEB NONWOVEN LIMITED,       114.70,       117.95,       119.90,       110.85,       118.55,                  2691420.00,22800,N, ,19,       164.45,        80.00
N,EQ,SRD,SHANKAR LAL RAMPAL LTD,        38.29,        38.48,        38.48,        37.60,        37.81,                   378415.00,9969,N, ,206,        75.79,        36.00
N,EQ,SRF,SRF LTD,      2470.00,      2475.00,      2475.00,      2434.90,      2460.00,                492855157.90,200571,N, ,21168,      3210.00,      2355.00
N,EQ,SRGHFL,SRG HOUSING FINANCE L,       122.55,       120.00,       128.67,       120.00,       126.61,                  3933313.86,31389,N, ,1118,       335.00,       118.60
N,EQ,SRHHYPOLTD,SREE RAYALSEEMA HHP LTD.,       548.65,       552.45,       558.90,       545.00,       549.15,                  6403360.75,11610,N, ,1269,       670.00,       382.40
N,EQ,SRM,SRM CONTRACTORS LIMITED,       418.45,       418.45,       423.00,       413.60,       421.45,                 12042980.80,28711,N, ,1256,       649.95,       361.35
N,EQ,SRTL,SHREE RAM TWISTEX LIMITED,        36.67,        36.77,        38.00,        36.67,        37.74,                   792060.03,21134,N, ,281,        73.36,        35.75
N,EQ,SSDL,SARASWATI SAREE DEPOT LTD,        68.57,        69.29,        69.99,        65.51,        66.20,                  6006660.98,88459,N, ,2049,        90.00,        46.15
N,SM,SSEGL,SATHLOKHAR SYN E&C GLOB L,       397.00,       401.20,       401.20,       380.00,       388.30,                 16715180.00,42800,N, ,172,       580.00,       283.00
N,EQ,SSRETAIL,SS RETAIL LIMITED,       712.75,       712.75,       734.40,       710.10,       720.30,               4367310410.30,6037276,N, ,154343,       888.00,       603.05
N,EQ,SSWL,STEEL STRIPS WHEELS LTD.,       424.70,       427.00,       432.25,       416.20,       424.20,                359090698.40,845591,N, ,26284,       434.00,       169.00
N,EQ,STANLEY,STANLEY LIFESTYLES LTD,       136.54,       136.54,       137.95,       134.13,       135.00,                 13621413.34,100560,N, ,1095,       304.00,       123.00
N,EQ,STAR,STRIDES PHARMA SCI LTD,      1088.70,      1085.10,      1109.00,      1076.70,      1100.60,                222112081.10,202258,N, ,22765,      1260.90,       768.65
N,EQ,STARCEMENT,STAR CEMENT LIMITED,       176.41,       175.13,       177.00,       174.50,       174.88,                 10810297.89,61630,N, ,2413,       273.00,       174.50
N,EQ,STARHEALTH,STAR HEALTH & AL INS CO L,       550.55,       552.00,       557.80,       545.75,       553.85,                128053125.70,231180,N, ,22670,       624.90,       416.55
N,EQ,STARPAPER,STAR PAPER MILLS LTD,       154.14,       154.98,       154.99,       150.65,       151.50,                   355406.96,2332,N, ,97,       175.15,       119.05
N,EQ,STARTECK,STARTECK FINANCE LIMITED,       272.50,       271.90,       278.75,       267.00,       273.70,                   369115.70,1371,N, ,71,       350.00,       215.10
N,EQ,STCINDIA,THE STATE TRADING CORPN,       105.86,       106.38,       106.38,       104.23,       104.50,                  1091152.69,10396,N, ,397,       150.00,        97.04
N,EQ,STEAMHOUSE,STEAMHOUSE INDIA LIMITED,       118.42,       119.85,       126.80,       117.00,       125.17,               2700319348.91,22137870,N, ,134933,       126.80,        91.60
N,EQ,STEELCAS,STEELCAST LIMITED,       369.60,       369.60,       380.00,       368.85,       373.30,                 55391779.70,147905,N, ,5533,       390.90,       176.02
N,EQ,STEELCITY,STEEL CITY SECURITIES LTD,        82.72,        82.00,        82.98,        80.16,        81.54,                   173467.20,2134,N, ,86,       103.79,        71.26
N,EQ,STEELXIND,STEEL EXCHANGE INDIA LTD,        11.46,        11.49,        11.52,        10.45,        10.90,                101987922.09,9407776,N, ,9541,        13.95,         7.00
N,EQ,STEL,STEL HOLDINGS LIMITED,       575.95,       584.80,       585.00,       565.50,       568.60,                  1054205.60,1840,N, ,209,       689.95,       380.00
N,EQ,STERTOOLS,STERLING TOOLS LIMITED,       218.45,       218.45,       221.89,       218.00,       218.79,                  2800237.26,12744,N, ,405,       335.00,       155.00
N,EQ,STLNETWORK,STL NETWORKS LIMITED,        47.08,        48.54,        49.43,        48.20,        49.43,                117233042.18,2388042,N, ,1337,        56.50,        15.75
N,EQ,STLSTRINF,STEEL STRIPS INFRA L,        21.75,        22.80,        22.94,        21.75,        22.50,                    39249.93,1738,N, ,33,        27.90,        14.59
N,EQ,STOVEKRAFT,STOVE KRAFT LIMITED,       813.45,       813.50,       829.00,       803.95,       817.35,                119701773.30,146813,N, ,7861,       877.00,       447.05
N,SM,STRIDERS,STRIDERS IMPEX LIMITED,        50.15,        53.00,        53.10,        49.50,        50.00,                  4523360.00,89600,N, ,20,        82.00,        47.60
N,EQ,STUDDS,STUDDS ACCESSORIES LTD,       407.05,       402.60,       425.00,       400.10,       420.45,                 27587263.85,66382,N, ,3212,       600.00,       389.15
N,SM,STUDIOLSD,STUDIO LSD LIMITED,         8.50,         8.55,         8.55,         8.50,         8.55,                   102500.00,12000,N, ,5,        21.65,         7.15
N,EQ,STYL,SESHAASAI TECHNOLOGIES L,       369.70,       364.15,       374.45,       364.15,       369.70,                 12797932.35,34514,N, ,1700,       434.70,       209.11
N,EQ,STYLAMIND,STYLAM INDUSTRIES LIMITED,      3303.50,      3303.50,      3370.00,      3282.80,      3351.60,                 69590777.20,20834,N, ,5474,      4150.00,      1700.00
N,EQ,STYLEBAAZA,BAAZAR STYLE RETAIL LTD,       375.45,       375.00,       388.50,       371.55,       379.90,                447968810.90,1166930,N, ,12956,       447.10,       229.95
N,EQ,STYRENIX,STYRENIX PERFORMANCE LTD,      2042.90,      2030.00,      2045.00,      1990.00,      2001.30,                 56240838.00,27957,N, ,2918,      2653.00,      1780.00
N,SM,SUBAHOTELS,SUBA HOTELS LIMITED,        88.50,        87.20,        93.85,        87.20,        92.40,                  2488860.00,27600,N, ,20,       200.00,        87.20
N,EQ,SUBEXLTD,SUBEX LTD,        19.59,        19.58,        19.58,        19.01,        19.15,                 69762858.12,3615891,N, ,6183,        22.80,         6.61
N,EQ,SUBROS,SUBROS LIMITED,       682.95,       679.00,       682.90,       672.55,       675.50,                 11044565.85,16311,N, ,1737,      1172.70,       622.10
N,EQ,SUDARCOLOR,SUDARSHAN COLORNT IND LTD,       368.30,       377.00,       377.00,       362.50,       364.55,                  2352852.30,6417,N, ,259,       550.00,       268.25
N,EQ,SUDARSCHEM,SUDARSHAN CHEMICAL INDS L,      1238.60,      1244.00,      1302.80,      1213.00,      1226.60,                800158746.20,637859,N, ,41708,      1360.40,       726.40
N,EQ,SUDEEPPHRM,SUDEEP PHARMA LIMITED,      1158.40,      1148.00,      1180.00,      1118.60,      1170.40,                235181930.10,204466,N, ,13936,      1378.00,       524.05
N,EQ,SUKHJITS,SUKHJIT STARCH & CHEM LTD,       147.84,       149.75,       152.78,       148.57,       149.56,                  1101671.64,7332,N, ,228,       231.10,       137.30
N,EQ,SULA,SULA VINEYARDS LIMITED,       134.01,       134.83,       135.00,       132.50,       133.41,                 14075330.10,105581,N, ,2686,       266.65,       130.00
N,SM,SUMAX,SUMAX ENGINEERING LIMITED,       100.50,       100.00,       109.40,        99.10,       105.35,                 15131100.00,144000,N, ,92,       132.75,        96.10
N,EQ,SUMEDHA,SUMEDHA FISCAL SERVICES L,        43.45,        43.00,        44.95,        42.01,        43.05,                    70336.00,1640,N, ,43,        48.10,        36.60
N,EQ,SUMEETINDS,SUMEET IND LIMITED,        11.43,        12.00,        12.00,        12.00,        12.00,                 11128464.00,927372,N, ,351,        40.50,         9.26
N,EQ,SUMICHEM,SUMITOMO CHEM INDIA LTD,       418.05,       416.00,       426.85,       416.00,       421.95,                 93779137.65,221961,N, ,13485,       572.05,       362.60
N,EQ,SUMIT,SUMIT WOODS LIMITED,        51.88,        52.98,        52.98,        50.02,        50.48,                  1131215.22,22368,N, ,148,       104.00,        31.74
N,EQ,SUMMITSEC,SUMMIT SECURITIES LTD,      1321.00,      1330.00,      1336.90,      1305.00,      1320.40,                  1294779.30,979,N, ,219,      2495.00,      1301.00
N,EQ,SUNCLAY,SUNDARAM CLAYTON LIMITED,      1152.80,      1152.90,      1152.90,      1130.00,      1131.80,                  6822895.80,6000,N, ,1195,      1728.00,      1112.80
N,EQ,SUNDARAM,SUNDARAM MULTI PAP LTD,         1.09,         1.10,         1.10,         1.07,         1.07,                   187336.00,173216,N, ,168,         2.20,         1.02
N,EQ,SUNDARMFIN,SUNDARAM FINANCE LTD,      4347.80,      4377.00,      4377.00,      4280.00,      4301.20,                117246462.00,27263,N, ,6941,      5642.00,      4000.00
N,EQ,SUNDRMBRAK,SUNDARAM BRAK LININGS LTD,       680.10,       675.10,       690.00,       666.00,       667.05,                   859121.55,1279,N, ,127,       920.00,       460.00
N,EQ,SUNDRMFAST,SUNDRAM FASTENERS LTD,      1140.30,      1134.00,      1165.90,      1120.10,      1127.00,                185817308.00,163076,N, ,19222,      1347.20,       730.10
N,EQ,SUNDROP,SUNDROP BRANDS LIMITED,       746.80,       754.40,       755.95,       745.00,       745.90,                  4922514.65,6576,N, ,534,       811.85,       556.00
N,EQ,SUNFLAG,SUNFLAG IRON AND STEEL CO,       459.05,       460.05,       479.10,       455.00,       474.40,                390395943.65,829970,N, ,14172,       479.10,       192.15
N,SM,SUNLITE,SUNLITE RECYCLING IND LTD,       643.80,       621.00,       679.00,       621.00,       671.15,                 12989865.00,19800,N, ,66,       718.00,       164.95
N,EQ,SUNLOC,SUNIL HEALTHCARE LTD.,        68.00,        70.00,        70.00,        70.00,        70.00,                      280.00,4,N, ,1,        82.00,        66.01
N,EQ,SUNRAKSHAK,SUNRAKSHAKK INDUS IND L,       356.75,       359.25,       361.30,       355.00,       356.90,                   475290.85,1331,N, ,136,       382.40,       350.00
N,EQ,SUNSHIEL,SUNSHIELD CHEMICALS LTD.,      1047.40,      1075.00,      1109.00,      1062.70,      1103.50,                   939494.40,863,N, ,217,      1284.80,      1025.70
N,EQ,SUNSHINE,SUNSHINE PICTURES LIMITED,       447.20,       450.70,       460.15,       448.00,       448.90,                156672420.85,346574,N, ,5435,       524.95,       326.25
N,SM,SUNTECH,SUNTECH INFRA SOLUTIONS L,        37.25,        36.45,        36.75,        36.45,        36.75,                   117120.00,3200,N, ,2,        59.35,        28.70
N,EQ,SUNTECK,SUNTECK REALTY LIMITED,       279.60,       278.85,       280.30,       276.60,       278.15,                  8723694.75,31359,N, ,1575,       472.50,       268.55
N,EQ,SUNTV,SUN TV NETWORK LIMITED,       632.10,       633.35,       646.80,       631.10,       636.50,                736000480.10,1153473,N, ,27941,       663.90,       447.20
N,EQ,SUPERHOUSE,SUPERHOUSE LIMITED,       155.27,       158.00,       158.00,       152.00,       154.93,                   311644.14,2011,N, ,121,       189.00,       128.55
N,EQ,SUPRAJIT,SUPRAJIT ENGINEERING LTD,       471.20,       469.80,       470.00,       462.25,       465.15,                 20501012.75,43978,N, ,3326,       559.25,       389.95
N,EQ,SUPREME,SUPREME HOLDIN N HOSP I L,        30.27,        31.35,        31.35,        29.54,        29.98,                   271866.71,8982,N, ,615,        97.84,        29.06
N,EQ,SUPREMEIND,SUPREME INDUSTRIES LTD,      3497.90,      3500.00,      3631.80,      3475.50,      3550.00,               1369273081.10,381975,N, ,43701,      4293.90,      3140.00
N,EQ,SUPREMEINF,SUPREME INFRA. LTD.,        61.40,        64.45,        64.45,        53.51,        54.67,                 23803528.50,415360,N, ,2849,       110.88,        53.51
N,SM,SUPREMEPWR,SUPREME POWER EQUIPMENT L,       239.45,       240.95,       265.00,       238.00,       260.05,                 77072400.00,305500,N, ,520,       291.35,       130.55
N,EQ,SUPRIYA,SUPRIYA LIFESCIENCE LTD,       915.35,       923.25,       923.25,       887.00,       889.25,                150069892.20,167121,N, ,11215,      1085.00,       545.50
N,EQ,SURAJEST,SURAJ ESTATE DEVELOPERS L,       205.53,       206.87,       212.50,       201.05,       208.26,                 14615700.08,71351,N, ,1551,       319.00,       165.00
N,EQ,SURAJLTD,SURAJ LIMITED,       187.40,       182.01,       186.90,       180.01,       181.70,                   212666.61,1170,N, ,27,       348.65,       180.00
N,EQ,SURAKSHA,SURAKSHA DIAGNOSTIC LTD,       332.00,       332.00,       334.20,       320.00,       321.70,                 13759341.15,42345,N, ,2090,       360.00,       224.10
N,EQ,SURANASOL,SURANA SOLAR LIMITED,        23.67,        23.67,        24.90,        23.56,        24.36,                   563641.66,23472,N, ,316,        34.51,        18.31
N,EQ,SURANAT&P,SURANA TELECOM AND POW LT,        15.76,        15.76,        16.10,        15.62,        15.76,                   186942.91,11832,N, ,172,        24.12,        15.50
N,SM,SURANI,SURANI STEEL TUBES LTD.,       144.05,       158.45,       158.45,       145.00,       158.45,                 22231770.00,140800,N, ,203,       158.45,        47.30
N,EQ,SURYALA,SURYALATA SPINNING MILL L,       376.30,       377.00,       381.50,       376.25,       376.25,                   152783.10,406,N, ,16,       508.00,       330.30
N,EQ,SURYALAXMI,SURYALAKSHMI COT MIL LTD,        57.00,        57.28,        58.00,        56.14,        56.64,                    27075.97,478,N, ,30,        67.70,        43.00
N,EQ,SURYAROSNI,SURYA ROSHNI LTD,       221.35,       221.00,       221.59,       218.01,       218.34,                 59896393.31,273102,N, ,4587,       314.50,       187.35
N,EQ,SURYODAY,SURYODAY SMALL FIN BK LTD,       151.47,       149.64,       156.74,       149.64,       155.54,                 75695708.14,489416,N, ,7753,       218.00,       115.41
N,EQ,SUTLEJTEX,SUTLEJ TEXT & INDUS LTD,        37.04,        37.05,        37.45,        36.15,        36.57,                   584532.02,15927,N, ,135,        42.93,        24.00
N,EQ,SUVEN,SUVEN LIFE SCIENCES LTD,       309.15,       309.00,       316.90,       305.00,       305.55,                 96406871.95,311351,N, ,9742,       403.35,       124.11
N,EQ,SUVIDHAA,SUVIDHAA INFOSERVE LTD,         2.07,         2.08,         2.11,         2.05,         2.10,                   132721.72,63248,N, ,163,         4.25,         1.77
N,EQ,SUYOG,SUYOG TELEMATICS LIMITED,       667.25,       667.75,       689.95,       652.10,       672.85,                 10913939.40,16252,N, ,1595,       921.15,       526.50
N,EQ,SUZLON,SUZLON ENERGY LIMITED,        39.16,        39.16,        39.19,        38.20,        38.34,               2840862817.87,73531474,N, ,109231,        61.50,        38.19
N,EQ,SVGLOBAL,S V GLOBAL MILL LTD.,       140.92,       135.00,       140.00,       135.00,       138.95,                   177122.82,1283,N, ,48,       177.50,       114.30
N,EQ,SVLL,SHREE VASU LOGISTICS LTD,       835.60,       831.00,       834.40,       811.00,       824.90,                   206724.95,251,N, ,33,       897.45,       445.15
N,EQ,SVPGLOB,SVP GLOBAL TEXTILES LTD,         3.11,         3.15,         3.15,         2.98,         3.00,                    91415.98,30415,N, ,86,         6.89,         2.18
N,EQ,SWANCORP,SWAN CORP LIMITED,       268.85,       268.10,       284.00,       268.10,       271.85,                420923818.90,1528441,N, ,37592,       493.60,       261.70
N,EQ,SWARAJENG,SWARAJ ENGINES LTD,      3537.80,      3565.00,      3566.90,      3516.60,      3546.10,                 36972665.80,10449,N, ,2383,      4437.40,      3301.30
N,EQ,SWARNSAR,SWARNSARITA JEWELS IND L,        40.62,        40.62,        41.61,        39.56,        40.01,                   318135.50,7872,N, ,36,        45.70,        32.00
N,EQ,SWELECTES,SWELECT ENERGY SYS LTD,       613.80,       617.50,       619.35,       597.00,       608.80,                 14643329.70,24148,N, ,1336,       977.00,       483.10
N,EQ,SWIGGY,SWIGGY LIMITED,       244.20,       244.00,       253.60,       242.60,       246.00,               4025873303.95,16172713,N, ,94945,       459.95,       235.50
N,EQ,SWSOLAR,STRLNG & WIL REN ENE LTD,       172.54,       172.54,       173.55,       167.45,       168.11,                141606766.84,833681,N, ,10974,       260.80,       148.00
N,SM,SYLVANPLY,SYLVAN PLYBOARD (INDIA) L,        52.00,        50.10,        50.10,        49.40,        50.00,                   891800.00,18000,N, ,6,        74.40,        40.00
N,EQ,SYMBIOTEC,SYMBIOTEC PHARMALAB LTD,      1149.50,      1149.40,      1165.00,      1122.20,      1135.60,                564668895.90,492318,N, ,32122,      1246.00,       934.20
N,EQ,SYMPHONY,SYMPHONY LIMITED,       556.95,       557.00,       565.65,       553.00,       558.10,                 25775600.15,46171,N, ,4313,       970.45,       553.00
N,EQ,SYNCOMF,SYNCOM FORMU (I) LTD,        23.22,        23.29,        25.49,        22.90,        24.94,               1008192817.27,40584346,N, ,92757,        27.49,        10.21
N,EQ,SYNGENE,SYNGENE INTERNATIONAL LTD,       363.20,       362.00,       362.00,       357.80,       360.30,                149180886.80,414606,N, ,13109,       678.95,       353.30
N,SM,SYNOPTICS,SYNOPTICS TECHNOLOGIES L,        50.85,        48.35,        48.35,        48.35,        48.35,                    58020.00,1200,N, ,2,        96.50,        39.65
N,EQ,SYRMA,SYRMA SGS TECHNOLOGY LTD,      1685.10,      1690.70,      1769.50,      1690.70,      1746.70,               3164849010.50,1814188,N, ,83105,      1822.60,       634.50
N,SM,SYSTANGO,SYSTANGO TECHNOLOGIES LTD,       219.20,       219.25,       223.05,       215.45,       218.65,                  4724620.00,21600,N, ,46,       411.00,       202.55
N,EQ,TAALTECH,TAAL TECH LTD.,      1093.40,      1110.60,      1130.00,      1070.50,      1087.90,                140646967.10,128291,N, ,12818,      5799.00,       913.60
N,EQ,TAINWALCHM,TAINWALA CHEMICAL AND PLA,       201.12,       205.00,       205.00,       196.56,       200.40,                    96800.15,488,N, ,28,       257.00,       155.00
N,EQ,TAJGVK,TAJ GVK HOTELS & RESORTS,       318.30,       321.00,       329.00,       317.50,       320.45,                 21774519.70,67467,N, ,2954,       438.25,       281.35
N,EQ,TAKE,TAKE LIMITED,        11.55,        11.89,        12.12,        11.54,        12.12,                  3226610.45,269087,N, ,539,        50.14,        11.51
N,EQ,TALBROAUTO,TALBROS AUTO. COMP. LTD,       429.45,       430.05,       432.35,       412.25,       417.05,                 75835647.70,181320,N, ,6496,       485.80,       219.90
N,EQ,TANAA,TANEJA AEROSPACE & AVIA L,       309.30,       310.85,       363.00,       308.00,       349.25,                155156678.85,447847,N, ,20079,       378.95,       238.00
N,EQ,TANLA,TANLA PLATFORMS LIMITED,       492.15,       491.00,       501.60,       488.00,       494.55,                153377244.25,309236,N, ,11762,       748.45,       365.90
N,EQ,TARACHAND,TARA CHAND INFRA SOLN LTD,        46.42,        46.23,        47.35,        46.23,        46.26,                  2253464.54,48497,N, ,1414,       103.67,        45.16
N,EQ,TARAPUR,TARAPUR TRANSFORMERS LTD,        11.61,        11.61,        12.25,        11.08,        11.52,                   382617.97,32875,N, ,323,        39.99,        10.80
N,EQ,TARC,TARC LIMITED,       124.10,       124.10,       124.39,       121.23,       122.24,                 29437329.42,240407,N, ,2443,       186.30,       109.10
N,EQ,TARIL,TRANS & RECTI. LTD,       283.65,       283.95,       294.15,       278.35,       289.15,                879685188.85,3041176,N, ,50162,       501.20,       224.05
N,EQ,TARMAT,TARMAT LIMITED,        56.79,        56.82,        58.78,        56.00,        56.78,                  1040753.44,18146,N, ,222,        73.90,        46.26
N,EQ,TARSONS,TARSONS PRODUCTS LIMITED,       331.65,       333.45,       352.45,       331.25,       341.70,                 79546978.90,230964,N, ,7892,       375.00,       164.45
N,EQ,TASTYBITE,TASTY BITE EATABLES LTD,      9413.00,      9450.00,      9464.50,      9328.50,      9373.00,                  3774550.50,402,N, ,264,     10544.00,      6430.00
N,EQ,TATACHEM,TATA CHEMICALS LTD,       616.55,       618.80,       618.80,       608.80,       609.80,                276402457.05,451020,N, ,11827,       944.50,       580.30
N,EQ,TATACOMM,TATA COMMUNICATIONS LTD,      1681.80,      1672.20,      1688.00,      1622.00,      1659.60,               1018153348.60,612618,N, ,41962,      2110.00,      1322.50
N,EQ,TATAELXSI,TATA ELXSI LIMITED,      3093.00,      3100.00,      3134.00,      3077.30,      3082.50,                552785027.60,178378,N, ,22534,      5950.00,      3046.20
N,EQ,TATAGOLD,TATAAML-TATAGOLD,        14.28,        14.28,        14.29,        14.23,        14.23,                490496692.56,34413035,N, ,50580,        17.70,        10.33
N,EQ,TATAINVEST,TATA INVESTMENT CORP LTD,       624.15,       624.15,       625.95,       613.70,       615.30,                137066625.15,221891,N, ,10035,     10724.00,       538.85
N,EQ,TATATECH,TATA TECHNOLOGIES LIMITED,       703.10,       702.50,       706.85,       695.00,       697.60,                208643422.25,297761,N, ,24215,       891.00,       507.40
N,EQ,TATSILV,TATAAML-TATSILV,        21.40,        21.35,        21.40,        21.20,        21.21,                753313779.89,35402176,N, ,34276,        35.10,        13.50
N,EQ,TATVA,TATVA CHIN PHARM CHEM LTD,      1877.40,      1880.20,      2000.00,      1866.70,      1991.20,                544188991.10,278517,N, ,25287,      2000.00,      1026.50
N,SM,TBI,TBI CORN LIMITED,        73.20,        71.00,        76.00,        71.00,        74.00,                  3105720.00,42000,N, ,46,        98.45,        55.00
N,EQ,TBOTEK,TBO TEK LIMITED,      1693.20,      1682.00,      1772.50,      1676.40,      1704.50,               3337538094.90,1938711,N, ,75717,      1772.50,      1004.20
N,EQ,TCC,TCC CONCEPT LIMITED,        47.09,        46.89,        47.51,        45.65,        46.10,                 16641527.80,360773,N, ,3154,       526.40,        39.37
N,EQ,TCI,TRANSPORT CORPN OF INDIA,       888.00,       890.00,       897.95,       882.90,       885.60,                 61904164.05,69647,N, ,5106,      1242.00,       797.00
N,EQ,TCIEXP,TCI EXPRESS LIMITED,       501.40,       500.70,       509.50,       495.00,       499.75,                 12787174.30,25483,N, ,1557,       732.95,       447.55
N,EQ,TCIFINANCE,TCI FINANCE LTD,        14.16,        14.49,        14.49,        14.10,        14.21,                   112815.77,7931,N, ,67,        38.46,        10.00
N,SM,TCL,THAAI CASTING LIMITED,       137.45,       132.70,       139.00,       132.70,       133.95,                 19890440.00,146400,N, ,56,       147.45,        74.05
N,EQ,TCPLPACK,TCPL PACKAGING LIMITED,      4007.90,      4023.00,      4055.00,      3967.00,      4031.50,                 12488608.20,3112,N, ,814,      4410.90,      2200.00
N,EQ,TDPOWERSYS,TD POWER SYSTEMS LTD.,       816.00,       818.00,       834.70,       805.15,       821.10,               2199981785.15,2690340,N, ,94487,      1597.70,       582.70
N,EQ,TEAMGTY,TEAM INDIA GUARANTY LTD,       235.02,       235.02,       240.90,       235.02,       238.95,                    49263.40,206,N, ,12,       332.55,       210.00
N,EQ,TEAMLEASE,TEAMLEASE SERVICES LTD.,      1130.30,      1130.00,      1139.50,      1093.00,      1101.00,                 21414609.50,19351,N, ,3408,      1872.20,      1065.20
N,SM,TECHD,TECHD CYBERSECURITY LTD,       529.80,       520.00,       539.00,       520.00,       525.95,                 16946775.00,32100,N, ,100,       843.60,       360.00
N,SM,TECHERA,TECHERA ENGINEER (IND) L,       153.30,       153.95,       158.95,       151.50,       155.50,                 11348160.00,72800,N, ,82,       325.70,       127.55
N,SM,TECHLABS,TRIDENT TECHLABS LIMITED,       113.25,       114.95,       114.95,       110.00,       111.85,                  1362350.00,12250,N, ,66,       497.00,       105.00
N,EQ,TECHNOCRAF,TECHNOCRAFT VENTURES LTD,       467.25,       469.00,       488.65,       467.25,       486.40,                421374670.20,876756,N, ,20444,       496.50,       284.00
N,EQ,TECHNOE,TECHNO ELEC & ENG CO. LTD,       996.20,       996.70,       999.10,       980.50,       988.30,                 68893996.00,69665,N, ,8396,      1389.60,       870.00
N,EQ,TECHNVISN,TECHNVISION VENTURES LTD.,      4012.90,      4211.90,      4213.50,      4080.10,      4213.50,                  2444930.50,581,N, ,83,      6198.00,      3222.80
N,EQ,TECILCHEM,TECIL CHEMICALS,         9.24,         9.78,         9.85,         9.33,         9.40,                   232992.41,24062,N, ,61,        22.08,         8.00
N,EQ,TEGA,TEGA INDUSTRIES LIMITED,      2092.50,      2108.20,      2167.30,      2085.50,      2123.60,               1042532352.10,488724,N, ,40850,      2198.00,      1473.00
N,SM,TEJA,TEJA ENGINEERING IND L,       212.05,       215.00,       218.00,       215.00,       218.00,                   388800.00,1800,N, ,3,       775.00,       200.95
N,SM,TEJASCARGO,TEJAS CARGO INDIA LIMITED,       404.00,       410.00,       410.00,       410.00,       410.00,                   164000.00,400,N, ,1,       435.85,       251.00
N,EQ,TEJASNET,TEJAS NETWORKS LIMITED,       475.85,       473.00,       477.45,       465.00,       466.70,                500914791.30,1065621,N, ,31147,       644.75,       294.00
N,EQ,TEMBO,TEMBO GLOBAL IND LTD,        58.25,        58.25,        58.25,        55.35,        56.42,                 69740485.85,1221774,N, ,6810,       837.00,        54.25
N,EQ,TEMPSENS,TEMPSENS INST (INDIA) LTD,       515.50,       515.70,       603.00,       514.90,       578.00,               5390072972.00,9435714,N, ,196507,       634.85,       486.00
N,EQ,TENNIND,TENNECO CLEAN AIR INDIA L,       494.15,       494.15,       496.00,       479.15,       480.40,                269029738.55,556746,N, ,23494,       657.00,       438.05
N,EQ,TERAI,TERAI TEA CO. LTD.,       120.00,       122.00,       122.00,       100.30,       113.50,                    37284.38,337,N, ,34,       140.00,       100.30
N,EQ,TERASOFT,TERA SOFTWARE LIMITED,       237.77,       238.00,       242.68,       224.61,       226.04,                  7501528.55,32809,N, ,1296,       598.00,       194.11
N,EQ,TEXINFRA,TEXMACO INFRA & HOLDG LTD,       125.42,       127.00,       127.00,       120.20,       121.24,                 18373619.98,149902,N, ,2159,       127.00,        82.50
N,EQ,TEXMOPIPES,TEXMO PIPE & PRODUCTS LTD,        53.80,        54.00,        54.50,        52.23,        52.58,                  4999645.77,93443,N, ,1414,        64.50,        33.00
N,EQ,TEXRAIL,TEXMACO RAIL & ENG. LTD.,       117.38,       117.45,       117.70,       113.70,       114.74,                232527927.27,2010213,N, ,17674,       143.10,        78.05
N,EQ,TFCILTD,TOURISM FINANCE CORP. OF,       140.65,       141.29,       154.00,       141.26,       152.24,               2976590013.82,19824302,N, ,93150,       154.00,        51.00
N,EQ,TFL,TRANSWARRANTY FIN. LTD.,        11.99,        11.99,        12.21,        11.65,        12.16,                    48553.82,3999,N, ,51,        18.50,        10.21
N,EQ,TGBHOTELS,TGB BANQUETS&HOTELS LTD,         9.37,         9.70,         9.70,         9.35,         9.40,                    35861.78,3766,N, ,45,        12.40,         7.50
N,EQ,TGVSL,T G V SRAAC LTD.,       125.48,       125.49,       127.00,       123.00,       126.26,                 60498119.69,482160,N, ,6179,       130.49,       101.01
N,EQ,THACKER,THACKER & CO. LTD.,       939.65,       939.65,      1000.00,       939.65,       980.00,                    38403.50,39,N, ,6,      1689.90,       900.10
N,EQ,THAKDEV,THAKKERS DEVELOPERS LTD.,       135.06,       134.39,       134.39,       134.39,       134.39,                      268.78,2,N, ,2,       163.01,       115.10
N,EQ,THANGAMAYL,THANGAMAYIL JEWELLERY LTD,      4758.50,      4758.50,      4870.00,      4666.00,      4803.00,                248949721.50,51777,N, ,13152,      7430.00,      1939.50
N,EQ,THEINVEST,THE INVEST TRUST OF IND L,        90.81,        91.26,        92.63,        89.90,        90.20,                   378549.97,4177,N, ,118,       152.99,        89.00
N,EQ,THEJO,THEJO ENGINEERING LIMITED,      2098.90,      2074.20,      2120.00,      2074.20,      2100.40,                  8392755.40,3998,N, ,451,      2286.60,      1443.60
N,EQ,THELEELA,LEELA PALACES HOTEL LTD,       582.70,       580.00,       607.25,       576.50,       602.45,                374616055.50,627331,N, ,47612,       607.25,       384.50
N,EQ,THEMISMED,THEMIS MEDICARE LTD.,       113.49,       114.05,       117.98,       113.40,       115.47,                  8992873.13,77738,N, ,1586,       147.00,        64.95
N,EQ,THERMAX,THERMAX LTD,      3225.10,      3262.00,      3277.20,      3200.00,      3230.40,                335977955.20,103486,N, ,22726,      5277.80,      2742.70
N,EQ,THOMASCOOK,THOMAS COOK (INDIA) LTD,       101.09,       100.80,       101.61,        99.89,       100.54,                 32981443.07,327879,N, ,4835,       169.00,        86.35
N,EQ,THOMASCOTT,THOMAS SCOTT (INDIA) LTD,       280.80,       281.65,       287.65,       272.50,       278.85,                  8235440.30,29314,N, ,973,       459.80,       221.80
N,EQ,THYROCARE,THYROCARE TECH LTD,       529.80,       532.40,       532.40,       510.50,       513.05,                162904631.10,315757,N, ,30020,      1610.00,       342.55
N,EQ,TI,TILAKNAGAR INDUSTRIES LTD,       547.80,       543.10,       563.15,       542.60,       551.55,                586645428.30,1058902,N, ,41115,       607.80,       381.55
N,EQ,TIGERLOGS,TIGER LOGISTICS (INDIA) L,        25.86,        25.99,        26.30,        25.11,        26.17,                  1370837.60,52827,N, ,682,        49.14,        22.90
N,EQ,TIIL,TECHNOCRAFT IND LTD,      2819.10,      2825.50,      2825.50,      2688.10,      2715.40,                109673801.80,40230,N, ,6470,      3565.30,      1868.50
N,EQ,TIINDIA,TUBE INVEST OF INDIA LTD,      2472.70,      2470.30,      2472.00,      2355.50,      2388.00,               1333722743.70,556889,N, ,44242,      3335.20,      2164.90
N,SM,TIMESCAN,TIMESCAN LOGISTICS IND L,        40.00,        42.00,        42.00,        42.00,        42.00,                   504000.00,12000,N, ,3,        61.75,        37.30
N,EQ,TIMETECHNO,TIME TECHNOPLAST LTD.,       183.07,       183.00,       185.22,       180.64,       183.62,                452573955.33,2467633,N, ,23191,       227.50,       154.00
N,EQ,TIMEX,TIMEX GROUP INDIA LTD.,       731.70,       733.70,       744.60,       715.00,       724.45,                244506580.45,336138,N, ,21334,       759.70,       312.00
N,EQ,TIMKEN,TIMKEN INDIA LTD.,      3156.90,      3157.00,      3178.80,      3096.00,      3132.00,                122583993.70,39160,N, ,10243,      3925.00,      2800.50
N,EQ,TINNARUBR,TINNA RUBBER AND INFR LTD,       950.25,       954.95,       957.75,       926.00,       930.55,                 23701879.35,25287,N, ,2675,      1322.00,       527.45
N,EQ,TIPSFILMS,TIPS FILMS LIMITED,       334.55,       338.70,       342.00,       325.15,       328.75,                  2244827.60,6753,N, ,374,       479.25,       276.75
N,EQ,TIPSMUSIC,TIPS MUSIC LIMITED,       653.10,       653.10,       657.90,       638.00,       639.90,                146464761.45,226714,N, ,12133,       741.00,       481.15
N,EQ,TIRUMALCHM,THIRUMALAI CHEMICALS LTD,       148.53,       148.90,       152.90,       146.80,       147.91,                 40373343.71,270559,N, ,4468,       293.75,       141.40
N,EQ,TITAGARH,TITAGARH RAIL SYSTEMS LTD,       804.85,       804.85,       808.45,       796.65,       799.75,                159961989.60,199471,N, ,10653,       971.00,       568.70
N,EQ,TMB,TAMILNAD MERCA BANK LTD,       878.95,       878.95,       884.60,       861.05,       877.35,                134299663.00,153612,N, ,12840,       954.20,       420.00
N,EQ,TNPETRO,TAMILNADU PETROPRODUCTS L,       126.03,       126.49,       127.39,       123.54,       125.78,                 59605647.29,475976,N, ,7160,       146.99,        78.67
N,EQ,TNPL,TAMILNADU NEWSPRT & PAPER,       145.94,       146.00,       146.52,       143.00,       143.35,                 10669509.48,74131,N, ,2657,       166.66,       121.51
N,EQ,TOKYOPLAST,TOKYO PLAST INTL LTD,        71.10,        73.69,        73.69,        70.00,        70.87,                    54924.70,771,N, ,39,       135.00,        53.86
N,EQ,TOLINS,TOLINS TYRES LIMITED,        90.19,        90.00,        90.95,        88.00,        90.08,                  4955313.67,55327,N, ,1228,       197.69,        83.04
N,EQ,TORNTPOWER,TORRENT POWER LTD,      1234.90,      1238.90,      1247.80,      1223.20,      1236.50,                216466441.60,175635,N, ,13283,      1824.10,      1188.00
N,EQ,TOUCHWOOD,TOUCHWOOD ENTERTAIN LTD.,        58.95,        60.37,        60.37,        59.01,        59.61,                    57193.28,951,N, ,12,       113.00,        57.00
N,EQ,TOYAMSL,TOYAM SPORTS LTD.,         0.68,         0.69,         0.71,         0.69,         0.71,                   265953.57,374839,N, ,145,         0.92,         0.60
N,EQ,TPLPLASTEH,TPL PLASTECH LIMITED,        69.18,        69.64,        69.80,        68.16,        68.60,                  7502879.15,108731,N, ,850,        90.33,        50.01
N,EQ,TRACXN,TRACXN TECHNOLOGIES LTD,        34.34,        35.00,        35.00,        33.02,        33.89,                 12182589.32,357771,N, ,2693,        55.90,        25.39
N,EQ,TRANSCOR,TRANSCORP INTERNATIONAL L,        23.91,        24.54,        25.50,        24.16,        25.38,                   320122.81,12826,N, ,65,        29.00,        21.00
N,EQ,TRANSRAILL,TRANSRAIL LIGHTING LTD,       482.40,       485.00,       486.90,       476.00,       479.30,                371834988.55,770841,N, ,24076,       766.80,       400.65
N,SM,TRANSTEEL,TRANSTEEL SEATING TECH L,        80.95,        80.95,        85.00,        80.10,        82.45,                  3697600.00,45000,N, ,40,       169.00,        71.15
N,SM,TRANSWIND,TRANSWIND INFRA LIMITED,        11.30,        11.30,        11.30,        11.30,        11.30,                    45200.00,4000,N, ,1,        25.50,        10.80
N,EQ,TRAVELFOOD,TRAVEL FOOD SERVICES LTD,      1197.90,      1191.30,      1197.10,      1180.20,      1189.60,                 80211902.00,67434,N, ,10999,      1470.90,      1035.30
N,EQ,TREEHOUSE,TREE HOUSE EDU LTD,         5.82,         5.80,         6.00,         5.70,         5.78,                    60782.00,10445,N, ,53,        11.00,         5.46
N,EQ,TREJHARA,TREJHARA SOLUTIONS LTD,       130.39,       135.81,       135.81,       125.75,       127.48,                  2854008.02,22107,N, ,558,       284.85,       125.75
N,EQ,TREL,TRANSINDIA REAL ESTATE L,        26.64,        27.00,        27.33,        26.00,        26.71,                  2277100.18,85309,N, ,808,        32.00,        21.47
N,EQ,TRF,TRF LIMITED,       196.30,       197.03,       198.95,       193.07,       198.02,                  1091165.64,5575,N, ,289,       387.80,       191.19
N,EQ,TRIDENT,TRIDENT LIMITED,        22.56,        22.56,        22.68,        22.26,        22.31,                 54453179.51,2433694,N, ,11612,        30.94,        21.80
N,EQ,TRIGYN,TRIGYN TECHNOLOGIES LTD,        51.70,        51.00,        52.45,        51.00,        51.63,                   501483.43,9705,N, ,238,        86.00,        37.55
N,EQ,TRITONV,TRITON VALVES LTD.,      1093.00,      1070.10,      1099.00,      1042.90,      1050.20,                  3626181.30,3421,N, ,333,      1219.30,      1020.00
N,EQ,TRITURBINE,TRIVENI TURBINE LIMITED,       536.10,       530.10,       543.00,       528.90,       531.45,                180891578.30,337921,N, ,26994,       787.60,       428.35
N,EQ,TRIVENI,TRIVENI ENGG. & INDS. LTD,       241.97,       243.00,       249.04,       240.64,       245.13,                152792762.94,621686,N, ,17337,       314.90,       220.05
N,SM,TROM,TROM INDUSTRIES LIMITED,        52.05,        53.95,        57.20,        53.85,        56.05,                   661740.00,12000,N, ,17,       109.80,        42.90
N,EQ,TRU,TRUCAP FINANCE LIMITED,         4.12,         4.30,         4.30,         4.15,         4.25,                   123921.36,29133,N, ,123,        10.99,         3.90
N,EQ,TRUALT,TRUALT BIOENERGY LIMITED,       444.35,       445.35,       456.95,       439.95,       448.85,                 59505760.10,132449,N, ,4913,       542.00,       310.20
N,SM,TRUST,TRUST FINTECH LIMITED,        25.55,        25.70,        25.70,        24.15,        24.70,                   555720.00,22200,N, ,32,        77.00,        23.80
N,EQ,TSFINV,TSF INVESTMENTS LIMITED,       417.95,       415.00,       416.40,       407.20,       409.60,                 24602219.50,59688,N, ,2672,       701.50,       331.70
N,EQ,TTKHLTCARE,TTK HEALTHCARE LIMITED,      1033.70,      1040.40,      1050.50,      1026.70,      1046.60,                 14203606.20,13651,N, ,1337,      1247.00,       735.00
N,EQ,TTKPRESTIG,TTK PRESTIGE LTD,       522.85,       521.00,       521.75,       515.30,       517.85,                  8412625.20,16239,N, ,1885,       771.20,       423.00
N,EQ,TTL,T T LIMITED,         7.38,         7.30,         7.50,         7.25,         7.29,                   734537.42,99784,N, ,204,        10.59,         5.50
N,EQ,TTML,TATA TELESERV(MAHARASTRA),        34.18,        34.08,        34.20,        33.84,        34.01,                 48216473.23,1417779,N, ,8652,        60.08,        31.22
N,SM,TUNWAL,TUNWAL E-MOTORS LIMITED,        26.10,        26.05,        26.05,        25.50,        25.75,                   412000.00,16000,N, ,8,        49.80,        24.30
N,EQ,TURTLEMINT,TURTLEMINT FINTECH SOLS L,        68.91,        68.91,        72.35,        67.88,        72.28,                118251836.25,1668511,N, ,11391,       160.00,        65.85
N,EQ,TUTIALKA,TUTICORIN ALKAL CH & FE L,        54.00,        54.00,        54.95,        54.00,        54.70,                   115119.01,2110,N, ,38,        62.90,        52.00
N,EQ,TVSELECT,TVS ELECTRONICS LTD,       404.20,       404.05,       404.05,       395.00,       397.00,                 10942411.05,27384,N, ,1273,       739.35,       336.20
N,EQ,TVSHLTD,TVS HOLDINGS LIMITED,     11763.00,     11722.00,     11809.00,     11600.00,     11735.00,                 50616010.00,4318,N, ,1389,     15700.00,     11600.00
N,EQ,TVSSCS,TVS SUPPLY CHAIN SOL L,       130.67,       131.00,       132.60,       128.13,       130.40,                 62089248.31,475200,N, ,7320,       146.50,        90.32
N,EQ,TVSSRICHAK,TVS SRICHAKRA LIMITED,      4390.10,      4367.20,      4419.10,      4321.30,      4354.10,                 16870049.60,3851,N, ,1284,      5760.00,      3185.00
N,EQ,TVTODAY,TV TODAY NETWORK LTD,       101.48,       101.15,       103.00,       100.62,       101.30,                  1560014.03,15356,N, ,413,       153.01,        93.50
N,EQ,TWCGOLDETF,WEALTH - TWCGOLDETF,       146.53,       147.00,       147.00,       145.50,       145.99,                   520163.48,3563,N, ,168,       187.98,       123.31
N,EQ,UBL,UNITED BREWERIES LTD,      1178.30,      1192.00,      1192.00,      1178.40,      1185.70,                 57071340.90,48162,N, ,6634,      1844.00,      1140.30
N,EQ,UCOBANK,UCO BANK,        23.27,        23.20,        23.53,        22.95,        23.40,                 86254007.34,3707604,N, ,15370,        34.20,        22.22
N,EQ,UDAYJEW,UDAY JEWELLERY INDS. LTD.,       160.33,       168.00,       168.01,       160.50,       161.13,                  1269242.88,7798,N, ,396,       180.89,       115.04
N,EQ,UDS,UPDATER SERVICES LIMITED,       215.40,       215.40,       219.70,       213.01,       218.11,                 23506534.48,108092,N, ,2342,       261.54,       125.10
N,EQ,UEL,UJAAS ENERGY LIMITED,       179.62,       179.62,       183.80,       176.05,       177.64,                  1298279.70,7247,N, ,528,       284.20,       117.51
N,EQ,UFLEX,UFLEX LIMITED,       641.25,       641.55,       655.00,       633.10,       643.15,                 74167239.40,115503,N, ,5105,       723.50,       330.00
N,EQ,UFO,UFO MOVIEZ INDIA LTD.,        57.38,        58.47,        58.48,        56.55,        56.88,                  1169063.97,20402,N, ,388,        92.97,        53.75
N,EQ,UGROCAP,UGRO CAPITAL LIMITED,        82.97,        82.90,        82.90,        80.76,        81.28,                 17335774.94,212716,N, ,6615,       192.50,        79.20
N,EQ,UJJIVANSFB,UJJIVAN SMALL FINANC BANK,        65.19,        65.20,        67.19,        64.72,        64.94,               1026348158.82,15595871,N, ,54217,        73.94,        47.31
N,EQ,ULTRAMAR,ULTRAMARINE & PIGMENTS L,       408.80,       409.30,       411.95,       405.10,       409.60,                  9973886.45,24466,N, ,1046,       455.75,       364.10
N,SM,UMA,UMA CONVERTER LIMITED,        16.60,        18.40,        18.40,        18.40,        18.40,                    73600.00,4000,N, ,1,        24.30,        14.40
N,EQ,UMESLTD,USHA MARTIN EDU & SOL LTD,         4.45,         4.39,         4.70,         4.39,         4.51,                   264490.57,58235,N, ,115,         7.14,         3.76
N,EQ,UMIYA-MRO,UMIYA BUILDCON LIMITED,        92.55,        93.69,        93.69,        92.10,        92.22,                   381356.92,4126,N, ,99,       110.90,        70.00
N,EQ,UNICHEMLAB,UNICHEM LABORATORIES LTD,       548.10,       552.85,       557.90,       541.35,       546.20,                 24581420.90,44644,N, ,2954,       687.20,       278.20
N,EQ,UNIDT,UNITED DRILLING TOOLS LTD,       226.13,       230.00,       235.01,       226.00,       227.34,                  7353462.47,32104,N, ,1225,       272.00,       146.00
N,EQ,UNIECOM,UNICOMMERCE ESOLUTIONS L,        81.84,        82.00,        83.24,        81.72,        82.61,                 11451060.68,138686,N, ,1817,       145.72,        78.51
N,EQ,UNIENTER,UNIPHOS ENTERPRISES LTD,        87.09,        87.10,        89.85,        86.12,        86.72,                   230555.45,2646,N, ,57,       158.00,        86.00
N,SM,UNIHEALTH,UNIHEALTH HOSPITALS LTD,       550.00,       558.00,       559.95,       541.05,       554.35,                  9079925.00,16500,N, ,28,       820.00,       153.55
N,EQ,UNIINFO,UNIINFO TELECOM SERVI LTD,        11.00,        11.02,        11.50,        10.53,        11.45,                    97223.90,8580,N, ,47,        18.98,         9.36
N,SM,UNILEX,UNILEX COLOURS AND CHEM L,        30.40,        31.00,        31.00,        30.75,        30.75,                    98800.00,3200,N, ,2,        47.45,        20.05
N,EQ,UNIMECH,UNIMECH AEROSPACE N MFG L,      1873.10,      1892.50,      1892.50,      1840.10,      1854.50,                268734520.90,143988,N, ,16891,      1901.00,       695.00
N,EQ,UNIONGOLD,UNIONAMC - UNIONGOLD,       143.35,       143.75,       144.00,       143.15,       143.50,                   361573.40,2520,N, ,151,       177.00,       113.35
N,EQ,UNIPARTS,UNIPARTS INDIA LIMITED,       824.70,       825.00,       832.10,       806.20,       812.30,                 48726378.60,59608,N, ,7965,       915.95,       399.80
N,EQ,UNITDSPR,UNITED SPIRITS LIMITED,      1358.00,      1348.30,      1355.40,      1338.00,      1344.00,               1342735035.40,998614,N, ,34920,      1563.40,      1210.80
N,EQ,UNITECH,UNITECH LTD,         4.00,         3.98,         4.21,         3.95,         4.10,                 20757719.85,5044354,N, ,3099,         7.93,         3.10
N,EQ,UNITEDPOLY,UNITED POLYFAB GUJ. LTD.,        48.49,        49.99,        49.99,        47.61,        48.10,                  4766493.76,98385,N, ,732,        50.23,        20.60
N,EQ,UNITEDTEA,UNITED NILGIRI TEA LTD,       415.95,       415.95,       418.00,       401.60,       408.85,                  1730362.05,4211,N, ,138,       590.00,       401.60
N,EQ,UNIVCABLES,UNIVERSAL CABLES LTD,      1649.20,      1667.00,      1669.50,      1597.70,      1633.10,                162120029.20,99488,N, ,12788,      1774.90,       576.00
N,EQ,UNOMINDA,UNO MINDA LIMITED,      1120.00,      1115.70,      1123.90,      1100.00,      1104.80,                307246958.00,277168,N, ,18536,      1382.00,       994.00
N,EQ,UPL,UPL LIMITED,       509.55,       510.00,       510.00,       494.60,       495.00,               1086555434.15,2175673,N, ,42923,       812.20,       494.60
N,SM,URBAN,URBAN ENVIRO WASTE MGMT L,       122.65,       119.10,       122.90,       118.70,       121.75,                  1647960.00,13600,N, ,16,       193.20,       114.00
N,EQ,URBANCO,URBAN COMPANY LIMITED,       173.54,       170.50,       173.01,       167.75,       168.23,               1042508417.07,6144587,N, ,56997,       183.97,       100.70
N,EQ,URJA,URJA GLOBAL LIMITED,         8.60,         8.51,         8.70,         8.48,         8.51,                  4207243.64,491846,N, ,2036,        13.75,         8.00
N,EQ,USHAMART,USHA MARTIN LTD.,       516.70,       519.00,       523.40,       510.00,       520.25,                495627814.15,962383,N, ,22008,       542.60,       380.00
N,EQ,USK,UDAYSHIVAKUMAR INFRA LTD,        18.64,        19.36,        19.36,        18.00,        18.40,                   209830.91,11444,N, ,186,        31.30,        17.77
N,EQ,UTIAMC,UTI ASSET MNGMT CO LTD,       888.20,       889.00,       901.00,       879.05,       892.30,                 63261214.70,71137,N, ,9432,      1409.00,       866.00
N,EQ,UTKARSHBNK,UTKARSH SMALL FIN BANK L,        13.52,        14.30,        14.43,        13.85,        13.98,                299694965.45,21411872,N, ,22244,        23.30,        10.12
N,EQ,UTLSOLAR,FUJIYAMA POWER SYSTEMS L,       418.85,       417.50,       442.00,       410.85,       431.75,                176498684.55,407571,N, ,21971,       494.25,       172.00
N,SM,UTSSAV,UTSSAV CZ GOLD JEWELS LTD,       860.75,       870.00,       881.00,       848.00,       855.00,                 32590080.00,37800,N, ,61,       881.00,       160.05
N,EQ,UTTAMSUGAR,UTTAM SUGAR MILLS LTD.,       302.80,       302.35,       312.70,       299.40,       308.30,                106519640.05,345726,N, ,9258,       359.30,       181.10
N,SM,UWCSL,ULTRA WIRING CONN SYS LTD,       121.00,       120.00,       120.00,       114.95,       114.95,                   234950.00,2000,N, ,2,       123.00,        83.50
N,EQ,V2RETAIL,V2 RETAIL LIMITED,       172.19,       171.34,       171.97,       157.35,       163.95,                515350101.57,3074441,N, ,37809,      2564.10,       157.35
N,EQ,VADILALIND,VADILAL INDUSTRIES LTD,      7309.50,      7309.50,      7309.50,      7198.00,      7247.00,                 18197133.50,2509,N, ,1087,      8447.00,      3996.00
N,EQ,VADILENT,VADILAL ENTERPRISES LTD.,      9860.00,      9860.00,      9910.00,      9860.00,      9910.00,                    19770.00,2,N, ,2,     12598.00,      9401.00
N,EQ,VAIBHAVGBL,VAIBHAV GLOBAL LIMITED,       202.43,       201.43,       201.89,       199.01,       200.75,                 18494174.66,92278,N, ,3101,       293.25,       174.13
N,EQ,VAISHALI,VAISHALI PHARMA LIMITED,         8.17,         8.40,         8.40,         7.76,         8.10,                  1467820.46,181758,N, ,393,        11.88,         4.75
N,EQ,VAKRANGEE,VAKRANGEE LIMITED,         5.19,         5.19,         5.22,         5.15,         5.19,                  2986973.04,577018,N, ,966,         9.64,         4.61
N,EQ,VALIANTORG,VALIANT ORGANICS LIMITED,       496.80,       496.80,       505.00,       477.00,       479.85,                 53677035.75,109561,N, ,3326,       505.00,       195.00
N,SM,VALUE360,VALUE 360 COMMUNICATION L,        61.55,        68.00,        73.85,        68.00,        73.85,                 14346780.00,195600,N, ,61,        91.00,        47.85
N,EQ,VARDHACRLC,VARDHAMAN ACRYLICS LTD,        43.63,        44.00,        44.49,        43.35,        43.72,                  1293511.80,29518,N, ,109,        48.55,        27.01
N,EQ,VARDMNPOLY,VARDHMAN POLYTEX LTD.,         5.44,         5.31,         5.60,         5.24,         5.40,                   889364.36,164823,N, ,494,         9.49,         5.10
N,EQ,VARMORA,VARMORA GRANITO LIMITED,       132.84,       132.84,       137.30,       130.35,       136.31,                247527816.29,1844068,N, ,17770,       163.77,       130.35
N,EQ,VARROC,VARROC ENGINEERING LTD.,       814.45,       814.45,       826.80,       810.00,       823.75,                136135852.20,166445,N, ,13502,       912.20,       462.00
N,EQ,VASCONEQ,VASCON ENGINEERS LTD,        32.31,        32.12,        32.51,        32.05,        32.33,                  6664850.63,206540,N, ,984,        74.59,        26.75
N,EQ,VASWANI,VASWANI IND LTD,        43.41,        43.66,        44.24,        43.20,        43.80,                   598679.23,13762,N, ,101,        69.99,        43.11
N,SM,VDEAL,VDEAL SYSTEM LIMITED,       110.35,       105.05,       109.00,       105.05,       108.95,                   446490.00,4200,N, ,7,       260.00,       101.10
N,EQ,VEDAVAAG,VEDAVAAG SYSTEMS LTD.,        23.24,        23.50,        23.51,        22.11,        22.84,                  1380860.49,60838,N, ,367,        25.69,        16.98
N,EQ,VEDPOWER,VEDANTA POWER LIMITED,        32.53,        32.39,        32.63,        31.87,        32.42,                247931323.66,7685828,N, ,31204,        49.88,        30.44
N,EQ,VEEDOL,VEEDOL CORPORATION LTD,      1392.40,      1390.00,      1401.00,      1361.00,      1383.00,                  8956927.00,6459,N, ,850,      1963.80,      1238.20
N,EQ,VEEGALAND,VEEGALAND DEVELOPERS LTD,       148.64,       149.95,       153.00,       141.10,       143.63,                308615487.10,2096377,N, ,17982,       154.00,       135.20
N,SM,VEEKAYEM,VEEKAYEM FASH & APP LTD,       108.35,       103.15,       111.00,       103.15,       103.50,                   420100.00,4000,N, ,8,       302.00,        79.80
N,EQ,VENKEYS,VENKY S (INDIA) LIMITED,      1694.80,      1687.90,      1692.90,      1649.80,      1655.60,                 68004906.10,40836,N, ,4584,      1814.90,      1165.00
N,EQ,VENTIVE,VENTIVE HOSPITALITY LTD,       582.35,       587.90,       587.90,       575.05,       582.40,                  7289388.00,12530,N, ,1201,       793.95,       542.60
N,EQ,VENUSPIPES,VENUS PIPES & TUBES LTD,      2240.30,      2243.00,      2269.80,      2185.70,      2238.50,                254172715.80,114368,N, ,9589,      2347.90,       890.00
N,IV,VERTIS,VERTIS INFRASTRUCTURE TST,       114.00,       115.50,       115.75,       115.50,       115.75,                 26000000.00,225000,N, ,7,       125.00,       102.05
N,EQ,VERTOZ,VERTOZ LIMITED,        33.52,        33.49,        34.93,        32.10,        33.06,                  2226333.06,65720,N, ,648,        76.80,        27.02
N,EQ,VESUVIUS,VESUVIUS INDIA LTD,       404.40,       403.00,       415.55,       399.10,       409.70,                 72304377.15,176659,N, ,8752,       607.90,       383.00
N,EQ,VETO,VETO SWITCHGEAR CABLE LTD,       138.54,       140.00,       140.80,       138.00,       138.49,                  5930338.22,42720,N, ,1324,       155.90,        82.32
N,EQ,VGCL,VIBRANT GLOBAL CAPITAL L,        47.60,        47.58,        49.98,        47.58,        49.98,                   264983.63,5350,N, ,25,        62.95,        45.00
N,SM,VGINFOTECH,VIRTUAL GALAXY INFOTECH L,       136.85,       136.00,       138.50,       136.00,       136.60,                  3437450.00,25000,N, ,20,       183.80,        99.50
N,EQ,VGL,VARVEE GLOBAL LIMITED,        63.76,        64.98,        65.86,        62.51,        62.92,                  1517465.52,23868,N, ,340,       169.50,        43.70
N,EQ,VGUARD,V-GUARD IND LTD.,       306.30,       304.90,       305.30,       301.20,       302.15,                 67919027.55,223851,N, ,8639,       384.00,       288.80
N,EQ,VHL,VARDHMAN HOLDINGS LIMITED,      3574.20,      3599.00,      3611.00,      3528.00,      3598.80,                  2193345.40,611,N, ,175,      4050.00,      2870.00
N,SM,VIAZ,VIAZ TYRES LIMITED,        81.75,        83.50,        85.40,        82.00,        84.90,                  4025400.00,48000,N, ,15,        88.00,        57.80
N,SM,VICTORYEV,VICTORY ELEC VEHICL INT L,        13.75,        13.75,        13.75,        13.75,        13.75,                    41250.00,3000,N, ,1,        34.45,        13.00
N,EQ,VIDHIING,VIDHI SPCLTY F INGRDNTS L,       352.30,       353.05,       354.00,       348.00,       348.20,                  1441006.50,4118,N, ,456,       387.85,       258.60
N,EQ,VIDYAWIRES,VIDYA WIRES LIMITED,        95.83,        96.90,       100.62,        95.60,       100.62,                461889834.85,4647269,N, ,20362,       117.35,        42.51
N,SM,VIESL,VISION INFRA EQUIP SOL L,       369.90,       367.00,       370.00,       364.40,       364.95,                  3222480.00,8800,N, ,11,       417.50,       202.35
N,SM,VIGOR,VIGOR PLAST INDIA LIMITED,        74.05,        74.40,        74.40,        70.35,        70.35,                  2976640.00,41600,N, ,23,       119.80,        44.75
N,EQ,VIJAYA,VIJAYA DIAGNOSTIC CEN LTD,      1466.70,      1470.00,      1490.60,      1445.30,      1462.40,                126741258.30,86569,N, ,13167,      1593.60,       848.00
N,SM,VIJAYPD,VIJAYPD CEUTICAL LIMITED,        83.70,        82.05,        97.00,        82.05,        96.10,                 19202100.00,210000,N, ,95,       114.50,        35.00
N,EQ,VIJSOLX,VIJAY SOLVEX LTD.,       620.00,       614.05,       617.65,       614.05,       615.85,                    26434.40,43,N, ,8,       719.90,       610.00
N,EQ,VIKASECO,VIKAS ECOTECH LIMITED,         1.02,         1.02,         1.03,         1.01,         1.02,                  1132728.15,1107129,N, ,875,         2.04,         0.99
N,EQ,VIKASLIFE,VIKAS LIFECARE LIMITED,         1.20,         1.19,         1.21,         1.19,         1.19,                  2202140.12,1837662,N, ,7119,         2.23,         1.05
N,EQ,VIKRAMSOLR,VIKRAM SOLAR LIMITED,       151.50,       151.50,       151.89,       148.51,       148.94,                284668736.47,1900464,N, ,18979,       354.40,       148.51
N,EQ,VIKRAN,VIKRAN ENGINEERING LTD,        58.13,        57.99,        59.09,        57.47,        57.85,                 37915618.05,651511,N, ,4958,       118.40,        51.10
N,SM,VILAS,VILAS TRANSCORE LIMITED,       394.75,       388.50,       396.95,       385.00,       386.65,                  6448462.50,16500,N, ,51,       534.95,       313.25
N,EQ,VIMTALABS,VIMTA LABS LIMITED,       577.40,       579.90,       582.90,       564.85,       567.20,                 80336958.90,140574,N, ,9554,       774.70,       376.05
N,EQ,VINATIORGA,VINATI ORGANICS LTD,      1179.50,      1191.00,      1195.80,      1138.50,      1142.30,                 82226057.20,71386,N, ,11789,      1739.00,      1138.50
N,EQ,VINCOFE,VINTAGE COFFEE N BVRGS L,       187.21,       187.21,       187.26,       181.60,       184.19,                136319086.57,740150,N, ,11941,       191.35,       120.24
N,EQ,VINDHYATEL,VINDHYA TELELINKS LTD,      2829.70,      2822.50,      2907.10,      2779.00,      2810.10,                211413233.00,74369,N, ,9737,      2952.60,       963.90
N,EQ,VINEETLAB,VINEET LABORATORIES LTD,        36.52,        37.20,        38.15,        36.50,        36.65,                  4170450.16,113429,N, ,362,        49.99,        27.96
N,EQ,VINNY,VINNY OVERSEAS LIMITED,         0.90,         0.91,         0.92,         0.88,         0.89,                   254535.70,283034,N, ,218,         1.53,         0.88
N,SM,VINOD,VINOD TEXWORLD LIMITED,        41.25,        39.20,        39.20,        39.20,        39.20,                  1411200.00,36000,N, ,13,        94.00,        39.20
N,SM,VINYAS,VINYAS INNOVATIVE TECH L,      1412.10,      1412.00,      1441.00,      1380.05,      1440.00,                 11054905.00,7800,N, ,62,      1730.00,       809.00
N,EQ,VINYLINDIA,VINYL CHEMICALS (I) LTD.,       212.77,       213.00,       220.00,       211.80,       215.53,                   544106.51,2527,N, ,197,       299.90,       161.00
N,EQ,VIPCLOTHNG,VIP CLOTHING LIMITED,        20.30,        20.20,        20.78,        19.97,        20.02,                   494457.93,24616,N, ,175,        37.55,        14.05
N,EQ,VIPIND,VIP INDUSTRIES LTD,       288.10,       287.90,       287.90,       279.95,       281.10,                 31301149.90,110534,N, ,4652,       447.30,       277.85
N,EQ,VIRAT,VIRAT INDUSTRIES LTD.,       347.70,       347.70,       382.45,       338.05,       382.45,                  4208520.10,11252,N, ,464,       494.40,       268.05
N,EQ,VIRINCHI,VIRINCHI LIMITED,        13.16,        13.33,        14.40,        12.73,        12.97,                   895276.72,67989,N, ,331,        29.47,        12.55
N,EQ,VISACHROME,VISA CHROME LIMITED,        35.22,        36.00,        36.00,        35.01,        35.22,                   302775.79,8536,N, ,94,        73.68,        27.05
N,SM,VISAMAN,VISAMAN GLOBAL SALES LTD,        24.60,        25.55,        25.80,        25.00,        25.70,                  4304850.00,170000,N, ,51,       145.00,        24.60
N,SM,VISDEM,VISDEM TECHNOSYS LIMITED,        95.10,        95.10,        95.10,        93.20,        95.10,                   454200.00,4800,N, ,4,       132.80,        61.00
N,EQ,VISHAL,VISHAL FABRICS LTD.,        17.50,        17.99,        17.99,        17.01,        17.13,                   882978.57,50885,N, ,344,        26.10,        16.70
N,EQ,VISHNU,VISHNU CHEMICALS LIMITED,       695.55,       693.70,       693.80,       680.00,       683.40,                 39958048.20,58238,N, ,4509,       744.00,       460.20
N,SM,VISHNUINFR,VISHNUSURYA PROJ N INFR L,       146.40,       142.30,       145.80,       140.70,       141.35,                   711950.00,5000,N, ,10,       218.90,       125.20
N,EQ,VISHWARAJ,VISHWARAJ SUGAR IND LTD,         5.72,         5.72,         5.82,         5.46,         5.51,                  2032569.98,363908,N, ,987,         8.50,         4.14
N,SM,VISHWAS,VISHWAS AGRI SEEDS LTD,        42.25,        44.35,        44.35,        44.35,        44.35,                    70960.00,1600,N, ,1,        57.70,        32.05
N,EQ,VISL,VEDANTA IRON AND STEEL L,        30.75,        30.50,        30.71,        29.22,        29.44,               1039526888.50,35144526,N, ,50138,        44.78,        19.06
N,EQ,VITAL,VITAL CHEMTECH LIMITED,        53.18,        50.53,        53.11,        50.53,        52.87,                   149977.18,2966,N, ,28,        69.40,        35.40
N,EQ,VIVIANA,VIVIANA POWER TECH LTD,       824.20,       827.65,       844.00,       800.00,       817.85,                 29754718.70,36092,N, ,2648,       967.90,       661.00
N,SM,VIVIDEL,VIVID ELECTROMECH LIMITED,      1713.00,      1680.00,      1753.50,      1680.00,      1750.00,                 31427844.00,18240,N, ,65,      1990.00,       556.00
N,EQ,VIVIDHA,VISAGAR POLYTEX LTD,         0.51,         0.51,         0.52,         0.50,         0.50,                   137539.35,268981,N, ,144,         0.82,         0.43
N,EQ,VIVOBIOT,VIVO BIO TECH LTD.,        13.87,        13.87,        16.00,        12.80,        15.10,                  1637753.99,116917,N, ,511,        20.94,        12.80
N,EQ,VIYASH,VIYASH SCIENTIFIC LIMITED,       233.23,       234.00,       242.67,       232.16,       240.77,                737712798.68,3081129,N, ,36879,       298.00,       178.13
N,EQ,VLEGOV,VL E GOV AND IT SOL LTD,         9.37,         9.70,         9.70,         9.25,         9.37,                   440233.77,46813,N, ,366,        29.52,         8.42
N,SM,VLINFRA,V.L.INFRAPROJECTS LIMITED,        24.75,        25.80,        25.80,        24.20,        24.85,                   296700.00,12000,N, ,7,        39.60,        18.00
N,EQ,VLSFINANCE,VLS FINANCE LTD,       233.90,       228.00,       238.10,       228.00,       229.97,                  2180897.90,9462,N, ,491,       339.00,       198.81
N,SM,VMARCIND,V MARC INDIA LIMITED,       323.05,       320.00,       329.00,       318.50,       326.95,                 57581625.00,178500,N, ,113,      1708.00,       248.00
N,EQ,VMART,VMART RETAIL LTD,       793.00,       795.90,       813.55,       781.15,       806.20,                 68020431.80,85019,N, ,9113,       888.00,       457.90
N,EQ,VMM,VISHAL MEGA MART LIMITED,       100.95,       100.95,       101.60,        99.78,       100.50,               1128517288.55,11200804,N, ,44116,       152.18,        98.00
N,SM,VMOBILE,VINIT MOBILE LIMITED,        56.00,        53.30,        55.80,        53.20,        55.80,                   472400.00,8800,N, ,11,       155.00,        52.00
N,EQ,VMSTMT,VMS TMT LIMITED,        46.58,        45.75,        46.44,        45.32,        45.76,                   757507.09,16555,N, ,348,        80.00,        33.50
N,EQ,VOEPL,VIRTUOSO OPTOELECTRONIC L,       511.15,       510.00,       534.85,       503.55,       526.90,                 56712149.05,108377,N, ,5281,       593.45,       428.65
N,EQ,VOGL,VEDANTA OIL AND GAS LTD,        31.41,        31.32,        31.38,        30.75,        31.11,                331620332.91,10673746,N, ,32582,        47.60,        30.42
N,EQ,VOITHPAPR,VOITH PAPER FABRICS IND L,      1425.00,      1413.00,      1444.90,      1410.00,      1410.80,                   791603.10,561,N, ,28,      1696.00,      1392.30
N,EQ,VOLTAMP,VOLTAMP TRANSFORMERS LTD,     10539.00,     10525.00,     10639.00,     10380.00,     10512.00,                115129343.00,10933,N, ,5479,     12863.00,      6666.00
N,EQ,VOLTAS,VOLTAS LTD,      1067.90,      1071.90,      1072.70,      1052.30,      1056.80,                335649522.30,316203,N, ,15525,      1582.50,      1040.60
N,EQ,VPRPL,VISHNU PRAKASH R PUNGLI L,        28.77,        28.66,        28.70,        28.01,        28.32,                  6081408.85,214064,N, ,1491,       100.42,        23.94
N,EQ,VRAJ,VRAJ IRON AND STEEL LTD,       121.60,       121.10,       124.51,       119.80,       121.86,                  1051095.15,8639,N, ,494,       155.75,        93.00
N,EQ,VRLLOG,VRL LOGISTICS LIMITED,       284.95,       284.95,       287.65,       283.50,       285.10,                 38558184.25,135316,N, ,4019,       310.20,       225.00
N,EQ,VSSL,VARDHMAN SPC STEEL LTD,       389.75,       389.75,       395.00,       382.90,       393.75,                 23475237.80,60271,N, ,2892,       428.25,       206.40
N,EQ,VSTIND,VST INDUSTRIES LTD,       202.64,       202.51,       202.87,       200.10,       201.33,                 13680421.49,67992,N, ,2568,       286.78,       200.00
N,EQ,VSTL,VIBHOR STEEL TUBES LTD,       108.56,       108.56,       108.56,       106.25,       106.84,                  2267719.48,21084,N, ,498,       158.80,       100.80
N,EQ,VSTTILLERS,VST TILLERS TRACTORS LTD,      4426.30,      4392.90,      4462.10,      4342.50,      4375.60,                 23890301.00,5439,N, ,1395,      6374.00,      3950.00
N,EQ,VTL,VARDHMAN TEXTILES LIMITED,       549.40,       549.40,       551.45,       533.70,       536.40,                103701806.45,192444,N, ,9563,       688.00,       385.50
N,EQ,VTMLTD,V T M LTD.,        35.92,        35.98,        36.28,        33.55,        34.11,                  6111466.09,174164,N, ,1370,        61.90,        33.55
N,EQ,WAAREEENER,WAAREE ENERGIES LIMITED,      2398.00,      2389.90,      2426.00,      2362.30,      2401.00,               1030442268.30,429460,N, ,32053,      3718.80,      2301.10
N,EQ,WAAREEINDO,INDOSOLAR LIMITED,       208.05,       209.80,       211.87,       204.02,       207.15,                 20754576.17,99686,N, ,2691,       379.85,       199.46
N,EQ,WAAREERTL,WAAREE RENEWABLE TECH LTD,       825.95,       824.00,       824.85,       810.00,       812.45,                 72562723.50,89013,N, ,8195,      1358.00,       779.50
N,EQ,WABAG,VA TECH WABAG LTD,      2006.90,      2009.50,      2053.60,      1990.80,      1998.30,                732577622.10,363620,N, ,28418,      2319.00,      1033.00
N,EQ,WAKEFIT,WAKEFIT INNOVATIONS LTD,       135.98,       136.10,       136.76,       133.70,       134.42,                 54881339.23,406287,N, ,6854,       224.00,       111.40
N,EQ,WALCHANNAG,WALCHANDNAGAR INDUSTRIES,       204.17,       203.00,       230.00,       201.02,       223.99,               1807440018.45,8077353,N, ,107564,       315.80,       131.15
N,EQ,WANBURY,WANBURY LIMITED,       197.87,       197.50,       207.37,       195.89,       198.70,                 93144408.51,462234,N, ,8764,       358.85,       161.50
N,EQ,WATERBASE,WATERBASE LTD.,        44.80,        44.80,        46.00,        44.11,        45.07,                  1125804.11,25171,N, ,198,        93.15,        43.51
N,EQ,WCIL,WESTERN CARRIERS (IND) L,        87.76,        87.67,        93.40,        87.60,        92.54,                 24254595.22,265462,N, ,2632,       138.29,        77.02
N,EQ,WEALTH,WEALTH FRST PORT. MG. LTD,       855.15,       855.25,       866.30,       820.10,       833.45,                   919358.25,1099,N, ,195,      1237.90,       774.95
N,EQ,WEBELSOLAR,WEBSOL ENERGY SYSTEM LTD,        70.89,        70.26,        72.36,        68.44,        69.13,                168553328.75,2402205,N, ,16689,      1379.00,        50.40
N,EQ,WEIZMANIND,WEIZMANN LTD,        70.39,        73.00,        73.84,        71.00,        73.52,                   275846.88,3781,N, ,97,       114.50,        65.21
N,EQ,WEL,WONDER ELECTRICALS LTD,        74.62,        76.00,        76.20,        74.82,        74.96,                 15974658.80,212210,N, ,1368,       183.53,        68.01
N,EQ,WELCORP,WELSPUN CORP LIMITED,      2660.90,      2660.90,      2720.00,      2625.30,      2704.60,               3220981960.60,1200738,N, ,67451,      2900.00,       710.00
N,EQ,WELENT,WELSPUN ENTERPRISES LTD.,       718.30,       716.15,       749.20,       713.50,       740.75,                239653276.20,323309,N, ,20739,       841.90,       412.00
N,EQ,WELSPLSOL,WELSPUN SPECIALTY SOL L,        51.99,        52.00,        52.40,        50.64,        51.31,                 29318783.39,572744,N, ,3603,        63.25,        36.00
N,EQ,WELSPUNLIV,WELSPUN LIVING LIMITED,       237.86,       237.86,       245.50,       232.43,       235.86,               1299559587.07,5454238,N, ,62470,       245.50,       107.10
N,EQ,WENDT,WENDT (INDIA) LIMITED,      8097.50,      8070.50,      8134.50,      7953.50,      7991.00,                 37984070.50,4727,N, ,1370,      9199.00,      5841.50
N,EQ,WESTLIFE,WESTLIFE FOODWORLD LTD,       594.60,       595.05,       603.95,       581.30,       586.40,                 51560806.65,86911,N, ,6762,       690.75,       398.40
N,EQ,WEWIN,WE WIN LIMITED,        51.92,        52.85,        52.85,        50.75,        52.85,                   159947.53,3048,N, ,65,        78.00,        35.38
N,EQ,WEWORK,WEWORK INDIA MANAGEMENT L,       664.90,       657.65,       683.25,       657.65,       673.15,                 90469096.80,134408,N, ,10256,       794.50,       420.00
N,EQ,WHBRADY,W H BRADY & CO. LTD.,       485.00,       487.40,       492.25,       451.00,       467.80,                   122094.65,255,N, ,35,       589.90,       415.00
N,EQ,WHEELS,WHEELS INDIA LTD,      2289.00,      2295.90,      2315.80,      2242.00,      2283.90,                142422570.80,62357,N, ,7446,      2498.00,       705.85
N,EQ,WHIRLPOOL,WHIRLPOOL OF INDIA LTD,       867.80,       865.80,       865.80,       840.10,       845.50,                207408189.60,242471,N, ,15910,      1437.00,       706.00
N,EQ,WILLAMAGOR,WILLIAMSON MAGOR,        21.88,        22.40,        22.40,        20.91,        21.63,                    53699.65,2518,N, ,80,        36.90,        20.53
N,EQ,WINDLAS,WINDLAS BIOTECH LIMITED,      1036.20,      1038.50,      1042.20,      1011.70,      1022.00,                 80559726.40,78586,N, ,6922,      1181.90,       697.40
N,EQ,WINDMACHIN,WINDSOR MACHINES LIMITED,       294.85,       296.50,       305.00,       291.05,       303.05,                 39584035.75,131722,N, ,2809,       343.90,       200.65
N,SM,WINNY,WINNY IMMIGRA & EDU SER L,        34.05,        35.75,        35.75,        35.75,        35.75,                    17875.00,500,N, ,1,        79.70,        29.45
N,SM,WINSOL,WINSOL ENGINEERS LIMITED,       107.95,       104.20,       111.00,       104.20,       106.55,                  1481060.00,13600,N, ,23,       204.10,        93.50
N,EQ,WIPL,THE WESTERN INDIA PLY LTD,       161.65,       163.21,       166.64,       162.00,       163.27,                   200445.95,1223,N, ,142,       193.20,       133.10
N,EQ,WOCKPHARMA,WOCKHARDT LIMITED,      2176.40,      2175.00,      2197.00,      2130.40,      2150.40,               1000635211.80,463533,N, ,32036,      2422.30,      1086.70
N,SM,WOL3D,WOL 3D INDIA LIMITED,       134.00,       139.00,       140.70,       139.00,       140.00,                  1404400.00,10000,N, ,10,       216.70,       106.65
N,EQ,WONDERLA,WONDERLA HOLIDAYS LTD.,       509.70,       513.45,       524.00,       509.35,       519.60,                 53049168.65,102613,N, ,6268,       602.35,       455.00
N,EQ,WORTHPERI,WORTH PERIPHERALS LIMITED,       141.09,       136.55,       147.30,       136.55,       143.26,                  5942776.18,41500,N, ,94,       169.80,       109.00
N,EQ,WPIL,W P I L LTD.,       444.15,       440.00,       444.50,       434.00,       435.50,                 11624647.30,26484,N, ,1963,       510.35,       383.55
N,EQ,WSI,W.S.INDUSTRIES (I) LTD.,        51.79,        51.79,        52.89,        51.07,        52.10,                  2073413.86,39915,N, ,385,        95.00,        50.10
N,EQ,WSTCSTPAPR,WEST COAST PAPER MILLS LT,       753.05,       758.00,       765.65,       728.00,       732.30,                157614166.80,210582,N, ,12244,       777.00,       375.00
N,SM,WTICAB,WISE TRAVEL INDIA LIMITED,        99.40,        99.65,        99.65,        96.00,        96.50,                  1158350.00,12000,N, ,20,       170.00,        75.15
N,EQ,XCHANGING,XCHANGING SOLUTIONS LTD,        61.86,        62.25,        62.25,        60.55,        61.04,                  2372101.47,38682,N, ,777,       103.00,        47.50
N,EQ,XELPMOC,XELPMOC DESIGN & TECH LTD,        85.62,        85.70,        93.45,        83.21,        91.32,                  2109212.61,23701,N, ,426,       155.50,        71.10
N,EQ,XPROINDIA,XPRO INDIA LIMITED,      1136.10,      1143.80,      1148.10,      1121.00,      1130.00,                 23250827.90,20541,N, ,2598,      1574.80,       788.05
N,EQ,XTGLOBAL,XTGLOBAL INFOTECH LIMITED,        27.61,        28.10,        28.29,        27.12,        27.20,                  1294496.25,46806,N, ,154,        43.70,        25.20
N,EQ,XTRANET,XTRANET TECHNOLOGIES LTD,       300.30,       304.00,       315.30,       294.55,       302.65,                242109752.25,787101,N, ,13899,       358.50,       122.50
N,SM,YAAP,YAAP DIGITAL LIMITED,       125.00,       125.00,       125.00,       119.00,       122.90,                  2905550.00,24000,N, ,24,       214.40,       117.00
N,EQ,YASHO,YASHO INDUSTRIES LIMITED,      4282.80,      4339.60,      4468.60,      4294.90,      4337.60,                264328691.00,60414,N, ,13117,      4994.00,      1130.00
N,SM,YASHOPTICS,YASH OPTICS & LENS LTD,       127.00,       130.95,       131.50,       128.00,       130.00,                  1766000.00,13600,N, ,16,       142.00,        97.50
N,EQ,YATHARTH,YATHARTH HOSP & TRA C S L,      1058.80,      1058.90,      1068.40,      1022.30,      1032.70,                283706871.40,271988,N, ,20351,      1184.00,       538.25
N,EQ,YATRA,YATRA ONLINE LIMITED,       101.48,       101.00,       102.19,       100.36,       101.59,                 42285362.09,417216,N, ,4040,       202.00,        89.90
N,SM,YCCL,YASONS CHEMEX CARE LTD,         8.50,         8.65,         8.70,         7.90,         8.15,                   100200.00,12000,N, ,4,        13.95,         7.90
N,EQ,YESBANK,YES BANK LIMITED,        20.86,        20.89,        20.93,        20.63,        20.79,               1534759983.55,73908969,N, ,64222,        25.78,        17.20
N,EQ,YOGI,YOGI LTD.,       161.00,       161.00,       162.00,       161.00,       161.86,                    55621.94,345,N, ,25,       180.00,       130.01
N,SM,YUDIZ,YUDIZ SOLUTIONS LIMITED,        24.05,        22.85,        22.85,        22.85,        22.85,                    36560.00,1600,N, ,2,        39.30,        21.35
N,EQ,YUKEN,YUKEN INDIA LIMITED,      1238.60,      1251.00,      1263.30,      1213.30,      1216.50,                 17645335.60,14333,N, ,1977,      1333.90,       584.10
N,EQ,ZAGGLE,ZAGGLE PREPA OCEAN SER L,       171.88,       172.28,       175.02,       170.26,       172.22,                216564230.67,1255445,N, ,13618,       405.40,       154.36
N,SM,ZEAL,ZEAL GLOBAL SERVICES LTD,        70.70,        70.70,        70.70,        70.70,        70.70,                    42420.00,600,N, ,1,       121.40,        55.90
N,EQ,ZEEL,ZEE ENTERTAINMENT ENT LTD,        72.42,        72.50,        72.69,        69.83,        70.12,               1191048970.54,16790305,N, ,57989,       118.35,        68.00
N,EQ,ZEELEARN,ZEE LEARN LIMITED,         6.37,         6.40,         6.45,         6.19,         6.29,                  1785652.91,281457,N, ,551,        10.10,         4.17
N,EQ,ZEEMEDIA,ZEE MEDIA CORPORATION LTD,         7.22,         7.27,         7.27,         7.15,         7.21,                  4814933.60,668835,N, ,769,        11.57,         6.65
N,SM,ZENITHDRUG,ZENITH DRUGS LIMITED,        42.05,        42.05,        42.30,        42.05,        42.15,                   235880.00,5600,N, ,4,        66.80,        33.30
N,EQ,ZENITHEXPO,ZENITH EXPORTS LTD,       187.56,       188.00,       188.00,       186.63,       186.63,                     3746.38,20,N, ,5,       260.00,       174.00
N,EQ,ZENITHSTL,ZENITH STEEL PIP IND LTD,         5.25,         5.32,         5.32,         5.11,         5.28,                    53814.59,10316,N, ,120,        10.33,         4.41
N,EQ,ZENSARTECH,ZENSAR TECHNOLOGIES  LTD,       445.45,       445.75,       446.45,       436.25,       439.30,                213639727.60,485832,N, ,20321,       822.00,       416.15
N,EQ,ZENTEC,ZEN TECHNOLOGIES LIMITED,      1614.30,      1608.00,      1608.00,      1572.00,      1580.20,                250354060.10,157459,N, ,13372,      2043.70,      1223.00
N,EQ,ZFCVINDIA,ZF COM VE CTR SYS IND LTD,      2187.40,      2190.10,      2208.00,      2134.10,      2172.20,                136095788.20,62876,N, ,11995,     16665.00,      2134.10
N,EQ,ZFSTEERING,Z F STEERING GEAR (I) LTD,       710.25,       715.00,       718.55,       685.50,       691.70,                  1694577.65,2425,N, ,249,       798.90,       650.05
N,EQ,ZIMLAB,ZIM LABORATORIES LIMITED,       138.57,       140.00,       152.50,       136.47,       146.61,                124486557.30,846341,N, ,14670,       152.50,        59.31
N,EQ,ZODIAC,ZODIAC ENERGY LIMITED,       212.65,       211.00,       221.19,       205.05,       214.34,                  1850897.27,8614,N, ,597,       415.00,       201.35
N,EQ,ZODIACLOTH,ZODIAC CLOTHING CO. LTD.,        66.67,        66.97,        68.97,        66.70,        67.71,                    34834.50,518,N, ,59,       104.00,        58.50
N,EQ,ZOTA,ZOTA HEALTH CARE LIMITED,      1278.60,      1278.00,      1358.60,      1251.60,      1342.10,                219654513.60,166584,N, ,7500,      1740.00,      1022.00
N,EQ,ZSARACOM,SARASWATI COMM (INDIA) L,      9961.00,      9950.00,     10300.00,      9950.00,     10282.00,                   121751.00,12,N, ,10,     14400.00,      9000.00
N,SM,ZTECH,Z-TECH (INDIA) LIMITED,       488.15,       470.00,       485.50,       470.00,       471.50,                  4460640.00,9300,N, ,22,       701.00,       385.00
N,EQ,ZUARI,ZUARI AGRO CHEMICALS LTD,       218.28,       217.90,       219.46,       213.35,       216.19,                  7366672.44,34045,N, ,1274,       345.60,       175.10
N,EQ,ZUARIIND,ZUARI INDUSTRIES LIMITED,       288.45,       289.90,       289.90,       279.60,       281.45,                 15277823.85,53991,N, ,2103,       379.00,       210.00
N,EQ,ZYDUSWELL,ZYDUS WELLNESS LIMITED,       502.40,       505.70,       513.00,       498.30,       507.55,                 74762249.95,147985,N, ,12482,       611.85,       367.55
 , , , , , , , , , , , , , , , 
 , , ,TRADE FOR TRADE STOCKS, , , , , , , , , , , , 
N,BE,3IINFOLTD,3I INFOTECH LIMITED,        22.81,        23.16,        23.67,        22.65,        23.30,                  2885851.10,124286,N, ,514,        27.80,        12.68
N,BE,AARNAV,AARNAV FASHIONS LIMITED,        37.31,        35.70,        37.31,        35.70,        37.01,                  1287230.64,34793,N, ,69,        38.00,        21.00
N,BE,AARTECH,AARTECH SOLONICS LIMITED,        47.33,        46.60,        48.47,        46.51,        47.61,                   896890.63,18917,N, ,93,        64.75,        33.51
N,BE,AARTISURF,AARTI SURFACTANTS LIMITED,       505.45,       504.90,       504.95,       490.00,       493.35,                  2009068.05,4059,N, ,152,       677.70,       316.00
N,BE,ABAN,ABAN OFFSHORE LTD.,        16.92,        17.76,        17.76,        17.76,        17.76,                   376334.40,21190,N, ,101,        42.77,        12.89
N,BE,ABINFRA,A B INFRABUILD LIMITED,        12.25,        12.22,        12.60,        12.11,        12.50,                  1615257.41,129565,N, ,230,       207.06,         8.82
N,BE,ABMINTLLTD,ABM INTERNATIONAL LTD,        43.31,        43.00,        43.00,        41.16,        41.16,                    23781.96,567,N, ,19,        72.80,        34.00
G,BE,ACSTECH,A C S TECHNOLOGIES LTD.,        74.78,        73.29,        73.29,        73.29,        73.29,                  3879826.02,52938,N, ,60,        84.38,        31.71
N,BE,ADROITIND,ADROIT INDUSTRIES (I) LTD,       212.99,       207.10,       223.63,       202.35,       223.63,                419500482.75,1992820,N, ,15397,       258.80,       202.35
N,BE,ADROITINFO,ADROIT INFOTECH LIMITED,        12.59,        11.97,        12.21,        11.97,        11.97,                  2988367.39,249385,N, ,370,        15.84,         7.55
G,BE,AGASTYAEN,AGASTYA ENE AND INFRA LTD,        66.80,        65.47,        65.47,        65.47,        65.47,                  3325745.06,50798,N, ,127,        76.89,         9.26
N,BE,AHLWEST,ASIAN HOTELS (WEST) LTD,       545.00,       554.95,       554.95,       540.00,       549.95,                   160275.05,292,N, ,10,       577.50,       487.00
N,BE,AKI,AKI INDIA LIMITED,         6.01,         6.05,         6.24,         5.90,         6.01,                  1611471.13,264827,N, ,227,         9.49,         3.80
N,BE,AKSHARCHEM,AKSHARCHEM INDIA LIMITED,       374.20,       370.00,       386.00,       370.00,       374.30,                   648234.25,1722,N, ,57,       472.00,       141.30
N,BE,AKSHOPTFBR,AKSH OPTIFIBRE  LTD,         7.37,         7.69,         7.73,         7.68,         7.73,                  2625232.13,339881,N, ,325,         9.01,         3.82
N,BE,ALKALI,ALKALI METALS LTD,        85.88,        86.30,        90.17,        86.30,        88.71,                  1602810.00,18019,N, ,161,       107.38,        46.80
N,BE,ALMONDZ,ALMONDZ GLOBAL SEC LTD,        19.85,        20.00,        20.71,        19.01,        19.54,                  2644871.39,133115,N, ,239,        21.92,        10.68
N,BE,ALPHAGEO,ALPHAGEO (INDIA) LIMITED,       251.15,       253.90,       259.50,       253.80,       254.30,                   917713.05,3599,N, ,87,       368.00,       164.80
N,BE,AMANTA,AMANTA HEALTHCARE LIMITED,       197.68,       196.98,       207.56,       191.00,       207.08,                 38589768.39,187306,N, ,614,       209.95,        92.00
N,BE,AMBALALSA,AMBALAL SARABHAI ENT L,        38.55,        38.55,        40.47,        38.11,        40.47,                  2209857.60,55446,N, ,190,        49.98,        30.15
N,BE,AMDIND,AMD INDUSTRIES LIMITED,        52.73,        52.98,        52.99,        52.36,        52.37,                   249303.20,4737,N, ,90,        74.39,        33.77
N,BE,ANMOL,ANMOL INDIA LIMITED,        13.13,        13.13,        13.13,        12.81,        13.03,                   157384.55,12065,N, ,98,        18.55,         8.40
N,BE,ARIES,ARIES AGRO LTD.,       499.00,       509.30,       509.30,       493.05,       494.55,                  4035903.50,8114,N, ,167,       524.75,       285.35
N,BE,ASAHISONG,ASAHI SONGWON COLOR LTD,       369.95,       375.95,       387.40,       372.10,       376.40,                  3017938.95,7948,N, ,112,       413.95,       179.64
N,BE,ASHIKAG,ASHIKA GLOBAL SEC LTD,       389.40,       380.10,       394.30,       380.10,       386.90,                 23872167.30,61633,N, ,332,       520.95,       339.95
G,BE,BAFNAPH,BAFNA PHARMACEUTICALS LTD,       394.00,       401.85,       401.85,       401.85,       401.85,                   384168.60,956,N, ,14,       401.85,        94.77
N,BE,BALPHARMA,BAL PHARMA LTD.,       101.46,        99.10,       103.90,        96.39,        98.62,                  3437752.48,35213,N, ,351,       124.60,        60.00
N,BE,BGRENERGY,BGR ENERGY SYSTEMS LTD,       244.11,       256.31,       256.31,       250.00,       256.31,                 22423640.80,87664,N, ,773,       490.80,       218.00
N,BE,BHARATGEAR,BHARAT GEARS LTD,        99.88,       100.92,       104.87,       100.00,       104.87,                  4510106.37,43607,N, ,294,       141.33,        83.80
G,BE,BI,BILCARE LTD.,        92.90,        94.75,        94.75,        94.75,        94.75,                   639373.00,6748,N, ,14,       113.00,        51.62
N,BE,BILVYAPAR,BIL VYAPAR LIMITED,         4.15,         4.29,         4.31,         4.05,         4.29,                    20676.32,4846,N, ,18,        13.80,         3.80
N,BE,BIRLAPREC,BIRLA PRECISION TECH L,        57.79,        58.48,        60.65,        57.51,        58.23,                  4033875.84,68665,N, ,483,        63.49,        32.25
N,BE,BLISSGVS,BLISS GVS PHARMA LTD,       676.45,       670.00,       685.80,       670.00,       681.55,                113436141.20,166651,N, ,1393,       739.90,       118.00
N,BE,BNALTD,B & A LTD.,       351.10,       368.00,       368.00,       368.00,       368.00,                     6992.00,19,N, ,1,       589.00,       310.40
N,BE,BODALCHEM,BODAL CHEMICALS LTD,       186.57,       185.00,       189.99,       180.00,       184.14,                 48875366.09,263642,N, ,2236,       207.70,        42.81
N,BE,BTTL,BHILWARA TECHNICAL TEXT L,        39.30,        40.28,        40.28,        37.34,        39.50,                   189184.47,5039,N, ,26,        58.23,        30.00
N,BE,BURNPUR,BURNPUR CEMENT LIMITED,        13.83,        13.85,        14.44,        13.32,        14.11,                   689374.67,49579,N, ,284,        22.63,        11.13
N,BE,CALSOFT,CALIFORNIA SOFTWARE CO LT,        33.44,        33.33,        35.11,        32.02,        35.11,                  4699042.16,139280,N, ,747,        43.13,        10.90
N,BE,CAPTRUST,CAPITAL TRUST LIMITED,        20.98,        21.84,        22.02,        20.59,        22.02,                  2382537.82,109535,N, ,149,        44.87,        10.98
N,BE,CENTEXT-RE,CENTURY EXTRUSIONS LTD,         2.40,         2.00,         2.33,         2.00,         2.16,                   463293.46,211020,N, ,271,         3.88,         1.35
N,BE,CFEL,CONFIDENCE FUTURIST ENE L,        45.00,        45.00,        45.99,        43.02,        44.44,                   265560.83,6003,N, ,83,        52.80,        24.36
N,BE,CHEMBONDCH,CHEMBOND CHEMICAL LIMITED,       222.94,       227.44,       233.70,       223.00,       229.66,                  1584450.25,6975,N, ,126,       290.00,       104.85
N,BE,CONSOFINVT,CONSO. FIN. & HOLD. LTD.,       283.20,       283.20,       286.85,       280.40,       285.00,                  1604670.55,5657,N, ,37,       320.00,       152.00
N,BE,CORDSCABLE,CORDS CABLE INDUS LTD.,       314.35,       321.00,       322.00,       310.00,       316.00,                  7332822.40,23096,N, ,403,       406.95,       127.01
N,BE,COUNCODOS,COUNTRY CONDO S LIMITED,         6.51,         6.51,         6.70,         6.35,         6.53,                   405266.24,63084,N, ,136,         7.85,         3.71
N,BE,CRESTO,CRESTO TECHNO LIMITED,        20.02,        21.01,        21.02,        19.02,        20.04,                   294360.61,14975,N, ,116,        28.45,        14.35
N,BE,CTE,CAMBRIDGE TECH ENTER LTD,        37.45,        36.89,        38.00,        36.30,        37.02,                    49433.18,1318,N, ,37,        59.93,        20.51
N,BE,CUBEXTUB,CUBEXTUBINGS-ROLLSETT,       149.91,       143.75,       157.40,       143.75,       157.40,                 31355052.63,203158,N, ,1178,       184.00,        73.10
N,BE,CURAA,CURA TECHNOLOGIES LIMITED,        72.30,        72.30,        72.30,        69.01,        71.89,                     6810.70,97,N, ,6,       204.32,        60.00
N,BE,CYBERMEDIA,CYBER MEDIA (INDIA) LTD.,        17.85,        18.74,        18.74,        17.51,        18.44,                   158884.17,8538,N, ,47,        28.99,        11.30
N,BE,DAICHI,DAI-ICHI KARKARIA LTD.,       316.50,       313.00,       329.95,       310.00,       324.25,                   243586.05,774,N, ,68,       380.00,       229.90
N,BE,DAMODARIND,DAMODAR INDUSTRIES LTD,        26.95,        26.20,        26.95,        26.20,        26.87,                    17276.38,648,N, ,16,        37.20,        20.00
N,BE,DBSTOCKBRO,DB (INT) STOCK BROKERS,        32.49,        32.49,        34.11,        32.02,        32.36,                   380948.84,11349,N, ,49,        48.50,        23.15
N,BE,DCMNVL,DCM NOUVELLE LIMITED,       172.00,       175.00,       175.00,       171.00,       172.99,                   273074.12,1578,N, ,15,       198.58,        95.60
N,BE,DEEP,DEEP POLYMERS LTD.,        41.03,        41.23,        41.23,        38.98,        39.03,                   834259.24,21288,N, ,123,        49.17,        34.20
G,BE,DELPHIFX,DELPHI WORLD MONEY LTD,         7.17,         7.31,         7.31,         7.31,         7.31,                   401158.18,54878,N, ,26,       264.00,         4.72
N,BE,DHABRIYA,DHABRIYA POLYWOOD LTD.,       454.35,       454.35,       477.05,       445.70,       477.05,                 39691802.35,83304,N, ,134,       603.00,       445.00
N,BE,DIACABS,DIAMOND POWER INFRA LTD,       368.30,       367.00,       379.45,       362.00,       369.15,                313284003.90,847344,N, ,11020,       404.00,       115.57
N,BE,DIGJAMLMTD,DIGJAM LTD,        47.52,        47.02,        49.85,        47.00,        47.50,                   329417.26,6892,N, ,28,        73.19,        36.03
N,BE,DPSCLTD,DPSC LIMITED,         6.56,         6.56,         6.66,         6.41,         6.44,                   721754.26,111287,N, ,517,        12.25,         6.41
N,BE,DSFCL,DCM SHRIRAM FINE CHEM LTD,        27.94,        28.40,        29.33,        27.81,        29.33,                  2393450.85,82108,N, ,159,        52.50,        17.28
N,BE,DSKULKARNI,DS KULKARNI DEVELOPERS L,        27.12,        27.66,        27.66,        27.66,        27.66,                     6168.18,223,N, ,7,        27.66,         8.60
N,BE,DTIL,DHUNSERI TEA & IND. LTD.,       154.00,       154.00,       156.45,       152.00,       152.37,                   238581.30,1564,N, ,26,       193.79,       102.00
N,BE,E2E,E2E NETWORKS LIMITED,       688.90,       678.90,       723.30,       678.80,       723.30,                345301075.35,482956,N, ,3693,      4538.00,       361.20
N,BE,EASTSILK,EASTERN SILK INDUSTRIES L,        67.20,        70.00,        70.56,        68.50,        68.50,                   103427.64,1474,N, ,15,        77.50,        46.27
N,BE,EBIX,EBIX LIMITED,        17.01,        17.40,        17.57,        16.80,        17.26,                   367181.12,21249,N, ,79,        22.83,        16.03
G,BE,EIFFL,EURO (I) FRESH FOODS LTD,       259.50,       259.60,       259.60,       257.00,       257.50,                   304276.00,1177,N, ,17,       381.96,       204.98
N,BE,EKI,EKI ENERGY SERVICES LTD,        88.41,        88.00,        89.99,        83.99,        85.01,                  1818338.13,21433,N, ,373,       108.94,        67.00
N,BE,EMAMIPAP,EMAMI PAPER MILLS LIMITED,       115.20,       115.00,       117.30,       110.55,       116.48,                  2134791.57,18641,N, ,159,       133.70,        55.00
N,BE,EQUIPPP,EQUIPPP SOC IMP TECH LTD,        22.50,        22.65,        22.69,        21.43,        22.38,                    49082.26,2222,N, ,26,        25.89,        13.85
N,BE,ESAFSFB,ESAF SMALL FINANCE BANK L,        42.15,        42.69,        43.21,        41.75,        42.67,                  9327255.89,219456,N, ,938,        46.00,        19.78
G,BE,FLEXITUFF,FLEXITUFF VENTURES INT L,         3.13,         3.19,         3.19,         3.19,         3.19,                    96175.31,30149,N, ,36,        24.00,         2.00
N,BE,GANESHBE,GANESH BENZOPLAST LIMITED,       112.28,       108.00,       117.89,       106.67,       117.78,                290714062.41,2593734,N, ,3661,       143.00,        68.40
N,BE,GATECH,GACM TECHNOLOGIES LIMITED,         0.65,         0.65,         0.65,         0.62,         0.62,                 10876324.83,17271013,N, ,4575,         1.11,         0.40
N,BE,GATECHDVR,GACM TECHNOLOGIES LIMITED,         0.47,         0.47,         0.48,         0.47,         0.47,                    94386.75,199132,N, ,141,         0.67,         0.36
G,BE,GFSTEELS,GRAND FOUNDRY LTD,        39.83,        40.62,        40.62,        40.62,        40.62,                  1069565.22,26331,N, ,37,        40.62,        10.21
N,BE,GICL,GLOBE INTL CARRIERS LTD,        21.05,        20.90,        21.79,        20.21,        21.34,                  2831908.04,135078,N, ,153,       179.00,        15.61
N,BE,GINNIFILA,GINNIFILAMENTS LTD.,        40.96,        41.95,        41.98,        40.54,        40.99,                  2133256.70,51938,N, ,79,        57.85,        31.50
G,BE,GOLDTECH,AION-TECH SOLUTIONS LTD,        42.07,        41.25,        41.61,        41.25,        41.40,                   448405.47,10807,N, ,44,        70.00,        29.68
N,BE,GRADIENTE,GRADIENTE INFOTAINMENT L,         2.57,         2.51,         2.64,         2.45,         2.50,                  3130965.79,1249514,N, ,258,         9.40,         1.95
N,BE,GRAVISSHO,GRAVISS HOSPITALITY LTD.,        30.76,        30.76,        31.00,        30.76,        31.00,                    18707.60,607,N, ,12,        49.90,        25.20
N,BE,GSPLTRANS,GSPL TRANSMISSION LIMITED,       123.82,       117.63,       121.30,       117.63,       117.63,                250124627.56,2125298,N, ,3627,       159.60,       117.63
N,BE,GULFPETRO,GP PETROLEUMS LIMITED,        62.52,        60.80,        62.85,        60.80,        61.64,                  1782024.83,28867,N, ,178,        71.40,        23.25
N,BE,GVKPIL,GVK POW. & INFRA LTD.,         2.42,         2.38,         2.38,         2.38,         2.38,                   606983.30,255035,N, ,413,         3.66,         2.04
N,BE,GVPTECH,GVP INFOTECH LIMITED,         7.31,         7.12,         7.50,         7.12,         7.31,                   206597.71,28491,N, ,149,        11.19,         5.22
N,BE,HEXAGON,HEXAGON NUTRITION LIMITED,        71.13,        71.00,        72.80,        69.12,        71.97,                 33308213.62,467670,N, ,1063,        78.25,        48.10
N,BE,HFCL,HFCL LIMITED,       262.78,       275.91,       275.91,       264.00,       271.90,               3391401908.97,12439455,N, ,61404,       275.91,        59.82
N,BE,HINDCON,HINDCON CHEMICALS LIMITED,        30.06,        28.56,        28.56,        28.56,        28.56,                   742702.80,26005,N, ,188,        37.75,        15.66
N,BE,HITECHCORP,HITECH CORPORATION LTD,       342.40,       341.10,       353.80,       341.10,       349.10,                 50293276.90,143436,N, ,613,       353.80,       112.00
N,BE,HITECHGEAR,THE HI-TECH GEARS LIMITED,       568.90,       568.90,       581.30,       560.00,       565.00,                  1491389.25,2607,N, ,64,       897.45,       521.25
N,BE,HMVL,HINDUSTAN MEDIA VENT LTD,        74.91,        73.97,        76.00,        72.00,        75.18,                  4611341.90,63138,N, ,187,       108.16,        55.20
N,BE,ICDSLTD,ICDSLTD,        44.27,        44.00,        45.90,        44.00,        45.68,                    34065.37,748,N, ,22,        77.69,        36.40
N,BE,INVPRECQ,INVESTMENT & PREC CAST L,      1571.30,      1560.00,      1623.90,      1554.00,      1594.50,                 10793636.40,6853,N, ,180,      1675.00,       551.00
N,BE,ISFT,INTRASOFT TECH. LTD,        98.32,        96.61,       100.30,        94.00,        99.49,                  2055021.66,20995,N, ,179,       114.95,        54.05
N,BE,IVP,IVP LIMITED,       228.92,       228.92,       232.50,       220.30,       227.25,                  1930871.71,8442,N, ,117,       232.50,       110.00
N,BE,JHS,JHS SVEND. LAB. LTD,        10.36,         9.86,        10.79,         9.85,         9.98,                  2091136.18,208634,N, ,446,        13.90,         6.26
N,BE,JSIPL,JINDAL SUPREME (INDIA) L,       186.12,       195.42,       195.42,       195.42,       195.42,                 65235104.40,333820,N, ,2686,       195.42,       120.00
N,BE,KABRAEXTRU,KABRAEXTRUSION,       815.70,       817.60,       845.00,       800.00,       805.90,                 41021882.15,49892,N, ,1032,       888.70,       180.00
N,BE,KALYANIFRG,KALYANI FORGE LIMITED,       905.00,       909.95,       932.00,       893.10,       914.80,                   577911.65,635,N, ,65,      1192.25,       523.60
N,BE,KANORICHEM,KANORIACHEMICALS-,       182.10,       180.00,       184.95,       175.00,       180.75,                  3213383.86,17869,N, ,267,       206.00,        56.00
N,BE,KAUSHALYA,KAUSHALYA INFRA DEV LTD.,       822.70,       823.00,       823.00,       806.10,       820.15,                    45354.20,56,N, ,15,      1435.95,       750.00
N,BE,KAVDEFENCE,KAVVERI DFS & WIR TEC LTD,        85.55,        88.90,        89.82,        85.55,        89.54,                 37626670.19,421382,N, ,2044,       138.56,        51.51
N,BE,KAYA,KAYA LIMITED,       305.55,       307.05,       311.00,       296.15,       310.00,                  9915448.75,32353,N, ,75,       476.20,       224.01
N,BE,KCPSUGIND,KCPSUGARINDUS,        24.43,        24.49,        25.00,        24.02,        24.18,                  6504299.79,263401,N, ,625,        36.47,        21.45
G,BE,KHADIM,KHADIM INDIA LIMITED,       114.70,       114.13,       115.20,       114.13,       115.20,                   231487.62,2012,N, ,28,       268.25,        77.47
N,BE,KMSUGAR,K M SUGAR MILLS LTD,        26.53,        26.85,        26.85,        25.70,        26.17,                  2784530.94,106338,N, ,418,        28.45,        25.70
N,BE,KOTARISUG,KOTHARI SUG & CHEM LTD.,        26.15,        26.15,        26.94,        25.52,        25.94,                   474259.45,18189,N, ,188,        39.94,        22.50
N,BE,KRONOX,KRONOX LAB SCIENCES LTD,       206.65,       214.55,       215.05,       207.50,       210.60,                  8222331.73,38705,N, ,537,       227.74,        96.00
N,BE,KSHITIJPOL,KSHITIJ POLYLINE LIMITED,         3.64,         3.81,         3.82,         3.81,         3.81,                 44867631.88,11750986,N, ,1938,         7.20,         1.88
N,BE,KSR,KSR FOOTWEAR LIMITED,        38.30,        39.30,        39.30,        37.25,        37.56,                   361260.13,9440,N, ,69,        48.84,        14.04
N,BE,LADDERUP,LADDERUP FINANCE LTD.,        52.20,        52.18,        52.18,        49.99,        51.90,                    19163.30,380,N, ,16,        80.98,        42.70
N,BE,LANCORHOL,LANCOR HOLDINGS LIMITED,        32.21,        32.20,        32.48,        31.12,        31.41,                  1065666.99,33605,N, ,173,        41.75,        18.12
N,BE,LANDSMILL,LANDSMILL GREEN LIMITED,         0.93,         0.90,         0.91,         0.89,         0.89,                  1859552.16,2085318,N, ,1093,         1.68,         0.52
N,BE,LCCINFOTEC,LCC INFOTECH LTD,         3.59,         3.59,         3.68,         3.42,         3.46,                   203250.83,58915,N, ,106,         5.89,         2.88
N,BE,LEENEE,LEE & NEE SOFTWARES (E) L,         7.39,         7.49,         7.55,         7.06,         7.34,                    40712.36,5502,N, ,35,        11.48,         6.81
N,BE,LOTUSDEV,SRI LOTUS DEVLPRS N RTY L,       244.73,       237.30,       247.00,       237.00,       242.92,                220524355.99,918484,N, ,3633,       248.10,       102.20
N,BE,LYKALABS,LYKA LABS LTD.,        75.26,        73.70,        75.64,        73.70,        74.30,                  1187878.69,15990,N, ,70,       100.94,        44.10
N,BE,MAHASTEEL,MAHAMAYA STEEL INDS LTD,      1139.30,      1139.30,      1139.30,      1097.10,      1114.90,                   897069.50,803,N, ,113,      1421.00,       452.50
N,BE,MAJESAUT,MAJESTIC AUTO LTD.,       369.15,       369.15,       376.00,       366.00,       367.60,                   900043.05,2423,N, ,119,       500.00,       274.00
N,BE,MANAKSTEEL,MANAKSIA STEELS LTD,       108.88,       108.34,       114.32,       106.00,       110.97,                  5437914.43,48669,N, ,473,       120.76,        45.11
N,BE,MANUGRAPH,MANUGRAPH INDIA LIMITED,        16.45,        16.70,        17.00,        15.91,        16.31,                   893820.90,53325,N, ,84,        24.26,         9.65
N,BE,MAZDA,MAZDA LIMITED,       283.40,       281.10,       289.90,       278.00,       283.65,                  7586921.95,26709,N, ,512,       310.00,       159.20
N,BE,MBECL,MCNALLY BHARAT ENGIN CO L,       493.80,       483.95,       483.95,       483.95,       483.95,                   743831.15,1537,N, ,44,       513.90,       213.00
N,BE,MEDICAMEQ,MEDICAMEN BIOTECH LIMITED,       311.95,       313.00,       315.30,       304.00,       313.25,                  6720788.70,21741,N, ,284,       447.65,       212.40
N,BE,MEDICAPQ,MEDI CAPS LTD.,        24.99,        24.50,        24.99,        24.00,        24.50,                    48346.10,1968,N, ,10,        36.80,        20.33
N,BE,MENNPIS,MENON PISTONS LTD.,        70.19,        70.95,        72.55,        70.10,        72.11,                  1562793.07,21943,N, ,138,        85.80,        52.35
N,BE,MHLXMIRU,MAHALAXMI RUBTECH LIMITED,       171.12,       176.00,       176.00,       165.00,       168.01,                   481981.79,2849,N, ,48,       244.65,       105.53
G,BE,MICEL,MIC ELECTRONICS LTD,        34.60,        34.43,        34.43,        34.12,        34.13,                  4832444.92,141141,N, ,502,        61.59,        29.97
N,BE,MILKYMIST,MILKY MIST DAIRY FOOD L,       319.20,       318.80,       335.15,       318.80,       335.15,                774237043.70,2326916,N, ,14431,       335.15,       165.00
G,BE,MINALIND,MINAL INDUSTRIES LTD.,         4.17,         4.09,         4.09,         4.09,         4.09,                     9689.21,2369,N, ,14,         5.89,         1.71
N,BE,MODISONLTD,MODISON LIMITED,       491.30,       497.00,       506.00,       480.00,       488.80,                 21942645.40,44662,N, ,1085,       546.00,       114.00
N,BE,MOLDTECH,MOLD-TEK TECHNOLOGIES LTD,       216.72,       221.10,       222.00,       215.00,       220.99,                 14051973.60,64307,N, ,1097,       227.00,       101.10
N,BE,MONEYBOXX,MONEYBOXX FINANCE LIMITED,        53.48,        51.88,        53.75,        51.88,        52.72,                   361734.08,6871,N, ,53,       183.00,        35.85
N,BE,MPDL,MPDL LTD.,        27.33,        27.75,        27.75,        26.00,        26.00,                    28801.00,1101,N, ,6,        45.29,        23.26
N,BE,MTARTECH,MTAR TECHNOLOGIES LIMITED,      7718.50,      7698.00,      7896.00,      7600.00,      7864.50,                868770435.00,111087,N, ,16154,      8714.00,      1866.20
N,BE,MTEDUCARE,MT EDUCARE LTD,         1.63,         1.68,         1.71,         1.58,         1.65,                    58716.53,34960,N, ,68,         2.53,         1.17
N,BE,MUKKA,MUKKA PROTEINS LIMITED,        26.97,        27.20,        27.90,        26.40,        26.94,                  5661069.29,209121,N, ,706,        33.29,        18.27
N,BE,MYSORPETRO,MYSORE PETRO CHEMICALS L,       117.13,       116.00,       118.00,       113.53,       117.06,                   368193.90,3163,N, ,34,       182.03,       111.00
N,BE,NATCAPSUQ,NATURAL CAPSULES LIMITED,       166.74,       169.89,       169.89,       160.20,       161.42,                   457277.20,2807,N, ,52,       253.30,       136.36
N,BE,NEUEON,NEUEON CORPORATION LTD,        13.79,        13.78,        14.00,        13.13,        13.31,                   228087.28,16709,N, ,88,        18.35,        10.70
N,BE,NIRAJISPAT,NIRAJ ISPAT IND LTD,       299.00,       284.10,       284.10,       284.10,       284.10,                    15057.30,53,N, ,8,       429.65,       155.00
G,BE,NRL,NUPUR RECYCLERS LIMITED,       157.00,       160.00,       160.14,       160.00,       160.14,                 12646521.60,78987,N, ,175,       167.26,        45.10
N,BE,NURECA,NURECA LIMITED,       338.55,       339.00,       343.95,       330.05,       333.90,                  1516238.75,4515,N, ,143,       376.00,       204.00
N,BE,OCCLLTD,OCCL LIMITED,       207.59,       214.30,       217.96,       209.72,       217.30,                 42335212.16,195497,N, ,1433,       217.96,        75.71
G,BE,OILCOUNTUB,OIL COUNTRY TUBULAR LTD.,        81.29,        82.91,        82.91,        82.91,        82.91,                  2369401.98,28578,N, ,75,        82.91,        35.65
N,BE,ONELIFECAP,ONELIFE CAP ADVISORS LTD,        45.00,        46.99,        47.25,        45.00,        47.16,                 16912064.75,359287,N, ,362,        47.25,        11.15
N,BE,ONMOBILE,ONMOBILE GLOBAL LTD.,        49.12,        49.70,        51.57,        48.55,        51.57,                  2209331.56,43623,N, ,309,        84.00,        40.21
N,BE,ORIENTLTD,ORIENT PRESS LIMITED,        76.00,        75.24,        78.25,        75.24,        77.00,                    40070.96,523,N, ,6,       102.30,        53.72
N,BE,PANACHE,PANACHE DIGILIFE LIMITED,       569.00,       570.55,       597.45,       570.00,       597.45,                 37726673.90,65399,N, ,195,       597.45,       237.70
N,BE,PAR,PAR DRUGS AND CHEM LTD,       122.74,       120.06,       126.15,       120.06,       125.28,                  1075920.64,8720,N, ,121,       180.00,        78.05
N,BE,PARSVNATH,PARSVNATH DEVELOPER LTD,         2.21,         2.25,         2.25,         2.25,         2.25,                    65009.25,28893,N, ,37,        18.75,         1.35
N,BE,PIONRINV,PIONEER INVESTCORP LTD.,        65.89,        67.21,        67.21,        62.60,        62.60,                   961982.31,15367,N, ,65,       135.44,        62.60
N,BE,PKTEA,THE P K TEA PROD CO LTD,       983.20,       980.00,       980.00,       940.00,       944.40,                   462353.30,484,N, ,74,      1169.00,       605.00
N,BE,PPAP,PPAP AUTOMOTIVE LIMITED,       239.81,       244.60,       248.00,       241.35,       247.06,                  1538865.62,6281,N, ,96,       379.50,       176.00
N,BE,PREMIER,PREMIER LIMITED,         2.63,         2.65,         2.76,         2.54,         2.74,                    54433.01,20022,N, ,34,         3.88,         2.47
N,BE,QMSMEDI,QMS MEDICAL ALLIED S LTD,       192.71,       185.55,       202.34,       185.55,       200.99,                 16618434.71,82949,N, ,434,       216.79,        98.05
N,BE,QUINT,QUINT DIGITAL LTD.,        62.05,        58.95,        58.95,        58.95,        58.95,                   266807.70,4526,N, ,48,        90.00,        33.45
N,BE,RADHIKAJWE,RADHIKA JEWELTECH LIMITED,        67.39,        67.69,        70.70,        66.00,        69.53,                 10184281.71,149614,N, ,899,        97.50,        50.01
N,BE,RAJRILTD,RAJ RAYON INDUSTRIES LTD,        20.01,        20.41,        20.41,        20.41,        20.41,                   193262.29,9469,N, ,39,        27.80,        19.41
N,BE,RAJTV,RAJ TV NETWORK LTD,        10.72,        10.71,        10.71,        10.19,        10.53,                   133185.79,12914,N, ,68,        46.90,         7.70
G,BE,RAMASTEEL,RAMA STEEL TUBES LIMITED,         4.31,         4.25,         4.25,         4.23,         4.23,                  1681291.55,396923,N, ,885,        11.29,         3.43
N,BE,RBZJEWEL,RBZ JEWELLERS LIMITED,       196.15,       200.00,       204.80,       198.00,       199.38,                 20524946.37,101810,N, ,844,       207.66,       100.00
N,BE,RCOM,RELIANCE COMMUNICATIONS L,         0.86,         0.85,         0.86,         0.84,         0.85,                  1802702.30,2110504,N, ,1728,         1.51,         0.75
N,BE,RELINFRA,RELIANCE INFRASTRUCTU LTD,        51.24,        53.80,        53.80,        53.80,        53.80,                  6737589.20,125234,N, ,540,       249.58,        42.56
N,BE,RETAIL,JHS SVENDGAARD RETAIL V L,        31.54,        29.97,        29.97,        29.97,        29.97,                   118021.86,3938,N, ,27,        36.54,        15.81
N,BE,RKEC,RKEC PROJECTS LIMITED,        21.42,        21.42,        21.42,        20.50,        20.89,                   511397.14,24505,N, ,87,        71.95,        17.40
N,BE,RMDRIP,R M DRIP & SPRINK SYS LTD,        23.55,        23.48,        23.49,        22.52,        22.68,                  2238114.11,97764,N, ,479,       123.80,        14.81
N,BE,RNBDENIMS,R&B DENIMS LIMITED,         8.98,         9.13,         9.13,         8.80,         9.00,                   598732.25,66786,N, ,235,       203.00,         7.72
N,BE,ROLLT,ROLLATAINERS LIMITED,         5.21,         5.46,         5.47,         5.33,         5.47,                  2309953.97,422448,N, ,323,         6.57,         1.07
N,BE,RPPL,RAJSHREE POLYPACK LTD,        19.03,        19.20,        19.40,        18.91,        19.31,                   189485.25,9898,N, ,52,        26.97,        14.25
N,BE,RTSPOWR,R T S POWER CORPN. LTD.,       103.78,       105.75,       108.90,       105.00,       108.24,                   419142.51,3913,N, ,70,       138.05,        68.88
N,BE,SADHNANIQ,SADHANA NITROCHEM LIMITED,         2.68,         2.75,         2.80,         2.58,         2.68,                  4197039.02,1570737,N, ,803,        10.80,         1.27
N,BE,SCANSTL,SCAN STEELS LTD.,        48.06,        48.80,        50.46,        46.75,        50.06,                  1629777.67,33099,N, ,149,        68.81,        31.35
N,BE,SCPL,SHEETAL COOL PRODUCTS LTD,       609.25,       615.30,       624.00,       600.30,       609.20,                 40516432.15,65509,N, ,247,       690.00,       190.03
N,BE,SETCO,SETCO AUTOMOTIVE LTD,        18.22,        18.22,        18.75,        17.60,        18.48,                   798533.56,43134,N, ,194,        28.62,        11.56
N,BE,SEYAIND,SEYA INDUSTRIES LIMITED,        12.86,        12.86,        12.86,        12.61,        12.61,                    51215.96,4061,N, ,22,        23.99,         8.54
N,BE,SHAHALLOYS,SHAH ALLOYS LIMITED,        81.03,        82.94,        82.95,        80.19,        80.56,                   875423.16,10831,N, ,78,       116.85,        53.10
N,BE,SHAHINVEST,SHAH INVESTORS HOME LTD,       173.79,       167.05,       169.00,       165.11,       166.82,                 99733234.32,596517,N, ,4357,       179.55,       165.11
N,BE,SHALPAINTS,SHALIM PAINTS LTD,        77.64,        77.84,        80.00,        75.21,        77.08,                 10777330.18,140272,N, ,477,        95.95,        35.21
N,BE,SHARDUL,SHARDUL SECURITIES LTD.,        58.25,        58.25,        58.49,        58.00,        58.32,                  3429023.77,58891,N, ,189,        60.00,        23.05
N,BE,SHEKHAWATI,SHEKHAWATI INDUSTRIES LTD,        27.17,        25.82,        25.82,        25.82,        25.82,                   513482.34,19887,N, ,70,        33.26,         9.12
N,BE,SICALLOG,SICAL LOGISTICS LIMITED,        89.33,        87.54,        89.89,        86.80,        88.30,                  2995236.31,33812,N, ,118,       122.50,        86.20
N,BE,SIGIND,SIGNET INDUSTRIES LIMITED,        62.86,        63.40,        64.90,        60.06,        61.19,                  1057575.41,17127,N, ,127,        74.99,        40.66
N,BE,SIGMAADV,SIGMA ADVANCED SYSTEM LTD,      1119.40,      1109.00,      1145.00,      1070.00,      1091.60,                260251612.10,236310,N, ,6395,      1165.00,       140.10
N,BE,SIKKO,SIKKO INDUSTRIES LIMITED,         6.16,         6.13,         6.13,         5.95,         6.01,                  1485025.68,247606,N, ,476,       136.63,         3.55
N,BE,SMARTLINK,SMARTLINK HOLDINGS LTD,       221.90,       214.12,       229.97,       214.12,       227.30,                  1130716.94,4988,N, ,66,       241.81,       103.50
N,BE,SONA,SONASELECTION INDIA LTD,        94.08,        95.88,        98.78,        94.55,        98.78,                  9192072.47,93761,N, ,830,       107.42,        88.10
N,BE,SONAMLTD,SONAM LIMITED,        71.55,        72.44,        72.90,        69.50,        70.15,                  7603205.54,107503,N, ,365,        80.32,        37.40
N,BE,SPECIALITY,SPECIALITY REST LTD,       156.32,       154.32,       156.90,       151.20,       152.40,                  2497303.85,16233,N, ,108,       167.46,        82.70
N,BE,SPECTRUM,SPECTRUM ELECTRIC IND LTD,      3915.90,      3918.00,      3988.00,      3750.00,      3903.70,                 21502227.50,5497,N, ,859,      3988.00,      1050.00
N,BE,SREEL,SREELEATHERS LIMITED,       286.85,       291.00,       297.40,       285.10,       287.35,                  1771291.00,6147,N, ,80,       400.00,       165.25
N,BE,SRIKPRIND,SRI KPR INDUSTRIES LTD.,        25.23,        26.48,        26.49,        24.53,        26.00,                    35866.34,1379,N, ,103,        36.80,        19.40
N,BE,SRIT,SRIT INDIA LIMITED,       155.09,       153.00,       153.00,       147.34,       147.34,                117941054.56,785081,N, ,5558,       155.09,       147.34
N,BE,STALLION,STALLION IND FLUOROCHEM L,       225.72,       226.35,       229.95,       220.00,       227.81,                 68022646.88,303243,N, ,1952,       423.80,        99.32
N,BE,STLTECH,STERLITE TECHNOLOGIES LTD,      1016.70,      1014.00,      1043.60,       989.00,      1016.80,               1227654806.25,1206624,N, ,39357,      1051.10,        84.60
N,BE,SUPERSPIN,SUPER SPINNING MILLS LTD,         7.14,         7.19,         7.19,         7.01,         7.04,                    64270.18,9140,N, ,17,         9.98,         3.79
N,BE,SUPTANERY,SUPER TANNERY LTD.,         8.07,         8.37,         8.47,         8.26,         8.47,                   557677.53,66075,N, ,150,        16.21,         6.81
N,BE,SWANDEF,SWAN DEFENCE N HEVY IND L,      2760.20,      2759.70,      2774.90,      2660.00,      2759.40,                 41891861.80,15248,N, ,816,      2804.90,       636.20
N,BE,SWARAJ,SWARAJ SUITING LIMITED,       354.70,       350.00,       365.00,       341.00,       362.00,                 21195828.90,60243,N, ,198,       395.00,       260.10
N,BE,SWASTIKAIN,SWASTIKA INFRA LIMITED,       200.13,       209.80,       210.13,       202.00,       210.13,                 57145007.34,273452,N, ,2398,       220.50,       198.05
N,BE,SWISSMLTRY,SWISS MILITARY CON GOOD L,        14.07,        14.35,        14.40,        13.96,        14.19,                   720635.82,50677,N, ,213,        18.50,        13.00
G,BE,SYSTMTXC,SYSTEMATIX CORP SERVICE L,        73.05,        73.05,        73.05,        71.59,        72.69,                   824064.87,11387,N, ,29,       177.90,        51.89
N,BE,TAMBOLIIN,TAMBOLI INDUSTRIES LTD.,       300.35,       308.00,       308.00,       295.00,       295.00,                  5280920.10,17201,N, ,24,       318.85,       141.50
N,BE,TBZ,TRIB BHIMJI ZAVERI LTD,       608.85,       591.00,       618.00,       588.00,       594.25,                 78514360.50,130826,N, ,2244,       698.60,       110.50
N,BE,TICL,TWAMEV CONS AND INFRA LTD,         8.57,         8.99,         8.99,         8.99,         8.99,                   334697.70,37230,N, ,21,        33.99,         5.33
N,BE,TIJARIA,TIJARIA POLYPIPES LTD,         6.42,         6.55,         6.73,         6.40,         6.47,                    25553.22,3915,N, ,41,         9.80,         3.55
N,BE,TIL,TIL LTD,       242.25,       242.25,       246.10,       232.20,       239.90,                 11338060.40,47307,N, ,335,       334.70,       161.25
G,BE,TIRUPATIFL,TIRUPATI FORGE LIMITED,        72.19,        70.75,        71.20,        70.75,        70.80,                 28882802.85,408182,N, ,375,        83.90,        30.11
N,BE,TNTELE,TAMILNADU TELECOMMUNICATI,        10.45,         9.93,         9.93,         9.93,         9.93,                   218430.21,21997,N, ,88,        15.74,         7.81
N,BE,TOTAL,TOTAL TRANSPORT SYS LTD,        71.54,        70.00,        71.45,        69.80,        69.81,                    79899.95,1140,N, ,37,        87.89,        45.00
N,BE,TPHQ,TEAMO PRODUCTIONS HQ LTD,         0.48,         0.48,         0.49,         0.47,         0.47,                   296059.09,621002,N, ,293,         0.86,         0.40
N,BE,TRANSPEK,TRANSPEK INDUSTRIES LTD,      1379.50,      1345.10,      1425.00,      1345.10,      1398.10,                  2473400.10,1763,N, ,92,      1475.00,      1001.00
N,BE,TRANSWORLD,TRANSWORLD SHIP LINES LTD,       153.70,       152.50,       156.99,       152.50,       155.05,                   340669.99,2195,N, ,37,       258.00,       111.56
N,BE,TVVISION,TV VISION LIMITED,         2.59,         2.63,         2.63,         2.47,         2.59,                    86009.97,33766,N, ,59,        12.40,         2.39
N,BE,UCAL,UCAL LIMITED,       142.37,       144.95,       145.99,       140.61,       141.57,                  2527072.02,17699,N, ,64,       163.80,        77.00
N,BE,UFBL,UNITED FOODBRANDS LIMITED,       695.20,       695.20,       700.00,       681.25,       687.65,                 13958467.70,20133,N, ,417,       850.00,       172.34
N,BE,UGARSUGAR,THE UGAR SUGAR WORKS LTD,        59.26,        59.40,        60.99,        56.90,        58.45,                  7563932.39,129567,N, ,708,        66.77,        33.75
N,BE,UMAEXPORTS,UMA EXPORTS LIMITED,        21.09,        21.40,        21.43,        20.05,        20.07,                  1605079.86,79271,N, ,162,        55.90,        18.12
N,BE,UNIVASTU,UNIVASTU INDIA LIMITED,       131.63,       134.84,       134.84,       126.50,       129.81,                  3287832.61,25581,N, ,240,       272.80,        56.02
N,BE,UNIVPHOTO,UNIVERSUS IMAGINGS LTD,       470.25,       465.55,       488.00,       452.00,       479.95,                   355945.20,776,N, ,42,       624.75,       180.60
G,BE,URAVIDEF,URAVI DEFENCE &TECH LTD,       102.00,       101.49,       102.00,       101.00,       102.00,                   113550.91,1118,N, ,26,       263.00,       100.00
N,BE,UYFINCORP,U. Y. FINCORP LIMITED,        22.95,        21.82,        23.49,        21.81,        22.93,                  5062720.67,223056,N, ,570,        24.20,        11.50
N,BE,VALIANTLAB,VALIANT LABORATORIES LTD,       124.37,       126.00,       126.00,       120.65,       123.21,                  5570846.22,45361,N, ,275,       132.25,        49.51
N,BE,VCL,VAXTEX COTFAB LIMITED,         1.50,         1.57,         1.57,         1.49,         1.55,                  1008206.00,649613,N, ,262,         2.66,         0.87
N,BE,VELJAN,VELJAN DENISON LTD.,      2531.40,      2657.90,      2657.90,      2580.00,      2657.90,                 11546055.20,4352,N, ,274,      2657.90,       812.00
N,BE,VENUSREM,VENUS REMEDIES LIMITED,      1746.70,      1721.00,      1800.50,      1670.60,      1769.40,                 43296643.70,24817,N, ,1067,      2044.30,       432.10
N,BE,VERANDA,VERANDA LEARNING SOL LTD,        29.72,        30.99,        31.20,        30.00,        31.20,                  5105016.74,164637,N, ,561,        31.20,        26.90
N,BE,VHLTD,VICEROY HOTELS LIMITED,       128.97,       130.90,       131.55,       129.00,       129.62,                 10328533.71,79381,N, ,392,       155.36,       114.55
N,BE,VIJIFIN,VIJI FINANCE LIMITED,        13.69,        13.01,        13.01,        13.01,        13.01,                   637607.09,49009,N, ,102,        17.24,         2.01
N,BE,VIPULLTD,VIPUL LIMITED,        10.20,        10.20,        10.71,         9.69,         9.85,                  2922322.48,295796,N, ,684,        18.60,         7.38
N,BE,VIRTUALG,VIRTUAL GLOBAL EDU LTD,         0.42,         0.44,         0.44,         0.40,         0.44,                    95990.29,227968,N, ,189,         0.60,         0.40
N,BE,VISAKAIND,VISAKA INDUSTRIES LTD,        81.63,        82.25,        84.40,        81.50,        83.83,                  4519138.65,54269,N, ,400,       104.41,        50.20
N,BE,VIVIMEDLAB,VIVIMED LABS LIMITED,         6.28,         6.59,         6.59,         6.59,         6.59,                   413911.31,62809,N, ,57,         7.21,         4.75
G,BE,WELINV,WELSPUN INV & COMM LTD,      2440.00,      2400.00,      2400.00,      2400.00,      2400.00,                     9600.00,4,N, ,3,      2500.00,      1065.50
N,BZ,AGSTRA,AGS TRANSACT TECH LTD,         2.45,         2.41,         2.41,         2.41,         2.41,                    49997.86,20746,N, ,64,         5.44,         1.85
N,BZ,ANKITMETAL,ANKIT MET & POW LTD,         2.26,         2.37,         2.37,         2.37,         2.37,                    70374.78,29694,N, ,25,         2.37,         1.29
N,BZ,ANSALAPI,ANSAL PROP & INFRA LTD,         3.92,         3.85,         3.95,         3.85,         3.85,                    42140.79,10870,N, ,46,         4.64,         2.51
N,BZ,ARSHIYA,ARSHIYA LIMITED,         0.82,         0.80,         0.85,         0.80,         0.84,                    37471.49,46034,N, ,47,         2.12,         0.68
N,BZ,ASTRON,ASTRON PAPER BORD MIL LTD,         2.80,         2.80,         2.86,         2.74,         2.84,                    37994.85,13500,N, ,47,        13.25,         2.73
N,BZ,COMPINFO,COMPUAGE INFOCOM LTD,         1.08,         1.08,         1.10,         1.07,         1.10,                     4305.99,3963,N, ,16,         2.37,         0.91
N,BZ,CRSL,CRESSANDA RAILWAY SOLUT L,         2.05,         2.05,         2.13,         2.04,         2.06,                   982116.07,470778,N, ,334,         3.56,         1.72
N,BZ,DHARAN,DHARAN INFRA-EPC LIMITED,         0.14,         0.15,         0.15,         0.14,         0.14,                  1425833.22,9949230,N, ,1252,         0.59,         0.11
N,BZ,FEL,FUTURE ENTERPRISES LTD,         0.37,         0.38,         0.38,         0.36,         0.36,                    34820.82,94222,N, ,79,         0.57,         0.34
N,BZ,FELDVR,FUTURE ENTERPRISES LTD,         1.96,         1.90,         2.05,         1.90,         2.04,                      755.45,386,N, ,20,         3.74,         1.90
N,BZ,FLFL,FUT LIFESTYLE FASH LTD,         1.02,         1.01,         1.04,         0.97,         0.98,                   147373.51,148751,N, ,135,         1.92,         0.97
N,BZ,GENSOL,GENSOL ENGINEERING LTD,        12.35,        12.35,        12.49,        11.74,        11.74,                  3083878.78,260422,N, ,1270,        35.45,        11.74
N,BZ,GOLDENTOBC,GOLDEN TOBACCO LIMITED,        22.74,        23.87,        23.87,        21.61,        22.85,                   141652.84,6282,N, ,86,        36.30,        20.34
N,BZ,HDIL,HOUSING DEV & INFRA LTD,         1.44,         1.48,         1.48,         1.41,         1.43,                   144728.62,101104,N, ,181,         3.03,         1.40
N,BZ,HMT,HMT LTD -,        58.53,        58.50,        58.50,        57.05,        57.25,                   510528.29,8902,N, ,96,        72.95,        41.00
N,BZ,IL&FSENGG,IL&FS ENG AND CONS CO LTD,        39.54,        40.00,        41.00,        39.50,        40.60,                   527915.63,13115,N, ,36,        43.80,        21.00
N,BZ,IL&FSTRANS,IL&FS TRANS NET LTD,         1.94,         1.98,         1.99,         1.91,         1.98,                    39755.78,20213,N, ,60,         3.25,         1.75
N,BZ,LAKPRE,LAKSHMI PRE SCRE LTD,         5.25,         5.20,         5.20,         5.20,         5.20,                     5210.40,1002,N, ,3,         6.67,         4.10
N,BZ,MEP,MEP INFRA. DEVELOPERS LTD,         0.67,         0.68,         0.68,         0.68,         0.68,                     6373.64,9373,N, ,12,         2.87,         0.50
N,BZ,OSIAHYPER,OSIA HYPER RETAIL LIMITED,         2.00,         2.06,         2.06,         1.90,         1.91,                  1270429.23,659281,N, ,700,        24.40,         1.90
N,BZ,RAJESHEXPO,RAJESH EXPORTS LTD,        61.80,        60.51,        62.50,        60.51,        61.02,                  5417492.90,88199,N, ,2166,       237.88,        60.25
N,BZ,RHFL,RELIANCE HOME FINANCE LTD,         1.56,         1.58,         1.60,         1.56,         1.56,                   649362.16,409638,N, ,670,         4.19,         1.53
N,BZ,SANWARIA,SANWARIA CONSUMER LIMITED,         0.18,         0.18,         0.19,         0.18,         0.18,                   345491.28,1901235,N, ,185,         0.35,         0.18
N,BZ,SETUINFRA,SETUBANDHAN INFRA LTD,         0.49,         0.49,         0.49,         0.48,         0.48,                     2176.54,4524,N, ,17,         0.70,         0.37
N,BZ,SHRENIK,SHRENIK LIMITED,         0.27,         0.27,         0.28,         0.26,         0.27,                    74029.54,271106,N, ,180,         0.65,         0.26
N,BZ,SIMBHALS,SIMBHAOLI SUGARS LTD.,         7.40,         7.77,         7.77,         7.77,         7.77,                    69456.03,8939,N, ,16,        13.99,         6.10
N,BZ,SITINET,SITI NETWORKS LIMITED,         0.25,         0.26,         0.26,         0.24,         0.24,                   256736.35,1027060,N, ,313,         0.49,         0.24
G,BZ,SUPREMEENG,SUPREME ENGINEERING LTD,         4.40,         4.48,         4.48,         4.48,         4.48,                  1065133.44,237753,N, ,89,         4.48,         0.68
N,BZ,WARDINMOBI,WARDWIZARD INNO & MOB L,         5.11,         5.20,         5.20,         5.05,         5.15,                   523632.46,102283,N, ,321,         6.99,         4.69
N,ST,AARADHYA,AARADHYA DISPOSAL INDUS L,       124.60,       118.70,       130.00,       118.70,       122.35,                   894780.00,7200,N, ,6,       182.00,        64.20
N,ST,ACCPL,ACCRETION PHARMA LIMITED,       193.95,       186.00,       186.00,       184.30,       185.30,                  7754880.00,42000,N, ,32,       220.00,        53.80
N,ST,ADDICTIVE,ADDICTIVE LEARNING TECH L,        41.80,        42.85,        42.85,        42.40,        42.80,                   213575.00,5000,N, ,8,       146.90,        37.15
N,ST,APEXECO,APEX ECOTECH LIMITED,       253.65,       252.40,       258.00,       251.00,       253.15,                  3060840.00,12000,N, ,15,       297.15,       102.05
N,ST,APSISAERO,APSIS AEROCOM LIMITED,       554.40,       555.00,       582.10,       555.00,       582.10,                 37640940.00,66000,N, ,37,       634.00,       147.20
N,ST,AUROIMPEX,AURO IMPEX & CHEMICALS L,        40.10,        41.00,        42.10,        41.00,        42.05,                   603680.00,14400,N, ,9,        52.00,        21.25
N,ST,AXIOMGAS,AXIOM GAS ENGINEERING LTD,        40.00,        40.10,        42.00,        38.50,        42.00,                 11221100.00,268000,N, ,102,        57.00,        38.50
N,ST,BHADORA,BHADORA INDUSTRIES LTD,       155.10,       153.00,       158.00,       148.00,       153.15,                  8748960.00,57600,N, ,33,       161.15,        49.50
G,ST,BIKEWO,BIKEWO GREEN TECH LIMITED,       126.80,       124.60,       128.95,       124.60,       126.10,                  2276000.00,18000,N, ,7,       128.95,        13.65
N,ST,BLUEPEBBLE,BLUE PEBBLE LIMITED,        66.00,        64.00,        67.00,        64.00,        67.00,                    52400.00,800,N, ,2,       173.85,        59.20
N,ST,BLUEWATER,BLUE WATER LOGISTICS LTD,       578.60,       585.90,       585.90,       549.70,       549.70,                 11147950.00,20000,N, ,16,       594.70,       128.00
N,ST,BMISL,BENCH MARK INFOTECH SER L,       121.25,       127.30,       127.30,       127.30,       127.30,                 14817720.00,116400,N, ,60,       127.30,       104.50
N,ST,BOSS,BOSS PACKAGING SOLU LTD,        57.00,        56.90,        56.90,        56.90,        56.90,                   113800.00,2000,N, ,1,        60.10,        31.75
N,ST,BULKCORP,BULKCORP INTERNATIONAL L,        81.75,        79.90,        79.95,        79.75,        79.85,                   958200.00,12000,N, ,10,        87.95,        38.05
N,ST,CHAVDA,CHAVDA INFRA LIMITED,        58.35,        58.10,        58.10,        56.20,        56.30,                   454600.00,8000,N, ,4,       148.00,        56.20
N,ST,CLSL,CROP LIFE SCIENCE LIMITED,        60.00,        58.00,        58.00,        58.00,        58.00,                   116000.00,2000,N, ,1,        92.25,        39.05
N,ST,COREIN,COREINTEGRA CONSULT SER L,        86.65,        90.95,        90.95,        90.95,        90.95,                  1600720.00,17600,N, ,8,        90.95,        74.20
N,ST,CURIS,CURIS LIFESCIENCES LTD,       207.00,       204.45,       204.45,       201.00,       202.00,                  1416450.00,7000,N, ,7,       234.75,        83.60
N,ST,DCG,DCG CABLES & WIRES LTD,        71.95,        69.05,        74.80,        69.00,        74.80,                  2070840.00,28800,N, ,10,        93.95,        47.00
N,ST,DHANSA,DHANSA LABS LIMITED,        27.10,        27.10,        28.20,        27.10,        28.20,                   110600.00,4000,N, ,2,        47.00,        16.20
N,ST,DIVINEHIRA,DIVINE HIRA JEWELLERS LTD,       106.40,       108.00,       108.00,       108.00,       108.00,                   129600.00,1200,N, ,1,       355.25,        93.60
N,ST,EEPL,EPPELTONE ENGINEERS LTD,       136.00,       136.00,       136.00,       133.00,       133.00,                   801050.00,6000,N, ,6,       232.80,        91.00
N,ST,ESCONET,ESCONET TECHNOLOGIES LTD,       232.85,       234.00,       244.45,       234.00,       244.45,                  6359080.00,26400,N, ,56,       280.00,        91.25
N,ST,EXCELLENT,EXCELLENT WIRES N PACK L,       185.50,       177.00,       185.00,       177.00,       185.00,                  1158400.00,6400,N, ,4,       218.00,        36.90
N,ST,FONEBOX,FONEBOX RETAIL LIMITED,       127.50,       133.85,       133.85,       133.85,       133.85,                   669250.00,5000,N, ,5,       176.00,        57.00
N,ST,FORCAS,FORCAS STUDIO LIMITED,       233.70,       233.70,       239.95,       232.00,       239.95,                  1884160.00,8000,N, ,5,       249.95,        91.50
N,ST,FRESHARA,FRESHARA AGRO EXPORTS LTD,       391.30,       387.00,       410.85,       385.10,       410.85,                  7470540.00,18600,N, ,30,       493.95,       130.00
N,ST,GJL,GROVER JEWELLS LIMITED,       510.10,       525.95,       525.95,       484.60,       484.60,                  2007320.00,4000,N, ,5,       525.95,        91.40
N,ST,GOLDSTAR,GOLDSTAR POWER LIMITED,        11.65,        11.10,        11.10,        11.10,        11.10,                   374625.00,33750,N, ,3,        13.45,         4.50
N,ST,GREENASIA,GREEN ASIA IMPEX LIMITED,        89.00,        89.00,        89.00,        84.55,        84.55,                111248880.00,1254400,N, ,258,        89.00,        84.55
N,ST,HIMALAYAN,HIMALAYAN SOLAR LIMITED,        80.80,        81.00,        81.00,        76.80,        76.80,                  4921680.00,63600,N, ,40,        86.00,        76.80
G,ST,HOACFOODS,HOAC FOODS INDIA LIMITED,       930.00,       947.00,       948.60,       947.00,       948.60,                   710850.00,750,N, ,2,      1010.00,       219.85
N,ST,HPTL,HP TELECOM INDIA LIMITED,       430.00,       451.00,       451.30,       451.00,       451.30,                  1082760.00,2400,N, ,4,       491.70,       238.65
N,ST,IEML,INDIAN EMULSIFIERS LTD,        47.35,        47.00,        47.00,        45.00,        45.00,                  1926300.00,42500,N, ,38,       139.00,        37.80
N,ST,INFINIUM,INFINIUM PHARMACHEM LTD,       307.35,       318.00,       318.00,       305.00,       305.50,                  1092500.00,3500,N, ,7,       324.50,       189.40
N,ST,INNOMET,INNOMET ADVANCED MATERI L,       277.25,       280.00,       290.65,       270.00,       273.15,                  9981660.00,35400,N, ,51,       294.00,        63.15
N,ST,ITTL,INNOVATIVE TYRE & TUBE LT,        60.75,        61.95,        61.95,        61.90,        61.90,                    19509.00,315,N, ,3,       129.10,        60.75
N,ST,IWARE,IWARE SUPPLYCHAIN SER LTD,       373.00,       373.00,       381.25,       370.00,       370.50,                  3616620.00,9600,N, ,15,       539.40,       137.60
N,ST,JAINIK,JAINIK POWER CABLES LTD,       185.90,       189.00,       194.00,       189.00,       190.00,                  3435540.00,18000,N, ,15,       221.00,       102.25
N,ST,JALAN,JALAN TRANSOLU. INDIA LTD,         1.65,         1.60,         1.60,         1.60,         1.60,                    14400.00,9000,N, ,2,         4.85,         1.50
N,ST,KATARIA,KATARIA INDUSTRIES LTD,       162.60,       164.25,       165.00,       163.00,       163.80,                  2069730.00,12600,N, ,21,       167.00,        85.50
N,ST,KCK,KCK INDUSTRIES LTD,        15.00,        15.20,        15.45,        15.00,        15.45,                  1723375.00,112500,N, ,23,        40.10,        11.60
N,ST,KHERIAAUTO,KHERIA AUTOCOMP LIMITED,        89.45,        92.00,        93.90,        89.50,        92.15,                  4426560.00,48000,N, ,38,       106.50,        87.15
N,ST,KLL,KAUSHALYA LOGISTICS LTD,        40.90,        41.00,        42.90,        41.00,        42.30,                  1085280.00,25600,N, ,28,        66.75,        21.00
N,ST,KODYTECH,KODY TECHNOLAB LIMITED,      1556.55,      1560.00,      1560.00,      1521.00,      1533.45,                 16439570.00,10600,N, ,54,      1596.00,       556.05
N,ST,KONSTELEC,KONSTELEC ENGINEERS LTD,        50.00,        52.50,        52.50,        48.70,        48.70,                   554200.00,11000,N, ,7,        75.65,        28.00
N,ST,KORE,JAY JALARAM TECHNO LTD,       195.00,       198.80,       204.75,       190.00,       202.05,                  2920625.00,14750,N, ,34,       212.30,        85.00
N,ST,LAMOSAIC,LAMOSAIC INDIA LIMITED,        47.70,        47.30,        47.30,        45.35,        47.20,                   970890.00,21000,N, ,29,        61.55,        20.45
N,ST,MADHAVBAUG,VAIDYA SANE AYUR LAB LTD,       173.00,       165.00,       172.80,       165.00,       168.95,                   798580.00,4800,N, ,10,       335.00,       147.00
N,ST,MADHUSUDAN,MADHUSUDAN MASALA LIMITED,       227.15,       224.55,       230.20,       220.00,       230.20,                  6500500.00,29000,N, ,28,       260.00,       108.60
N,ST,MAL,MANGALAM ALLOYS LIMITED,        38.00,        38.00,        38.55,        38.00,        38.55,                   367280.00,9600,N, ,5,        59.95,        28.95
N,ST,MARC,MARC TECHNOCRATS LIMITED,       148.45,       152.00,       155.85,       152.00,       155.85,                  1116480.00,7200,N, ,6,       159.45,        40.75
N,ST,MARINETRAN,MARINETRANS INDIA LIMITED,        14.50,        13.80,        13.80,        13.80,        13.80,                   110400.00,8000,N, ,2,        28.20,        13.30
N,ST,METALIC,METALIC TECHNOFORGE LTD,       172.90,       169.80,       177.00,       166.20,       169.45,                 17370320.00,100800,N, ,50,       189.25,        81.40
N,ST,MRIL,MAHENDRA REALTO & INFRA L,        68.60,        69.00,        69.00,        69.00,        69.00,                   110400.00,1600,N, ,1,        85.30,        29.05
N,ST,NEWJAISA,NEWJAISA TECHNOLOGIES LTD,        16.20,        15.40,        16.00,        15.40,        15.65,                   704625.00,45000,N, ,15,        40.75,        13.35
N,ST,ONYX,ONYX BIOTEC LIMITED,        39.35,        37.75,        37.80,        37.75,        37.80,                   151100.00,4000,N, ,2,        49.65,        24.20
N,ST,OPTIVALUE,OPTIVALUE TEK CONSULT LTD,       235.45,       246.60,       246.60,       235.00,       238.00,                  3845040.00,16000,N, ,10,       246.60,        56.05
N,ST,PAPADMALJI,PAPADMALJI AGRO FOODS LTD,        72.00,        72.30,        72.30,        68.70,        68.75,                116851280.00,1630400,N, ,538,        72.30,        68.70
N,ST,PARTY-RE,PARTY CRUISERS LTD,         0.30,         0.35,         0.35,         0.30,         0.35,                   130301.70,386946,N, ,282,         0.35,         0.10
N,ST,PATILAUTOM,PATIL AUTOMATION LIMITED,       336.35,       338.00,       353.15,       336.35,       353.15,                 19634160.00,56400,N, ,68,       370.00,       112.05
N,ST,PENTAGON,PENTAGON RUBBER LIMITED,        89.00,        87.20,        87.20,        84.55,        85.85,                   171750.00,2000,N, ,2,       100.50,        49.15
N,ST,POOJALOGIS,POOJA LOGISTICS LIMITED,       119.90,       123.00,       125.85,       120.10,       125.85,                  6252600.00,50400,N, ,35,       125.85,       115.75
N,ST,PRECISION,PRECISION METALIKS LTD,         7.00,         7.00,         7.00,         7.00,         7.00,                    14000.00,2000,N, ,1,        20.90,         5.80
N,ST,PRESSTONIC,PRESSTONIC ENGINEERING L,        42.80,        43.30,        44.90,        42.00,        44.85,                  3681480.00,84000,N, ,55,        83.00,        24.00
N,ST,PRIMECAB,PRIME CABLE INDUSTRIES L,       201.05,       205.00,       205.00,       199.00,       203.00,                 13278080.00,65600,N, ,38,       222.00,        70.40
N,ST,PRIZOR,PRIZOR VIZTECH LIMITED,      1316.35,      1382.15,      1382.15,      1382.15,      1382.15,                  6081460.00,4400,N, ,10,      1382.15,       216.65
G,ST,RADIOWALLA,RADIOWALLA NETWORK LTD,        28.60,        29.15,        29.15,        29.15,        29.15,                    93280.00,3200,N, ,2,        72.00,        22.20
N,ST,RFBL,RFBL FLEXI PACK LIMITED,       106.80,       101.50,       101.50,       101.50,       101.50,                   913500.00,9000,N, ,3,       113.00,        52.50
G,ST,SAAKSHI,SAAKSHI MEDTEC N PANELS L,       364.00,       364.00,       364.00,       364.00,       364.00,                  1092000.00,3000,N, ,5,       381.45,       147.40
N,ST,SAJHOTELS,SAJ HOTELS LIMITED,        29.35,        27.90,        27.90,        27.90,        27.90,                   223200.00,8000,N, ,4,        76.20,        24.80
N,ST,SAMAY,SAMAY PROJECT SERVICES L,        45.40,        44.25,        44.25,        44.25,        44.25,                   177000.00,4000,N, ,1,        52.50,        28.50
N,ST,SHREEDHAR,SHREEDHAR SPINNERS LTD,       153.75,       154.00,       161.40,       154.00,       161.40,                  4151000.00,26000,N, ,12,       185.90,        54.40
N,ST,SIGNORIA,SIGNORIA CREATION LIMITED,       149.30,       144.00,       148.00,       144.00,       148.00,                   292000.00,2000,N, ,2,       171.50,        53.10
N,ST,SIMCA,SIMCA ADVERTISING LIMITED,       317.10,       326.95,       332.95,       316.00,       321.95,                 25879260.00,78600,N, ,116,       332.95,       132.00
N,ST,SPECTRAA,SPECTRAA TECH SOLUTIONS L,       259.60,       272.55,       272.55,       266.00,       272.55,                 38545740.00,141600,N, ,89,       272.55,       224.20
N,ST,SRIVASAVI,SRIVASAVI ADHESIVE TAPE L,        81.25,        81.25,        85.30,        79.10,        85.15,                  1585100.00,19000,N, ,17,        98.00,        39.00
N,ST,SSFL,SRIVARI SPICES N FOODS L,       275.30,       267.60,       289.05,       267.60,       289.05,                  2686725.00,9500,N, ,18,       329.30,        86.00
N,ST,SWASTIK,SWASTIK PIPE LIMITED,        18.05,        17.50,        18.30,        17.50,        18.30,                    42960.00,2400,N, ,2,        32.40,        12.50
N,ST,TAC,TAC INFOSEC LIMITED,       409.20,       408.90,       427.90,       398.00,       424.00,                 17539070.00,42600,N, ,196,      1420.00,       347.40
G,ST,TANKUP,TANKUP ENGINEERS LIMITED,      1787.70,      1823.45,      1823.45,      1810.00,      1823.45,                 39199125.00,21500,N, ,11,      1824.15,       390.00
N,ST,TAURIAN,TAURIAN MPS LIMITED,       645.50,       660.00,       666.95,       655.00,       655.50,                  8442280.00,12800,N, ,16,       666.95,       192.00
N,ST,TEAMTECH,TEAMTECH FORMWORK SOL LTD,       151.80,       148.00,       150.00,       144.25,       146.30,                 11337800.00,78000,N, ,37,       153.40,        68.25
N,ST,TGL,TEERTH GOPICON LIMITED,        13.20,        13.20,        13.45,        12.95,        12.95,                   266990.00,20200,N, ,60,        83.85,        12.70
N,ST,THESL,THINKING HATS ENTER SOL L,        14.80,        15.50,        15.50,        15.50,        15.50,                    46500.00,3000,N, ,1,        43.50,        11.40
G,ST,UHTL,UNITED HEAT TRANSFER LTD,       199.80,       203.75,       203.75,       203.75,       203.75,                   815000.00,4000,N, ,2,       203.75,        44.00
N,ST,USHAFIN,USHA FINANCIAL SERVICES L,        48.35,        50.40,        50.75,        49.50,        49.55,                  1128240.00,22400,N, ,12,        56.45,        26.75
N,ST,UTKAL,UTKAL SPEC INDUS INDIA L,        50.50,        50.25,        50.25,        48.60,        48.60,                   589600.00,12000,N, ,6,        66.00,        22.60
N,ST,VERTEXPLUS,VERTEXPLUS TECHNOLOGIES L,        69.35,        72.80,        72.80,        72.80,        72.80,                    87360.00,1200,N, ,2,       149.80,        35.95
N,ST,VILINBIO,VILIN BIO MED LIMITED,        52.95,        54.75,        55.00,        51.00,        51.25,                  2933400.00,56000,N, ,14,        60.95,        18.95
N,ST,VINSYS,VINSYS IT SERVICES IND LT,       576.00,       576.00,       576.00,       572.00,       572.00,                   717500.00,1250,N, ,5,       610.90,       215.00
N,ST,VIVO,VIVO COLLAB SOLUTIONS LTD,       147.00,       146.00,       146.00,       146.00,       146.00,                   467200.00,3200,N, ,2,       164.00,        70.30
N,ST,WOMANCART,WOMANCART LIMITED,        93.60,        94.40,        95.70,        90.05,        91.10,                  1400420.00,15200,N, ,38,       358.00,        88.00
N,SZ,PERFECT,PERFECT INFRAENGINEER LTD,         1.70,         1.75,         1.75,         1.75,         1.75,                     5250.00,3000,N, ,1,         4.95,         1.30
 , , , , , , , , , , , , , , , 
 , , ,OTHER SECURITIES, , , , , , , , , , , , 
N,GB,SGBAPR28I,2.50%GOLDBONDS2028SR-I,     14770.00,     14775.00,     14856.01,     14755.00,     14827.18,                  1172218.88,79,N, ,32,     18800.00,     11820.00
N,GB,SGBAUG27,2.50%GOLDBONDS2027SR-III,     14616.00,     14525.00,     14739.99,     14525.00,     14600.59,                   978547.32,67,N, ,19,     18899.00,     11852.00
N,GB,SGBAUG28V,2.50%GOLDBONDS2028SR-V,     14672.89,     14672.89,     14770.00,     14650.00,     14688.67,                 10715278.88,729,N, ,124,     18800.00,     11733.00
N,GB,SGBAUG29V,2.50%GOLDBONDS2029SR-V,     14809.50,     14809.50,     14885.00,     14615.01,     14812.50,                  1475125.89,100,N, ,33,     19121.00,     11603.20
N,GB,SGBAUG30,2.50%GOLDBONDS2030SR-II,     14889.91,     14800.00,     14969.00,     14800.00,     14880.00,                   624307.91,42,N, ,22,     19250.00,     11933.87
N,GB,SGBD29VIII,2.50%GOLDBONDS2029SR-VIII,     14708.91,     14690.00,     14841.23,     14680.00,     14747.35,                   752032.23,51,N, ,30,     18897.90,     11810.00
N,GB,SGBDC27VII,2.50%GOLDBONDS2027SR-VII,     14710.00,     14700.00,     14750.00,     14650.00,     14714.66,                   323377.00,22,N, ,12,     18800.09,     11999.99
N,GB,SGBDE30III,2.50%GOLDBONDS2030SR-III,     14813.69,     14813.69,     14840.00,     14726.00,     14825.40,                  3288458.08,222,N, ,80,     19100.00,     11801.00
N,GB,SGBDE31III,2.50%GOLDBONDS2031SR-III,     15123.77,     15123.77,     15200.00,     15100.01,     15120.01,                  7124278.51,471,N, ,137,     19298.00,     12680.00
N,GB,SGBDEC26,2.50%GOLDBONDS2026SR-IV,     14660.00,     14889.00,     14889.00,     14880.00,     14880.00,                    29769.00,2,N, ,2,     18999.00,     11710.00
N,GB,SGBFEB27,2.50%GOLDBONDS2027SR-VI,     14708.17,     14561.00,     14750.00,     14561.00,     14670.00,                   176011.00,12,N, ,3,     18899.00,     12500.00
N,GB,SGBFEB29XI,2.50%GOLDBONDS2029SR-XI,     14693.18,     14693.18,     14725.00,     14625.00,     14675.60,                  1541168.63,105,N, ,24,     18900.00,     11601.00
N,GB,SGBFEB32IV,2.50%GOLDBONDS2032SR-IV,     15481.95,     15481.95,     15499.99,     15352.00,     15393.69,                 16124038.49,1046,N, ,206,     21475.00,     12838.00
N,GB,SGBJ28VIII,2.50%GOLDBONDS2028SR-VIII,     14750.00,     14650.00,     14725.00,     14601.00,     14615.02,                  1300684.21,89,N, ,13,     18897.99,     11701.00
N,GB,SGBJAN27,2.50%GOLDBONDS2027SR-V,     14716.66,     14670.00,     14670.00,     14670.00,     14670.00,                    29340.00,2,N, ,1,     18817.99,     11900.00
N,GB,SGBJAN29IX,2.50%GOLDBONDS2029SR-IX,     14699.10,     14636.00,     14715.00,     14636.00,     14663.00,                  1305089.40,89,N, ,30,     18599.00,     11341.37
N,GB,SGBJAN29X,2.50%GOLDBONDS2029SR-X,     14700.00,     14641.01,     14710.00,     14641.01,     14651.82,                   645469.18,44,N, ,14,     18571.00,     11661.02
N,GB,SGBJAN30IX,2.50%GOLDBONDS2030SR-IX,     14772.00,     14772.00,     14900.00,     14711.02,     14714.25,                  1804460.79,122,N, ,36,     18799.00,     11476.78
N,GB,SGBJU29III,2.5%GOLDBONDS2029SR-III,     14680.00,     14700.00,     14711.00,     14700.00,     14711.00,                   323444.00,22,N, ,10,     18593.26,     11811.15
N,GB,SGBJUL28IV,2.50%GOLDBONDS2028SR-IV,     14675.85,     14675.85,     14699.00,     14650.00,     14674.40,                  2039599.45,139,N, ,37,     18600.01,     11745.48
N,GB,SGBJUL29IV,2.50%GOLDBONDS2029SR-IV,     14675.74,     14680.81,     14740.00,     14647.29,     14651.55,                  8286143.43,565,N, ,40,     18600.01,     11908.01
N,GB,SGBJUN28,2.5%GOLDBONDS2028SR-III,     14685.31,     14685.00,     14740.00,     14620.01,     14690.00,                  2376486.72,162,N, ,26,     18800.00,     11740.01
N,GB,SGBJUN29II,2.5%GOLDBONDS2029SR-II,     14703.64,     14610.01,     14750.00,     14610.01,     14661.00,                  4935486.94,336,N, ,60,     18650.00,     11850.00
N,GB,SGBJUN30,2.50%GOLDBONDS2030SR-I,     15010.21,     15010.21,     15010.21,     14803.00,     14850.00,                   697970.11,47,N, ,25,     19400.00,     12062.01
N,GB,SGBJUN31I,2.50%GOLDBONDS2031SR-I,     15036.13,     15036.13,     15069.98,     14950.01,     14965.15,                  2457139.87,164,N, ,54,     19150.02,     11895.88
N,GB,SGBMAR28X,2.50%GOLDBONDS2028SR-X,     14673.06,     14644.41,     14669.90,     14611.00,     14629.58,                   307223.58,21,N, ,11,     18650.00,     11766.31
N,GB,SGBMAR30X,2.50%GOLDBONDS2030SR-X,     14764.39,     14764.39,     14849.99,     14760.00,     14760.00,                   265961.93,18,N, ,5,     18900.00,     11801.00
N,GB,SGBMAR31IV,2.50%GOLDBONDS2031SR-IV,     14941.01,     14941.01,     14941.01,     14862.00,     14879.16,                  1536478.74,103,N, ,31,     19275.00,     12250.00
N,GB,SGBMAY28,2.50%GOLDBONDS2028SR-II,     14720.61,     14661.00,     14739.99,     14660.00,     14739.99,                   470211.00,32,N, ,13,     18605.26,     11706.00
N,GB,SGBMAY29I,2.5%GOLDBONDS2029SR-I,     14706.87,     14620.01,     14750.00,     14620.01,     14683.65,                  8029470.06,546,N, ,63,     18590.00,     11800.00
N,GB,SGBMR29XII,2.50%GOLDBONDS2029SR-XII,     14695.03,     14614.99,     14750.00,     14614.99,     14628.00,                  3079646.12,210,N, ,53,     18640.00,     11710.00
N,GB,SGBN28VIII,2.5%GOLDBONDS2028SR-VIII,     14735.00,     14677.51,     14734.90,     14675.00,     14700.00,                   470362.45,32,N, ,10,     19000.00,     11654.81
N,GB,SGBNOV26,2.50%GOLDBONDS2026SR-III,     14770.00,     14770.00,     14770.00,     14620.00,     14620.00,                    44010.00,3,N, ,2,     18999.00,     11600.02
N,GB,SGBNV29VII,2.5%GOLDBONDS2029SR-VII,     14745.14,     14685.00,     14766.00,     14682.00,     14700.30,                  2899523.05,197,N, ,38,     18899.00,     11849.99
N,GB,SGBOC28VII,2.50%GOLDBONDS2028SR-VII,     14750.00,     14750.00,     14750.00,     14705.00,     14716.33,                   103014.00,7,N, ,4,     18645.00,     11691.00
N,GB,SGBOCT26,2.50%GOLDBONDS2026SR-II,     14780.00,     14610.01,     14699.00,     14610.01,     14699.00,                   293090.10,20,N, ,2,     18251.00,     11611.01
N,GB,SGBOCT27,2.50%GOLDBONDS2027SR-V,     14699.00,     14720.35,     14740.35,     14720.35,     14735.85,                   117855.80,8,N, ,3,     18804.93,     11700.00
N,GB,SGBOCT27VI,2.50%GOLDBONDS2027SR-VI,     14650.00,     14750.00,     14750.00,     14750.00,     14750.00,                    14750.00,1,N, ,1,     18648.99,     11805.00
N,GB,SGBSEP27,2.50%GOLDBONDS2027SR-IV,     14700.00,     14749.98,     14749.98,     14749.98,     14749.98,                    29499.96,2,N, ,1,     18550.00,     11730.03
N,GB,SGBSEP28VI,2.50%GOLDBONDS2028SR-VI,     14651.15,     14947.68,     14947.68,     14635.05,     14648.96,                  2732855.94,186,N, ,48,     18600.00,     11500.00
N,GB,SGBSEP29VI,2.5%GOLDBONDS2029SR-VI,     14705.92,     14699.90,     14800.00,     14699.90,     14722.76,                  2706739.84,184,N, ,33,     18600.00,     11700.00
N,GB,SGBSEP31II,2.50%GOLDBONDS2031SR-II,     14997.32,     14997.32,     15069.98,     14861.01,     14967.01,                 18397640.56,1232,N, ,256,     19190.00,     12103.98
N,GS,574GS2026,GOI LOAN  5.74% 2026,       102.49,       102.49,       102.49,       102.48,       102.49,                     7174.29,70,N, ,4,       104.00,        96.44
N,GS,591GS2028,GOI LOAN  5.91% 2028,        99.80,        99.13,        99.13,        99.13,        99.13,                     9913.00,100,N, ,1,       105.00,        96.34
N,GS,601GS2030,GOI LOAN  6.01% 2030,        97.10,        97.10,        97.10,        96.31,        96.70,                    29011.00,300,N, ,3,       107.10,        96.31
N,GS,603GS2029,GOI LOAN  6.03% 2029,        98.01,        98.03,        98.50,        98.03,        98.50,                    19653.00,200,N, ,3,       103.68,        97.80
N,GS,610GS2031,GOI LOAN  6.10% 2031,        99.49,        99.49,        99.49,        99.49,        99.49,                       99.49,1,N, ,1,       111.00,        93.84
N,GS,620GS2029,GOI LOAN   6.20% 2029,        98.00,        98.00,        98.50,        98.00,        98.50,                    68900.00,700,N, ,3,       101.00,        97.11
N,GS,622GS2035,GOI LOAN  6.22% 2035,        94.29,        95.98,        95.98,        95.98,        95.98,                     6142.72,64,N, ,1,        99.20,        90.00
N,GS,648GS2035,GOI LOAN  6.48% 2035,        96.00,        94.08,        96.80,        94.08,        96.60,                   182844.80,1901,N, ,7,       104.00,        93.61
N,GS,657GS2033A,GOI LOAN   6.57% 2033,        98.00,        98.00,        98.00,        98.00,        98.00,                    29400.00,300,N, ,1,       100.00,        97.01
N,GS,664GS2027,GOI LOAN   6.64% 2027,       101.71,       106.00,       106.00,       106.00,       106.00,                      212.00,2,N, ,2,       106.00,       100.00
N,GS,667GS2050,GOI LOAN  6.67% 2050,        91.50,        91.45,        91.45,        91.45,        91.45,                    21399.30,234,N, ,2,        98.00,        89.45
N,GS,668GS2033,GOI LOAN  6.68% 2033,        99.05,        98.75,        99.00,        98.75,        98.75,                   533625.00,5400,N, ,3,       103.00,        96.50
N,GS,668GS2040,GOI LOAN  6.68% 2040,        97.40,        97.60,        97.60,        97.00,        97.00,                   140322.10,1446,N, ,5,       101.75,        93.00
N,GS,676GS2061,GOI LOAN  6.76% 2061,        89.48,        89.60,        89.60,        89.20,        89.49,                  1437402.98,16094,N, ,36,        98.75,        88.33
N,GS,679GS2031,GOI LOAN   6.79% 2031,       100.49,       100.49,       100.49,       100.49,       100.49,                    10049.00,100,N, ,1,       106.06,        97.41
N,GS,679GS2034,GOI LOAN  6.79% 2034,        97.80,        97.50,        97.50,        97.50,        97.50,                     9750.00,100,N, ,1,       103.20,        97.46
N,GS,68GS2060,GOI LOAN  6.8% 2060,        91.00,        91.80,        91.80,        91.80,        91.80,                    48654.00,530,N, ,2,        99.05,        88.10
N,GS,690GS2065,GOI LOAN  6.90% 2065,        92.60,        93.40,        93.40,        92.60,        92.86,                 15605454.91,168444,N, ,39,       100.70,        89.40
N,GS,692GS2039,GOI LOAN   6.92% 2039,        99.00,        98.00,        98.00,        98.00,        98.00,                     9800.00,100,N, ,1,       107.00,        95.26
N,GS,694GS2036,GOI LOAN  6.94% 2036,       101.30,       101.10,       101.12,       101.08,       101.12,                    30332.10,300,N, ,4,       106.00,        98.01
N,GS,695GS2061,GOI LOAN  6.95% 2061,        92.79,        92.78,        92.78,        92.70,        92.70,                    52933.68,571,N, ,5,       103.90,        90.76
N,GS,698GR2054,GOI LOAN   6.98% 2054,        93.00,        91.26,        93.99,        91.26,        93.99,                    41160.99,451,N, ,3,       100.49,        87.00
N,GS,699GS2051,GOI LOAN  6.99% 2051,        96.39,        93.98,        96.30,        93.98,        96.00,                   159003.98,1656,N, ,3,       102.98,        93.21
N,GS,704GS2029,GOI LOAN  7.04% 2029,       102.70,       102.70,       102.70,       102.70,       102.70,                  1011492.30,9849,N, ,3,       106.00,       100.00
N,GS,706GS2028,GOI LOAN  7.06% 2028,       103.50,       103.50,       103.50,       102.01,       102.25,                  1298782.00,12687,N, ,8,       108.05,       100.30
N,GS,706GS2041,GOI LOAN  7.06% 2041,        97.25,        99.25,        99.25,        98.00,        99.25,                   148872.50,1505,N, ,7,       102.70,        97.25
N,GS,709GS2054,GOI LOAN  7.09% 2054,        95.50,        95.89,        95.89,        95.15,        95.15,                  1146971.77,12051,N, ,7,       103.00,        93.17
N,GS,709GS2074,GOI LOAN   7.09% 2074,        94.76,        94.76,        94.85,        94.30,        94.79,                   990716.95,10473,N, ,18,       103.10,        92.31
N,GS,710GS2029,GOI LOAN 7.10% 2029,       103.90,       103.50,       103.50,       102.70,       103.00,                  7579962.00,73486,N, ,27,       107.80,        98.94
N,GS,716GS2050,GOI LOAN 7.16% 2050,        96.69,        96.69,        96.69,        96.69,        96.69,                   340252.11,3519,N, ,6,       107.36,        93.87
N,GS,718GS2033,GOI LOAN  7.18% 2033,       101.80,       101.40,       102.50,       101.40,       101.40,                  4584562.00,45173,N, ,6,       111.00,       100.00
N,GS,718GS2037,GOI LOAN  7.18% 2037,       101.11,       101.35,       102.35,       101.20,       101.72,                  3207369.20,31613,N, ,29,       108.05,        99.12
N,GS,723GS2039,GOI LOAN  7.23% 2039,       103.40,       102.00,       102.00,        99.93,       102.00,                   845305.00,8310,N, ,14,       106.65,        98.61
N,GS,724GS2055,GOI LOAN  7.24% 2055,        96.20,        96.99,        96.99,        96.00,        96.19,                 20129161.21,209293,N, ,36,       103.80,        94.28
N,GS,725GS2063,GOI LOAN  7.25% 2063,        96.33,        96.34,        96.35,        96.10,        96.27,                  3208144.55,33346,N, ,39,       105.60,        95.00
N,GS,726GS2032,GOI LOAN  7.26% 2032,       100.98,       101.00,       101.45,       101.00,       101.21,                  1329778.25,13145,N, ,13,       111.00,        95.83
N,GS,726GS2033,GOI LOAN  7.26% 2033,       101.59,       101.00,       101.49,       100.20,       101.49,                   325973.30,3250,N, ,3,       111.93,        99.53
N,GS,732GS2030,GOI LOAN  7.32% 2030,       103.50,       103.50,       103.50,       102.47,       102.47,                   116718.63,1129,N, ,7,       109.90,       100.72
N,GS,733GS2026,GOI LOAN  7.33% 2026,       102.84,       102.84,       102.84,       102.84,       102.84,                    25710.00,250,N, ,2,       105.57,        98.54
N,GS,734GS2064,GOI LOAN  7.34% 2064,        98.68,        98.54,        98.60,        98.45,        98.57,                  5958344.65,60488,N, ,67,       106.20,        95.14
N,GS,737GS2028,GOI LOAN  7.37% 2028,       104.02,       104.02,       104.02,       104.00,       104.00,                   124802.00,1200,N, ,5,       108.00,       101.06
N,GS,738GS2027,GOI LOAN 7.38% 2027,       102.66,       102.65,       102.65,       102.56,       102.64,                  1438170.31,14021,N, ,14,       108.00,        99.21
N,GS,73GS2053,GOI LOAN  7.3% 2053,        97.09,        97.80,        97.80,        97.25,        97.44,                   434023.25,4454,N, ,19,       106.25,        96.35
N,GS,741GS2036,GOI LOAN  7.41% 2036,       103.30,       104.39,       104.39,       102.01,       103.07,                   175386.58,1702,N, ,10,       110.61,       100.91
N,GS,743GS2076,GOI LOAN  7.43% 2076,        97.80,        98.50,        98.50,        97.80,        98.00,                  8129785.03,82960,N, ,58,       105.00,        97.60
N,GS,746GS2073,GOI LOAN  7.46% 2073,       101.99,       101.00,       101.99,       101.00,       101.50,                   115616.49,1144,N, ,3,       107.35,        97.25
N,GS,74GS2062,GOI LOAN  7.4% 2062,        98.00,        98.00,        98.00,        97.00,        98.00,                   158170.69,1615,N, ,9,       109.11,        96.20
N,GS,750GS2056,GOI LOAN  7.50% 2056,        99.26,       100.00,       100.00,        98.56,        99.00,                    28761.60,290,N, ,7,       103.80,        95.00
N,GS,754GS2036,GOI LOAN  7.54% 2036,       104.57,       104.80,       104.90,       104.61,       104.76,                 47686498.66,454965,N, ,116,       112.05,       102.00
N,GS,763GS2056,GOI LOAN  7.63% 2056,       100.27,       100.00,       100.29,        99.90,       100.29,                  1467336.82,14648,N, ,19,       101.49,        98.32
N,GS,771GS2066,GOI LOAN  7.71% 2066,       102.94,       102.90,       103.10,       102.56,       103.00,                  4004855.27,39021,N, ,15,       106.80,        99.00
N,GS,795GS2032,GOI LOAN 7.95% 2032,       103.10,       104.70,       104.70,       104.70,       104.70,                   267089.70,2551,N, ,2,       115.00,       101.40
N,GS,828GS2027,GOI LOAN 8.28% 2027,       166.48,       174.80,       174.80,       174.80,       174.80,                      174.80,1,N, ,1,       174.80,       103.50
N,GS,883GS2041,GOI LOAN 8.83% 2041,       117.00,       111.25,       111.25,       111.25,       111.25,                      111.25,1,N, ,1,       129.15,       109.00
N,GS,897GS2030,GOI LOAN 8.97% 2030,       115.00,       114.99,       114.99,       114.99,       114.99,                    47835.84,416,N, ,2,       118.50,       107.72
N,GS,92GS2030,GOI LOAN 9.20% 2030,       108.99,       109.50,       109.65,       109.10,       109.65,                  3599209.10,32908,N, ,15,       121.01,       107.13
N,MF,FICRF3GP,FRANTEMAMC - FICRF3GP,       468.18,       499.00,       499.00,       499.00,       499.00,                      499.00,1,N, ,1,       578.00,        60.75
N,N0,1025VCCL28,VCCL 10.25% 2028,     97800.00,     97800.00,     98447.34,     97800.00,     98137.95,                  1373931.38,14,N, ,4,     98747.19,     81090.00
N,N0,1050ASPL27,ASPL 10.50% 2027,      6501.00,      5202.00,      5202.00,      5202.00,      5202.00,                     5202.00,1,N, ,1,      8000.00,      5202.00
N,N0,111ESFB31,ESFB 11.1% 2031 SR 1,     97141.28,     97183.03,     97183.03,     97183.03,     97183.03,                   680281.21,7,N, ,2,    101750.00,     83008.00
N,N0,113ESFB31,ESFB 11.3% 2031 SR 2,    102480.00,    102979.44,    102979.44,    102979.44,    102979.44,                   514897.20,5,N, ,1,    104833.70,     98370.00
N,N0,1150AFIL29,AFIL 11.50% 2029,      9816.15,      9852.02,      9880.77,      9852.02,      9880.77,                    19732.79,2,N, ,2,      9950.00,      7875.00
N,N0,115AFIL28A,AFIL 11.50% 2028,      9941.78,      9926.51,      9926.51,      9926.51,      9926.51,                    59559.06,6,N, ,2,     10000.00,      9876.90
N,N0,115VCCL31B,VCCL31B 11.50% 2031,     10088.87,     10404.41,     10404.41,     10404.41,     10404.41,                    10404.41,1,N, ,1,     10404.41,      9999.00
N,N0,118VCCL27A,VCCL 11.8% 2027 SR B,     99999.99,     97749.73,     97749.73,     97749.73,     97749.73,                    97749.73,1,N, ,1,    100000.00,     96000.00
N,N0,118VCCL27B,VCCL 11.8% 2027 SR B,     99731.34,     99765.00,     99765.00,     99765.00,     99765.00,                   199530.00,2,N, ,1,    102000.00,     93500.00
N,N0,1225IFL27,IFL 12.25% 2027,      6380.00,      6380.00,      6380.00,      6380.00,      6380.00,                   204160.00,32,N, ,2,     10980.00,      6011.00
N,N0,1225IFL28,IFL 12.25% 2028,      6363.00,      6051.00,      6052.00,      6051.00,      6052.00,                    24205.00,4,N, ,2,      9900.00,      6051.00
N,N0,12AFIL27,AFIL 12% 2027 SR 1,     10035.62,      9940.80,      9940.80,      9940.80,      9940.80,                    29822.40,3,N,XI,1,     10500.00,      8100.00
N,N0,12AFIL27A,AFIL 12% 2027,      9990.00,      9987.81,      9994.00,      9987.81,      9994.00,                    29975.81,3,N, ,2,     10152.00,      8602.00
N,N0,12AFIL28,AFIL 12% 2028,      9954.00,      9836.90,      9954.00,      9836.90,      9887.40,                    89004.46,9,N, ,7,     10289.00,      9202.00
N,N0,12VCCL29C,VCCL 12% 2029 SR I,    100000.00,     99001.00,     99001.00,     98999.00,     98999.00,                   198000.00,2,N, ,2,    100000.00,     96000.00
N,N0,879SCL30,SCL 8.7923% 2030 SR I,     98200.00,     98600.00,     98600.00,     98600.00,     98600.00,                   197200.00,2,N, ,1,    102000.00,     98000.00
N,N0,87HMDA32,HMDA 8.7% 2032 STRPP C,    104199.32,    103574.38,    103574.38,    103574.38,    103574.38,                   207148.76,2,N, ,1,    104199.32,    102066.00
N,N0,915APSBC33,APSBC 9.15% 2033 STRPP H,    103547.11,    107095.00,    107095.00,    107095.00,    107095.00,                   214190.00,2,N, ,1,    107095.00,    100661.01
N,N0,920HFL30,HFL 9.20% 2030 SR 67,    104849.00,    105024.00,    105310.00,    105024.00,    105310.00,                  3676126.00,35,N, ,2,    105310.00,    104325.00
N,N0,920ISF28,ISF 9.20% 2028,      9669.02,      9669.00,      9821.77,      9612.00,      9761.00,                   507014.53,52,N, ,12,      9865.00,      9100.00
N,N0,925ISF28,ISF 9.25% 2028,      9750.00,      9750.00,      9750.00,      9750.00,      9750.00,                   107250.00,11,N, ,4,     10033.00,      7751.00
N,N0,930APMD31,APMD 9.30% 2031 STRPP E,    105050.00,    106375.00,    106375.00,    106375.00,    106375.00,                   212750.00,2,N, ,1,    106375.00,    100385.00
N,N0,930APMD35,APMD 9.30% 2035 STRPP I,    109500.00,    109500.00,    109500.00,    109500.00,    109500.00,                   219000.00,2,N, ,2,    109700.00,    100404.00
N,N0,935TSI30,TSI 9.35% 30 SR I-D,    104657.53,    104784.93,    104784.93,    104784.93,    104784.93,                  3038762.97,29,N, ,2,    106154.38,    101000.00
N,N0,950ISF27,ISF 9.50% 2027,     60999.00,     24964.88,     24964.88,     24964.88,     24964.88,                    24964.88,1,N, ,1,     89760.00,     24964.88
N,N0,965ISF28,ISF 9.65% 2028,     99000.00,     99000.00,     99000.00,     99000.00,     99000.00,                    99000.00,1,N, ,1,    101112.81,     98027.40
N,N0,965SCL25C,SEC RE NCD 9.39% SR.VIII,       420.80,       410.28,       410.28,       410.28,       410.28,                    38566.32,94,N, ,1,       659.10,       375.10
N,N0,975SCL35,SCL 9.75% 2035 SR II,    101000.00,    101000.00,    101000.00,    101000.00,    101000.00,                   202000.00,2,N, ,2,    108000.00,     90500.00
N,N0,9PCPL28A,PCPL 9% 2028,      9700.00,      9500.00,      9650.00,      9351.00,      9650.00,                   208223.00,22,N, ,9,     10000.00,      9310.00
N,N1,1025SCL35A,SCL 10.25% SR XII,      1008.00,      1000.00,      1000.00,      1000.00,      1000.00,                   673000.00,673,N, ,3,      1180.00,       800.00
N,N1,1025UCL26A,SEC RE NCD 10.25% SR II,      1015.00,      1000.01,      1000.02,      1000.01,      1000.01,                    16000.20,16,N, ,2,      1090.70,       950.00
N,N1,735PFCL35,7.35% TAX FREE NCD,      1169.89,      1145.00,      1145.00,      1145.00,      1145.00,                   114500.00,100,N, ,1,      1206.01,      1145.00
N,N1,79NHIT35,SEC RE NCD 7.90% STRPP A,       311.87,       309.75,       312.00,       309.75,       312.00,                   649107.25,2081,N, ,12,       329.00,       300.00
N,N1,888ECL28,ECL 8.88% 2028 SR V,       999.99,       982.00,       982.00,       982.00,       982.00,                     1964.00,2,N, ,1,      1028.00,       785.00
N,N1,89IHFL29,SEC RE NCD 8.90% SR VI,       988.00,       986.51,       986.51,       986.51,       986.51,                   123313.75,125,N, ,2,       998.50,       822.80
N,N1,8SMC29,SMC 8% 2029 STRPP A,       501.00,       500.00,       501.00,       500.00,       500.02,                    19001.00,38,N, ,11,       520.00,       495.00
N,N1,905PFL26,PFL 9.05% SR II 2026,      1080.00,      1083.00,      1083.00,      1080.00,      1080.00,                    37860.05,35,N, ,4,      1139.00,       990.00
N,N1,925IHFL29,SEC RE NCD 9.25% SR VII,      1044.00,      1044.00,      1044.00,      1044.00,      1044.00,                   522000.00,500,N, ,1,      1044.80,       850.20
N,N1,948SCL27D,SEC RE NCD 9.48% SR V,      1000.00,      1017.99,      1017.99,      1017.99,      1017.99,                     5089.95,5,N, ,1,      1080.60,       930.20
N,N1,971SCL30,SCL 9.71% SR VIII,      1020.13,      1021.05,      1021.05,      1021.05,      1021.05,                   222588.90,218,N, ,3,      1029.84,       901.20
N,N1,990SCL28,SCL 9.90% SR IV,      1055.06,      1016.80,      1016.90,      1016.80,      1016.81,                    11184.90,11,N, ,3,      1070.00,       975.20
N,N1,IHFL261224,SEC RE NCD SR II,      1154.80,      1143.20,      1154.80,      1143.20,      1154.80,                   238811.60,207,N, ,4,      1154.80,      1026.45
N,N1,IMC1,SEC RE NCGB 8.25% STRPP B,       252.99,       252.99,       252.99,       252.99,       252.99,                     1264.95,5,N, ,1,       287.50,       242.00
N,N2,764NABAR31,7.64% TAX FREE TRI SRIIB,      1124.69,      1122.99,      1123.00,      1120.00,      1120.00,                   852936.66,760,N, ,22,      1165.00,      1072.50
N,N2,79NHIT40,SEC RE NCD 7.90% STRPP B,       311.00,       313.90,       313.90,       310.15,       312.97,                    24538.95,79,N, ,4,       372.00,       303.02
N,N2,810IRFC27,BOND 8.10% PA TAX FREE S2,      1005.98,      1006.50,      1006.50,      1004.10,      1004.98,                  1800850.74,1793,N, ,23,      1090.00,      1002.00
N,N2,82HUDCO27,8.20 NCD05MAR27 FV 1000,      1055.00,      1056.00,      1056.00,      1055.25,      1056.00,                   532074.00,504,N, ,3,      1129.00,      1019.00
N,N2,830NHAI27,BOND 8.30% PA TAX FREE S2,      1007.83,      1009.90,      1010.00,      1008.11,      1008.11,                   909680.21,901,N, ,8,      1095.00,       980.57
N,N2,920PFL28,PFL 9.20% SR III 2028,      1077.00,      1077.77,      1085.00,      1077.77,      1085.00,                   140977.70,130,N, ,3,      1199.00,      1000.00
N,N2,925ECL28,ECL 9.25% 2028 SR VI,      1032.88,      1032.88,      1032.88,      1032.88,      1032.88,                    84696.16,82,N, ,2,      1060.00,       809.00
N,N2,IMC1,SEC RE NCGB 8.25% STRPP C,       250.30,       250.30,       250.30,       250.30,       250.30,                     2252.70,9,N, ,1,       279.00,       240.00
N,N3,10ISFL26,SEC RE NCD 10% SR 4,      1073.20,      1078.50,      1078.50,      1073.20,      1073.20,                    31223.50,29,N, ,2,      1085.00,       976.00
N,N3,79NHIT47,SEC RE NCD 7.90% STRPP C,       405.02,       415.36,       415.70,       415.36,       415.70,                    57343.14,138,N, ,2,       434.49,       402.07
N,N3,866NTPC33,8.66%S-R-NCD SERIES 3A,      1275.00,      1276.00,      1276.00,      1276.00,      1276.00,                   255200.00,200,N, ,1,      1400.00,      1200.00
N,N3,IMC1,SEC RE NCGB 8.25% STRPP D,       252.99,       252.99,       252.99,       252.99,       252.99,                     3794.85,15,N, ,1,       263.95,       240.01
N,N4,1003ISFL28,SEC RE NCD 10.03% SR 5,      1009.19,      1003.75,      1003.90,      1003.75,      1003.90,                   225862.50,225,N, ,20,      1050.00,       929.00
N,N4,734IRFC28,7.34 NCD 19FEB28 TR1 SR2,      1021.00,      1020.00,      1023.00,      1020.00,      1023.00,                   401139.00,393,N, ,5,      1092.11,      1018.32
N,N4,888SCL25E,SEC RE NCD 10.25% SR XII,       600.30,       620.10,       700.20,       620.10,       694.37,                    40131.00,58,N, ,4,      1130.00,       600.00
N,N4,897MOFSL29,SEC RE NCD 8.97% SR V,      1024.00,      1025.00,      1025.00,      1025.00,      1025.00,                   101475.00,99,N, ,7,      1084.10,       950.09
N,N4,965AEL27,SEC RE NCD 9.65% SR IV,      1012.00,      1012.00,      1012.00,      1011.05,      1011.70,                   620198.85,613,N, ,15,      1140.00,       997.59
N,N5,805NMC33,NMC 8.05% 2033 SR STRPP E,       129.00,       125.00,       125.00,       125.00,       125.00,                    62625.00,501,N, ,9,       129.00,       118.00
N,N5,830PFCL27,8.30% TAX FREE NCD,      1004.99,      1005.48,      1005.85,      1004.00,      1004.59,                  1576516.71,1569,N, ,35,      1093.00,      1002.01
N,N5,880IREDA29,IREDA 8.80NCDTR I SR II B,      1132.45,      1125.00,      1125.00,      1125.00,      1125.00,                    12375.00,11,N, ,1,      1189.89,      1079.81
N,N5,888NHB29,BOND 8.88%PA TF TR-I S 2B,      5635.01,      6329.00,      6329.00,      6329.00,      6329.00,                   386069.00,61,N, ,1,      6800.00,      5400.10
N,N5,935MOFSL29,SEC RE NCD 9.35% SR VI,      1050.00,      1054.90,      1054.90,      1054.90,      1054.90,                    26372.50,25,N, ,1,      1226.02,       988.00
N,N5,96IIFL28,UNSEC RE NCD 9.60% SR.II,      1000.99,      1001.00,      1001.77,      1000.00,      1000.44,                  4403878.11,4402,N, ,24,      1007.00,       810.60
N,N5,AEL120924A,SEC RE NCD SR V,      1210.00,      1210.00,      1210.00,      1210.00,      1210.00,                     2420.00,2,N, ,1,      1296.00,      1081.00
N,N5,CIFCZC28A,SEC RE NCD SR.VI,      1305.00,      1307.00,      1315.00,      1307.00,      1315.00,                  1309630.00,1002,N, ,6,      1328.50,      1040.00
N,N6,10IIFL29,UNSEC RED NCD 10.0% SR. V,      1026.00,      1026.00,      1026.00,      1026.00,      1026.00,                     6156.00,6,N, ,2,      1060.00,       975.50
N,N6,875NHAI29,8.75% TAX FREE TR I S IIB,      1119.97,      1119.97,      1120.00,      1117.10,      1117.10,                   638266.29,570,N, ,13,      1250.00,      1052.00
N,N6,891NTPC33,8.91%S-R-NCD SERIES 3B,      1286.10,      1286.10,      1295.00,      1286.10,      1295.00,                   407800.40,315,N, ,4,      1338.00,      1208.60
N,N6,892NHPC33,8.92% SEC RED BOND S3B,      1275.00,      1275.00,      1275.00,      1275.00,      1275.00,                     5100.00,4,N, ,2,      1520.00,      1181.12
N,N6,893NHB29,NHB 8.93 NCD TR II SR 2 B,      5600.36,      5625.00,      5625.00,      5625.00,      5625.00,                   225000.00,40,N, ,1,      6005.00,      5405.10
N,N6,901NHB34,BOND 9.01%PA TF TR-I S 3B,      6448.00,      6447.00,      6447.00,      6383.01,      6383.01,                   723839.73,113,N, ,17,      7390.00,      6030.10
N,N6,93MOFSL34,SEC RE NCD 9.30% SR VII,      1057.00,      1055.10,      1056.00,      1055.10,      1056.00,                   149950.20,142,N, ,2,      1169.00,       999.11
N,N6,956AEL29,SEC RE NCD 9.56% SR VI,      1025.06,      1026.10,      1038.98,      1026.01,      1026.99,                  1709618.20,1664,N, ,49,      1145.00,      1010.00
N,N7,774IREDA31,7.74% TAX FREE NCD,      1135.00,      1132.05,      1132.05,      1132.00,      1132.00,                   407528.00,360,N, ,4,      1171.00,      1078.45
N,N7,805NMC35,NMC 8.05% 2035 SR STRPP G,       118.00,       125.00,       125.00,       125.00,       125.00,                    39000.00,312,N, ,8,       128.00,       118.00
N,N8,764HUDCO31,7.64% TAX FREETRI SR2B,      1125.00,      1124.00,      1124.00,      1124.00,      1124.00,                    44960.00,40,N, ,1,      1175.00,      1083.00
N,N8,81TCHF28,SEC RED NCD 8.10% SR.IV,      1010.00,      1025.00,      1030.00,      1025.00,      1030.00,                    10275.00,10,N, ,2,      1107.50,       986.70
N,N8,865TCAPS27,SERENCD8.65%SR.IIICIII&IV,      1024.00,      1018.00,      1019.00,      1010.00,      1018.50,                   246775.00,243,N, ,30,      1150.50,       980.96
N,N9,769HUDCO31,7.69% TAX FREETRII SR2B,      1141.50,      1141.70,      1141.70,      1139.05,      1140.27,                   108352.45,95,N, ,8,      1173.00,      1076.40
N,N9,820IIFL27,SEC RE NCD 8.20% SR.III,       998.19,       998.20,       998.20,       996.20,       997.50,                   443443.00,445,N, ,4,      1000.00,       972.90
N,N9,871REC28,BOND 8.71% TAX FREE S2B,      1129.50,      1129.61,      1133.00,      1129.61,      1133.00,                   808863.75,715,N, ,21,      1179.99,      1075.00
N,NA,76NHAI31,TAX FREE7.60% SR.IIB,      1112.06,      1113.00,      1117.00,      1112.61,      1114.00,                  1982595.97,1781,N, ,23,      1159.99,      1075.10
N,NA,84TCHF28,SEC RED NCD 8.40% SR.V,      1069.69,      1069.75,      1070.70,      1069.00,      1070.70,                   321106.50,300,N, ,3,      1099.00,      1000.10
N,NA,865IRFC29,BOND 8.65% PA TF TI-SIIB,      1106.67,      1106.67,      1111.68,      1106.67,      1110.98,                   556697.28,501,N, ,10,      1182.00,      1060.00
N,NA,910TCAP28,UNSERENCD9.1%SRIIICIII&IV,      1035.00,      1040.00,      1040.00,      1034.00,      1034.00,                   111700.70,108,N, ,9,      1144.00,      1025.00
N,NC,1065NFL27,SEC RE NCD 10.65% SR.IV,      1005.00,      1005.00,      1005.00,      1002.51,      1002.51,                    20075.10,20,N, ,2,      1200.00,       851.00
N,NC,915AEL28,AEL 9.15% 2028 SR IV,      1030.00,      1025.00,      1025.00,      1025.00,      1025.00,                    16400.00,16,N, ,2,      1098.99,      1003.91
N,ND,1050IIFL29,SEC RE NCD 10.50% SR VI,      1025.00,      1025.00,      1025.00,      1025.00,      1025.00,                    24600.00,24,N, ,1,      1104.00,       953.00
N,ND,10UCL26,UCL 10.00% SR I,      1002.76,      1001.01,      1001.01,      1001.01,      1001.01,                     5005.05,5,N, ,1,      1025.00,       962.32
N,ND,762NTPC35F,TFB 7.62% 2035 SR. 3B,      1184.00,      1184.00,      1184.00,      1155.10,      1155.10,                   219031.10,186,N, ,6,      1248.90,      1136.04
N,ND,875IHFL29,SEC RE NCD 8.75% SR.VII,      1030.82,      1031.50,      1031.50,      1031.50,      1031.50,                    51575.00,50,N, ,2,      1048.00,       934.00
N,ND,876HUDCO28,8.76% TAX FREETRI SR2B,      1063.62,      1063.62,      1069.50,      1061.50,      1064.90,                  4224988.62,3967,N, ,40,      1170.50,      1049.40
N,ND,970CAGL28,SEC RE NCD 9.70% SR VII,      1023.90,      1021.90,      1021.90,      1015.02,      1015.02,                   133075.10,131,N, ,10,      1120.00,       983.00
N,ND,AEL170725,AEL 0% 2028 SR V,      1108.50,      1095.00,      1100.00,      1095.00,      1100.00,                    82375.00,75,N, ,2,      1137.00,      1000.00
N,NE,10IIFL28A,UNSE RE NCD 10% SR.I,      1050.00,      1047.00,      1055.00,      1047.00,      1055.00,                   425365.00,404,N, ,12,      1120.80,       950.00
N,NE,769NHAI31,TAX FREE 7.69% SR. IIB,      1077.78,      1080.00,      1080.00,      1076.32,      1080.00,                   723951.02,672,N, ,19,      1168.90,      1075.26
N,NE,888IRFC29,BOND 8.88% PA TF TII-SIIB,      1123.50,      1125.00,      1128.00,      1123.50,      1128.00,                   770852.50,686,N, ,9,      1249.90,      1084.61
N,NE,901HUDCO34,9.01% TAX FREETRII SR3B,      1290.00,      1290.00,      1290.00,      1282.25,      1286.92,                  1434206.59,1116,N, ,44,      1345.00,      1217.10
N,NE,9AEL30,AEL 9% 2030 SR VI,      1025.10,      1016.50,      1024.99,      1016.00,      1024.40,                  1150396.55,1131,N, ,21,      1110.00,       996.00
N,NF,888REC29,BOND8.88% PA TF TR II S2B,      1156.49,      1145.52,      1146.52,      1145.52,      1145.52,                  1117198.50,975,N, ,5,      1210.00,      1083.00
N,NF,905LTF27,SERENCD 9.05% SR.VI OPII,      1050.00,      1053.90,      1054.00,      1050.00,      1050.00,                   215957.60,205,N, ,22,      1120.00,      1000.00
N,NF,96IIFL28A,UNSE RE NCD 9.6% SR.II,      1000.23,      1000.50,      1002.50,      1000.40,      1001.77,                  1052853.60,1051,N, ,16,      1010.00,       960.00
N,NF,CIFCZC26,SEC RE NCD SR 4,      1249.00,      1235.00,      1235.00,      1235.00,      1235.00,                    38285.00,31,N, ,1,      1249.00,      1141.72
N,NH,1050UCL28,UCL 10.50% SR V,      1025.00,      1011.00,      1011.00,      1007.00,      1007.00,                    72577.60,72,N, ,5,      1045.00,       980.01
N,NH,769IGT28,SEC RE NCD 7.69% SR.IV,      1000.00,      1005.00,      1005.00,      1005.00,      1005.00,                    93465.00,93,N, ,4,      1015.55,       891.00
N,NH,860AEL28,AEL 8.60% 2028 SR I,      1057.80,      1050.00,      1050.00,      1050.00,      1050.00,                    29400.00,28,N, ,3,      1080.00,       897.97
N,NH,87LTF27,SERENCD 8.70% SR.VII OPII,      1105.00,      1099.99,      1099.99,      1099.00,      1099.00,                   108898.02,99,N, ,2,      1115.00,       999.37
N,NI,AEL12126,AEL 0% 2028 SR II,      1067.98,      1035.20,      1035.20,      1035.20,      1035.20,                     6211.20,6,N, ,1,      1070.70,       940.00
N,NJ,753IRFC30,TAX FREE  7.53% SR. 103 A,      1071.88,      1071.75,      1071.75,      1063.55,      1071.00,                   431579.11,404,N, ,12,      1147.00,      1062.00
N,NJ,82IGT31,SEC RE NCD 8.20% SR.V,      1039.00,      1035.50,      1038.00,      1035.40,      1038.00,                  1261946.20,1216,N, ,8,      1156.05,       900.00
N,NJ,848AEL29,AEL 8.48% 2029 SR III,      1002.00,      1021.50,      1058.00,      1002.00,      1002.00,                    21468.50,21,N, ,3,      1100.00,       984.85
N,NJ,943ECL28,SEC RED NCD 9.43% SR. VI,      1002.00,      1002.01,      1002.20,      1002.00,      1002.20,                    21042.21,21,N, ,3,      1189.00,       896.00
N,NK,750IRFC35,TAX FREE7.50% SR.104 A,      1153.00,      1155.00,      1156.00,      1155.00,      1156.00,                   115575.00,100,N, ,3,      1235.00,      1132.10
N,NK,875AEL29,AEL 8.75% 2029 SR IV,      1065.80,      1060.00,      1067.00,      1040.00,      1056.81,                    26528.95,25,N, ,8,      1121.20,       994.00
N,NK,985ECL28,SEC RED NCD 9.85% SR. VII,      1012.49,      1007.00,      1013.99,      1007.00,      1013.99,                   323259.99,321,N, ,4,      1235.00,       878.00
N,NL,797IGT31,SEC RE NCD 7.97% SR.VI,      1000.00,      1001.11,      1001.11,      1001.11,      1001.11,                   119132.09,119,N, ,1,      1115.00,       986.15
N,NM,735IRFC31,TAX FREE  7.35% SR. 108,      1110.00,      1105.00,      1105.00,      1105.00,      1105.00,                    15470.00,14,N, ,1,      1152.00,      1105.00
N,NN,865LTF26,SERENCD 8.65% SR.VI OP12,      1066.00,      1066.00,      1066.00,      1066.00,      1066.00,                   506350.00,475,N, ,9,      1100.00,      1005.00
N,NN,890AEL31,AEL 8.90% 2031 SR VII,      1061.25,      1061.01,      1067.00,      1060.00,      1067.00,                   736380.39,694,N, ,10,      1108.02,       994.00
N,NO,764IRFC31,TAX FREE  7.64% SR. 108A,      1078.00,      1078.20,      1080.10,      1073.25,      1075.98,                  1518434.13,1413,N, ,27,      1154.99,      1071.25
N,NO,AEL1212026,AEL 0% 2031 SR VIII,      1035.80,      1035.80,      1035.80,      1035.80,      1035.80,                   126367.60,122,N, ,6,      1089.00,       843.15
N,NR,1015ECL29,SEC RED NCD 10.15% SR. VI,      1018.21,      1025.00,      1025.00,      1019.00,      1019.29,                   551079.75,539,N, ,9,      1114.12,      1000.00
N,NS,865IIFL28,SEC RE NCD 8.65% SR.V,       992.50,       992.50,       994.00,       992.50,       993.00,                    77479.00,78,N, ,8,      1003.98,       890.00
N,NT,971SCL28A,SEC RE NCD 9.71% SR VIII,       508.50,       530.40,       530.40,       530.40,       530.40,                     1591.20,3,N, ,1,       885.00,       508.50
N,NT,9IIFL28A,SEC RE NCD 9% SR.VI,      1059.98,      1053.00,      1053.00,      1053.00,      1053.00,                   579150.00,550,N, ,1,      1095.00,       943.10
N,NV,1003SCL30A,SEC RE NCD 10.03% SR X,       720.31,       779.99,       780.00,       779.99,       780.00,                    19499.89,25,N, ,2,      1026.00,       651.00
N,NX,1003SFIL28,SEC RE NCD 10.50% SR.VII,       433.46,       377.15,       410.00,       377.15,       410.00,                    33060.30,84,N, ,2,       822.00,       372.00
N,NY,IIFL21425,IIFL TR I SR IV,      1125.00,      1125.00,      1125.00,      1125.00,      1125.00,                    11250.00,10,N, ,1,      1125.00,       999.00
N,NZ,865IFL28,SEC RE NCD 8.65% SR.V,       993.00,       987.11,       987.11,       987.11,       987.11,                    14806.65,15,N, ,1,      1000.00,       961.00
N,NZ,965SCL25F,SEC RE NCD 10.25% SR XII,       800.10,       800.10,       885.00,       800.10,       885.00,                     8886.00,11,N, ,2,      1150.00,       750.40
N,SG,714CG32,SDL CG 7.14% 2032,        97.42,        95.85,        95.85,        95.85,        95.85,                     9585.00,100,N, ,1,        97.42,        95.85
N,SG,742MH34,SDL MH 7.42% 2034,        91.00,        91.00,        91.00,        91.00,        91.00,                     9100.00,100,N, ,1,        95.01,        91.00
N,SG,766GJ30A,SDL GJ 7.66% 2030,       100.87,       100.50,       100.50,       100.50,       100.50,                    10050.00,100,N, ,1,       101.95,        99.00
N,SG,774TS46,SDL TS 7.74% 2046,       100.00,        95.16,        95.16,        95.16,        95.16,                     9516.00,100,N, ,1,        95.16,        95.16
N,SG,777HP49,SDL HP 7.77% 2049,        98.00,        99.00,        99.00,        98.60,        98.60,                    19760.00,200,N, ,2,        99.97,        92.00
N,SG,77RJ32,SDL RJ 7.7% 2032,       102.00,       100.00,       100.00,       100.00,       100.00,                    10000.00,100,N, ,1,       102.00,       100.00
N,SG,783KL49,SDL KL 7.83% 2049,        99.93,       100.00,       100.00,       100.00,       100.00,                    10000.00,100,N, ,1,       100.00,        95.00
N,TB,182D070127,GOI TBILL 182D-07/01/27,        97.80,        98.45,        98.45,        98.45,        98.45,                    19690.00,200,N, ,1,        98.50,        95.06
N,TB,182D110327,GOI TBILL 182D-11/03/27,        96.89,        97.41,        97.41,        97.41,        97.41,                    19482.00,200,N, ,1,        97.41,        96.54
N,TB,182D121126,GOI TBILL 182D-12/11/26,        98.30,        99.46,        99.46,        99.46,        99.46,                   109406.00,1100,N, ,1,        99.46,        98.30
N,TB,182D140127,GOI TBILL 182D-14/01/27,        97.61,        98.34,        98.34,        98.34,        98.34,                     9834.00,100,N, ,1,        98.34,        97.22
N,TB,182D260227,GOI TBILL 182D-26/02/27,        97.15,        97.62,        97.62,        97.62,        97.62,                    48810.00,500,N, ,1,        97.62,        96.50
N,TB,182D280127,GOI TBILL 182D-28/01/27,        97.36,        98.27,        98.27,        98.27,        98.27,                   491350.00,5000,N, ,1,        98.27,        97.00
N,TB,364D110227,GOI TBILL 364D-11/02/27,        96.90,        97.11,        97.80,        97.11,        97.80,                    29241.00,300,N, ,3,        99.25,        94.32
N,TB,364D290727,GOI TBILL 364D-29/07/27,        94.37,        94.80,        94.80,        94.80,        94.80,                    37920.00,400,N, ,1,        94.99,        94.05
N,TB,91D031226,GOI TBILL 91D-03/12/26,        98.86,        99.50,        99.50,        98.87,        98.87,                    29724.00,300,N, ,3,        99.50,        98.04
N,TB,91D121126,GOI TBILL 91D-12/11/26,        99.50,        99.42,        99.42,        99.42,        99.42,                    69594.00,700,N, ,2,        99.60,        98.10
N,TB,91D311226,GOI TBILL 91D-31/12/26,        98.65,        98.35,        98.35,        98.00,        98.16,                   176615.00,1800,N, ,4,        98.35,        98.00
N,Y0,975IIFL28,IIFL 9.75% TR I SR VI,      1040.80,      1040.80,      1040.80,      1040.80,      1040.80,                   125936.80,121,N, ,3,      1101.12,      1000.00
N,Y0,9IIFL28,SEC RE NCD 9% SR.VI,      1002.50,      1002.62,      1004.46,      1002.50,      1004.46,                  1103017.00,1100,N, ,5,      1161.00,       956.00
N,Y4,837IIFL28,IIFL 8.37% TR I SR I,       985.00,       990.00,       990.00,       981.50,       981.50,                   352015.00,356,N, ,6,      1050.00,       953.00
N,Y5,852IIFL29,IIFL 8.52% TR I SR II,       980.00,       980.00,       980.00,       980.00,       980.00,                     9800.00,10,N, ,1,      1016.00,       952.00
N,Y7,870IIFL28,IIFL 8.70% TR I SR IV,      1021.20,      1034.00,      1034.00,      1021.20,      1021.20,                    51136.80,50,N, ,2,      1041.03,       881.02
N,Y9,9IIFL31,IIFL 9.00% TR I SR VI,      1010.10,      1005.20,      1020.00,      1005.20,      1020.00,                    91504.00,90,N, ,3,      1078.00,       931.59
N,YB,IIFL60326,IIFL TR I SR VIII,      1015.00,      1020.00,      1020.00,      1020.00,      1020.00,                   831300.00,815,N, ,3,      1038.00,       900.00
N,YC,889SCFL27,SEC RE NCD 8.89% SR.VIII,       999.00,      1000.00,      1000.00,      1000.00,      1000.00,                    15000.00,15,N, ,1,      1001.20,       930.40
N,YC,IIFL06326,IIFL TR I SR IX,      1002.00,      1010.00,      1010.00,      1010.00,      1010.00,                     2020.00,2,N, ,1,      1151.11,       945.00
N,YI,903SFL28,SEC RED NCD 9.03% SR. II,      1026.00,      1025.00,      1025.00,      1010.10,      1014.45,                    93877.16,92,N, ,10,      1078.00,      1010.10
N,YV,948SCL27,SEC RE NCD 9.48% SR V,       998.58,       998.00,       998.00,       998.00,       998.00,                     3992.00,4,N, ,1,       999.50,       910.00
N,Z8,1025SCL34,SEC RE NCD 10.25% SR XII,      1014.01,      1035.00,      1035.00,      1035.00,      1035.00,                    31050.00,30,N, ,1,      1050.00,       963.01
 , , , , , , , , , , , , , , , 
 , , ,LIMITED PHYSICAL MARKET, , , , , , , , , , , , 
 , , , , , , , , , , , , , , , 
 , , ,EXCHANGE TRADED FUND, , , , , , , , , , , , 
N,EQ,ABGSEC,BIRLASLAMC - ABGSEC,       112.93,       113.01,       113.56,       112.99,       112.99,                     1700.96,15,N, ,7,       118.00,       109.50
N,EQ,ABSL10BANK,BIRLASLAMC - ABSL10BANK,       163.10,       163.61,       163.61,       163.61,       163.61,                      163.61,1,N, ,1,       214.42,       150.00
N,EQ,ABSLBANETF,BIRLASLAMC - ABSLBANETF,        56.46,        56.15,        56.80,        56.15,        56.50,                 15538207.22,274613,N, ,1160,        64.94,        50.97
N,EQ,ABSLLIQUID,BIRLASLAMC - ABSLLIQUID,       999.99,       999.99,      1000.01,       999.99,       999.99,                  7795999.60,7796,N, ,25,      1044.99,       975.00
N,EQ,ABSLMSCIN,BIRLASLAMC - ABSLMSCIN,        27.82,        27.71,        28.00,        27.71,        27.89,                    72457.00,2595,N, ,24,        35.34,        26.34
N,EQ,ABSLNN50ET,BIRLASLAMC - ABSLNN50ET,        75.28,        75.17,        75.17,        73.10,        73.35,                  2257155.22,30721,N, ,352,        80.33,        63.02
N,EQ,ABSLPSE,BIRLASLAMC-ABSLPSE,         9.75,         9.97,         9.97,         9.63,         9.65,                   527653.89,54550,N, ,465,        11.60,         9.21
N,EQ,ALPHA,KOTAKMAMC - KOTAKALPHA,        52.70,        52.78,        53.00,        52.25,        52.84,                 73220135.21,1387540,N, ,11774,        55.59,        42.00
N,EQ,ALPHAETF,MIRAEAMC - ALPHAETF,        25.61,        25.37,        25.61,        25.37,        25.49,                  5654514.68,221770,N, ,804,        27.61,        21.80
N,EQ,ALPL30IETF,ICICIPRAMC - ICICIALPLV,        25.98,        25.97,        25.99,        25.71,        25.78,                  3148891.32,122033,N, ,970,        29.17,        24.35
N,EQ,AONELIQUID,AONEAMC - AONELIQUID,      1079.86,      1080.02,      1080.03,      1080.00,      1080.02,                 15606315.89,14450,N, ,164,      1094.59,       997.56
N,EQ,AONENIFTY,AONEAMC - AONENIFTY,         9.39,         9.62,         9.62,         9.32,         9.34,                  1160750.48,124121,N, ,1014,        12.00,         9.00
N,EQ,AONETMMQ50,AONEAMC - AONETMMQ50,        10.01,        10.06,        10.06,         9.91,        10.00,                  3675025.65,367797,N, ,255,        10.87,         8.00
N,EQ,AONETOTAL,AONEAMC - AONETOTAL,        11.37,        11.48,        11.48,        11.27,        11.30,                  1087645.38,95992,N, ,935,        12.51,         9.60
N,EQ,AUTOBEES,NIPPONAMC - NETFAUTO,       264.61,       264.62,       265.27,       259.82,       260.91,                 57822116.58,221367,N, ,4448,       310.45,       242.50
N,EQ,AUTOIETF,ICICIPRAMC - ICICIAUTO,        26.47,        27.13,        27.13,        26.04,        26.14,                 15765609.57,602318,N, ,3173,        31.46,        24.20
N,EQ,BANK10ADD,DSPAMC - BANK10ADD,        16.32,        16.28,        16.42,        16.25,        16.35,                 23393769.79,1435058,N, ,274,        18.99,        12.08
N,EQ,BANK10BETF,BFAM - BANK10BETF,        20.32,        20.32,        21.10,        19.53,        20.15,                 41588075.47,2073496,N, ,956,        24.90,        19.36
N,EQ,BANKADD,DSPAMC - DSPBANK,        56.35,        56.21,        56.78,        56.09,        56.50,                  1025551.81,18139,N, ,129,        62.90,        51.01
N,EQ,BANKBEES,NIP IND ETF BANK BEES,       569.45,       578.00,       578.00,       566.00,       570.22,                467256005.99,819134,N, ,8042,       638.99,       515.98
N,EQ,BANKBETA,UTIAMC-BANKBETA,        56.88,        57.45,        57.45,        56.49,        57.03,                 18593410.07,325999,N, ,1519,        73.70,        51.30
N,EQ,BANKBETF,BFAM - BANKBETF,        55.96,        57.35,        57.35,        55.58,        56.09,                 35108810.59,622872,N, ,417,        63.90,        50.71
N,EQ,BANKETF,MIRAEAMC - BANKETF,       561.20,       559.58,       563.99,       557.55,       561.26,                 31658935.79,56453,N, ,1193,       628.27,       507.01
N,EQ,BANKIETF,ICICIPRAMC - IPRU5008,        56.48,        56.45,        56.93,        56.15,        56.59,                 29656790.81,523630,N, ,2188,        63.90,        51.17
N,EQ,BANKNIFTY1,KOTAKMAMC-KOTAKBKETF,        57.05,        58.47,        58.47,        56.74,        57.10,                102215242.70,1792830,N, ,1386,       652.87,        51.71
N,EQ,BANKPSU,MIRAEAMC - BANKPSU,        80.60,        78.58,        81.74,        78.58,        81.60,                  1989836.82,24524,N, ,77,        99.52,        75.22
N,EQ,BBETF0432,EDELAMC - BBETF0432,      1336.14,      1362.86,      1362.86,      1334.02,      1337.00,                  1010258.84,756,N, ,34,      1378.00,      1291.01
N,EQ,BBNPNBETF,BARODABNP - BBNPNBETF,        55.68,        55.45,        56.00,        55.21,        55.46,                   299319.01,5391,N, ,17,        62.77,        50.03
N,EQ,BFSI,MIRAEAMC - MAFSETF,        25.90,        26.54,        26.54,        25.77,        25.99,                  3868036.50,149135,N, ,560,        29.94,        24.03
N,EQ,BNKETFAXIS,AXISAMC-BNKETFAXIS,       568.73,       565.89,       571.09,       564.54,       566.23,                   308405.34,544,N, ,32,       647.82,       512.51
N,EQ,BSE500IETF,ICICIPRAMC - ICICI500,        37.62,        37.63,        37.91,        37.28,        37.40,                  4959648.44,132445,N, ,1398,        42.05,        34.50
N,EQ,BSLNIFTY,ADITYBIRLA SL NIF ETF-GR,        26.69,        26.98,        26.98,        26.46,        26.50,                  9643174.12,363149,N, ,4119,        33.00,        25.70
N,EQ,BSLSENETFG,BIRLASLAMC - BSLSENETFG,        73.70,        73.69,        73.80,        72.96,        73.15,                   104421.91,1425,N, ,66,        87.82,        70.32
N,EQ,CASHIETF,ICICIPRAMC - CASHIETF,      1082.55,      1084.99,      1084.99,      1082.69,      1082.69,                120298510.85,111109,N, ,64,      1099.28,      1030.48
N,EQ,CEMNTGROWW,GROWWAMC - CEMNTGROWW,        13.64,        13.60,        13.62,        13.45,        13.52,                   774202.40,57250,N, ,347,        16.27,        13.37
N,EQ,CHEMICAL,KOTAKMAMC - CHEMICAL,        28.63,        28.65,        29.05,        28.30,        28.36,                  7984252.97,280795,N, ,1141,        31.80,        24.50
N,EQ,COMMOIETF,ICICIPRAMC - ICICICOMMO,        93.92,        93.68,        93.89,        92.70,        93.13,                  3959998.02,42418,N, ,874,       110.56,        90.50
N,EQ,CONS,KOTAKMAMC - KOTAKCONS,        11.40,        11.33,        11.37,        11.28,        11.29,                  1144243.62,101242,N, ,185,       131.21,        10.20
N,EQ,CONSUMAXIS,AXISAMC-CONSUMAXIS,       113.50,       113.50,       113.68,       112.82,       113.24,                   123213.67,1086,N, ,25,       131.85,       105.63
N,EQ,CONSUMBEES,NIP IND ETF CONSUMPTION,       123.30,       123.30,       123.30,       122.16,       122.49,                  4425961.98,36101,N, ,669,       144.38,       114.00
N,EQ,CONSUMER,MIRAEAMC - CONSUMER,        11.31,        11.33,        11.34,        11.24,        11.26,                   536894.06,47616,N, ,234,        12.74,         9.69
N,EQ,CONSUMIETF,ICICIPRAMC - ICICICONSU,       114.90,       113.75,       117.20,       113.62,       115.33,                   647253.60,5681,N, ,148,       141.27,        94.65
N,EQ,CPSEETF,CPSE ETF,        89.94,        91.30,        91.30,        89.00,        89.12,                 41357888.68,462683,N, ,6933,       112.00,        86.06
N,EQ,DEFENCE,MIRAEAMC - DEFENCE,        78.10,        77.96,        77.96,        76.80,        76.96,                 14869294.86,192836,N, ,888,        85.60,        58.91
N,EQ,DIVIDEND,MIRAEAMC - DIVIDEND,        33.74,        32.89,        33.77,        32.89,        33.54,                    97256.13,2894,N, ,66,        38.03,        32.89
N,EQ,DIVOPPBEES,NIP IND ETF DIV OPP,        72.21,        72.21,        72.82,        71.45,        71.69,                  4721604.04,65803,N, ,826,        87.09,        71.03
N,EQ,EBANK10,EDELAMC - EBANK10,        16.30,        15.89,        16.32,        15.89,        16.32,                    35854.96,2218,N, ,17,        17.90,        15.63
N,EQ,EBANKNIFTY,EDELAMC - EBANKNIFTY,        55.70,        55.46,        55.85,        55.40,        55.41,                   298576.00,5366,N, ,15,        69.39,        50.05
N,EQ,EBBETF0430,EDELAMC - EBBETF0430,      1607.48,      1612.80,      1612.80,      1602.70,      1605.78,                 32537241.44,20267,N, ,350,      1646.18,      1510.35
N,EQ,EBBETF0431,EDELAMC - EBBETF0431,      1427.32,      1432.66,      1432.66,      1422.93,      1423.34,                 26146418.74,18357,N, ,302,      1469.00,      1372.83
N,EQ,EBBETF0433,EDELAMC - EBBETF0433,      1301.26,      1301.26,      1303.86,      1295.21,      1298.74,                  2560114.94,1970,N, ,116,      1350.32,      1243.25
N,EQ,ECAPINSURE,EDELAMC - ECAPINSURE,        23.35,        23.10,        23.32,        22.92,        23.28,                   552610.94,23880,N, ,260,        25.88,        20.50
N,EQ,ELIQUID,EDELAMC - ELIQUID,      1050.67,      1050.82,      1050.84,      1050.82,      1050.83,                 57144335.90,54380,N, ,13,      1051.22,       996.00
N,EQ,ELM250,EDELAMC - ELM250,        15.80,        15.87,        15.87,        15.55,        15.58,                  2831414.40,180389,N, ,258,        18.50,        14.43
N,EQ,ELMDIV,EDELAMC - ELMDIV,        34.49,        34.54,        34.57,        34.29,        34.51,                    13640.20,396,N, ,8,        38.67,        33.63
N,EQ,EMETAL,EDELAMC - EMETAL,        12.57,        12.57,        12.60,        12.32,        12.42,                   148959.63,11991,N, ,63,        15.21,        12.31
N,EQ,EMULTIMQ,EDELAMC - EMULTIMQ,        40.56,        40.56,        40.96,        40.25,        40.72,                  1884884.47,46411,N, ,119,        43.54,        36.25
N,EQ,ENERGY,MIRAEAMC - ENERGY,        37.21,        36.27,        37.95,        36.27,        36.98,                  4959777.73,133804,N, ,988,        42.82,        29.00
N,EQ,ENERGYAXIS,AXISAMC - ENERGYAXIS,        18.42,        18.51,        18.51,        18.35,        18.40,                   268978.39,14607,N, ,53,        19.99,        18.02
N,EQ,ENEXT50,EDELAMC - ENEXT50,        69.92,        70.26,        70.26,        69.15,        69.61,                    77984.43,1127,N, ,6,        76.00,        67.64
N,EQ,ENIFTY,EDELAMC - ENIFTY,        23.02,        23.59,        23.59,        22.76,        22.85,                    74947.61,3274,N, ,53,        27.99,        22.18
N,EQ,EQUAL200,MIRAEAMC - EQUAL200,        13.13,        13.11,        13.12,        13.00,        13.03,                   376110.47,28794,N, ,80,        14.60,        11.75
N,EQ,EQUAL50,MIRAEAMC - EQUAL50,       312.60,       311.25,       312.02,       309.50,       310.32,                  6313938.69,20284,N, ,61,       342.88,       295.16
N,EQ,EQUAL50ADD,DSPAMC - DSPNEWETF,       323.46,       323.49,       328.00,       320.07,       321.69,                  8645043.40,26775,N, ,437,       361.00,       304.78
N,EQ,ESENSEX,EDELAMC - ESENSEX,        73.64,        73.57,        73.73,        73.00,        73.17,                     6450.72,88,N, ,23,        88.05,        71.87
N,EQ,ESG,MIRAEAMC - MAESGETF,        38.88,        39.85,        39.85,        38.61,        38.73,                   350692.30,9054,N, ,67,        45.06,        37.52
N,EQ,EVIETF,ICICIPRAMC - EVIETF,        30.28,        30.89,        30.89,        29.94,        30.06,                  4024680.53,133851,N, ,636,        36.00,        26.28
N,EQ,EVINDIA,MIRAEAMC - EVINDIA,        30.28,        31.30,        31.30,        29.92,        30.07,                  3080951.80,102330,N, ,1531,        35.04,        26.20
N,EQ,FINIETF,ICICIPRAMC-ICICIFIN,        30.43,        30.32,        31.00,        30.15,        30.68,                  6563818.50,216077,N, ,978,        34.56,        27.40
N,EQ,FLEXIADD,DSPAMC - FLEXIADD,         9.50,         9.50,         9.55,         9.42,         9.46,                   597859.18,63186,N, ,378,        11.90,         8.73
N,EQ,FMCGADD,DSPAMC - FMCGADD,        45.27,        45.27,        46.18,        44.92,        45.00,                   375974.31,8349,N, ,122,        51.09,        43.75
N,EQ,FMCGIETF,ICICIPRAMC - ICICIFMCG,        48.39,        48.39,        49.50,        47.80,        48.01,                 33562916.09,697135,N, ,3429,        61.19,        46.62
N,EQ,GILT10BETA,UTIAMC-GILT10BETA,        26.45,        26.50,        26.50,        25.98,        26.15,                    33352.95,1280,N, ,12,        27.60,        25.10
N,EQ,GILT5BETA,UTIAMC-GILT5BETA,        66.00,        66.29,        66.29,        65.14,        66.25,                   168515.72,2576,N, ,18,        69.00,        62.70
N,EQ,GILT5YBEES,RELCAPAMC - NETFGILT5Y,        65.54,        65.68,        65.69,        65.36,        65.54,                 16988076.78,259323,N, ,629,        69.00,        61.45
N,EQ,GROWWCAPM,GROWWAMC - GROWWCAPM,        11.15,        11.10,        11.20,        10.96,        11.09,                  4670900.57,419809,N, ,1197,        12.66,         8.02
N,EQ,GROWWCHEM,GROWWAMC - GROWWCHEM,        28.53,        28.54,        30.88,        28.24,        28.79,                   725230.10,25492,N, ,195,        31.74,        24.64
N,EQ,GROWWDEFNC,GROWWAMC - GROWWDEFNC,        93.91,        94.16,        94.16,        92.06,        92.51,                 11980038.13,129442,N, ,2007,       102.07,        71.78
N,EQ,GROWWEV,GROWWAMC - GROWWEV,        30.33,        30.48,        31.00,        29.85,        30.29,                  6071816.07,202010,N, ,1823,        34.64,        26.20
N,EQ,GROWWHOSPI,GROWWAMC - GROWWHOSPI,        46.66,        46.64,        47.13,        46.12,        46.70,                 17090669.76,368000,N, ,1607,        62.00,        43.35
N,EQ,GROWWLIQID,GROWWAMC - GROWWLIQID,       111.03,       111.06,       111.06,       111.05,       111.05,                 26988340.10,243010,N, ,171,       112.71,       105.55
N,EQ,GROWWLOVOL,GROWWAMC - GROWWLOVOL,         9.89,         9.88,         9.88,         9.71,         9.76,                   489344.33,50194,N, ,150,        11.10,         9.39
N,EQ,GROWWMC150,GROWWAMC - GROWWMC150,       220.90,       217.81,       221.17,       217.81,       220.32,                   119757.97,545,N, ,20,       245.00,       193.60
N,EQ,GROWWMETAL,GROWWAMC - GROWWMETAL,        11.97,        11.95,        12.00,        11.75,        11.77,                  3758056.22,317222,N, ,1376,        13.45,        10.03
N,EQ,GROWWMOM50,GROWWAMC - GROWWMOM50,        10.72,        10.76,        10.78,        10.67,        10.70,                   709568.57,66102,N, ,391,        11.55,         9.12
N,EQ,GROWWN200,GROWWAMC - GROWWN200,        10.76,        10.81,        10.81,        10.64,        10.71,                   197932.77,18483,N, ,211,        12.14,         9.91
N,EQ,GROWWNET,GROWWAMC - GROWWNET,        10.26,        10.27,        10.35,        10.13,        10.28,                  6262580.90,609947,N, ,612,        11.57,         7.93
N,EQ,GROWWNIFTY,GROWWAMC - GROWWNIFTY,         9.22,         9.29,         9.29,         9.09,         9.16,                  5406929.87,590124,N, ,3134,        11.88,         8.89
N,EQ,GROWWNXT50,GROWWAMC - GROWWNXT50,        70.73,        69.79,        71.25,        69.65,        70.39,                   255143.41,3638,N, ,113,        76.79,        60.01
N,EQ,GROWWPOWER,GROWWAMC - GROWWPOWER,        11.01,        11.19,        11.19,        10.85,        10.88,                 19641957.94,1801541,N, ,2114,        13.20,         7.75
N,EQ,GROWWPSE,GROWWAMC - GROWWPSE,        94.50,        95.45,        95.45,        93.20,        93.53,                   386851.13,4132,N, ,102,       109.85,        91.89
N,EQ,GROWWPSUBK,GROWWAMC - GROWWPSUBK,        80.43,        79.57,        83.39,        79.30,        81.42,                   382700.17,4756,N, ,123,        91.19,        77.57
N,EQ,GROWWRAIL,GROWWAMC - GROWWRAIL,        26.05,        26.06,        26.18,        25.85,        25.99,                  6843410.09,263211,N, ,2251,        36.75,        25.80
N,EQ,GROWWRLTY,GROWWAMC - GROWWRLTY,         9.45,         9.45,         9.60,         9.20,         9.21,                  1928093.71,207774,N, ,862,        11.30,         7.17
N,EQ,GROWWSC250,GROWWAMC - GROWWSC250,        10.38,        10.38,        10.42,        10.23,        10.36,                   712589.10,68810,N, ,448,        10.97,         8.00
N,EQ,GSEC10ABSL,BIRLASLAMC - GSEC10ABSL,       111.22,       111.78,       111.90,       110.50,       111.20,                   265547.54,2388,N, ,7,       119.99,       108.01
N,EQ,GSEC10ADD,DSPAMC - GSEC10ADD,        26.50,        26.53,        26.53,        26.53,        26.53,                      424.48,16,N, ,3,        27.85,        24.32
N,EQ,GSEC10YEAR,MIRAEAMC - MAGS813ETF,        29.79,        29.80,        32.76,        29.80,        30.38,                  1088899.96,35846,N, ,73,        32.76,        28.39
N,EQ,GSEC5IETF,ICICIPRAMC - ICICI5GSEC,        65.64,        65.96,        66.00,        65.38,        65.69,                   549465.55,8344,N, ,43,        69.14,        63.16
N,EQ,HDFCBSE500,HDFCAMC - HDFCBSE500,        35.71,        35.82,        35.82,        35.40,        35.55,                140286114.11,3939885,N, ,364,        40.00,        32.65
N,EQ,HDFCGROWTH,HDFCAMC - HDFCGROWTH,       109.72,       109.90,       109.90,       108.13,       108.34,                  3144029.82,28884,N, ,256,       133.30,       107.86
N,EQ,HDFCLIQUID,HDFCAMC - HDFCLIQUID,      1080.91,      1081.07,      1081.07,      1081.05,      1081.05,                  6223681.45,5757,N, ,39,      1083.65,      1009.91
N,EQ,HDFCLOWVOL,HDFCAMC - HDFCLOWVOL,        19.35,        19.26,        19.30,        19.19,        19.20,                   127893.12,6648,N, ,68,        22.28,        18.35
N,EQ,HDFCMID150,HDFCAMC - HDFCMID150,        22.20,        22.23,        22.27,        22.01,        22.05,                 11838069.12,534676,N, ,1412,        25.20,        19.42
N,EQ,HDFCMOMENT,HDFCAMC - HDFCMOMENT,        30.13,        30.13,        30.25,        29.87,        30.07,                  5650469.17,188299,N, ,530,        33.23,        27.13
N,EQ,HDFCNEXT50,HDFCAMC - HDFCNEXT50,        71.54,        71.48,        71.54,        70.85,        71.03,                  5228195.19,73419,N, ,627,        78.07,        59.99
N,EQ,HDFCNIF100,HDFCAMC - HDFCNIF100,        24.62,        24.65,        24.65,        24.50,        24.55,                   689464.12,28070,N, ,222,        28.57,        23.31
N,EQ,HDFCNIFBAN,HDFCAMC - HDFCNIFBAN,        56.61,        56.52,        57.00,        56.33,        56.71,                 68177678.07,1201046,N, ,1618,        65.54,        51.20
N,EQ,HDFCNIFIT,HDFCAMC - HDFCNIFIT,        29.94,        29.95,        30.07,        29.53,        29.61,                  1436798.16,48236,N, ,338,        42.30,        27.32
N,EQ,HDFCNIFTY,HDFCAMC - HDFCNIFTY,       256.42,       262.83,       262.83,       254.21,       255.04,                 36243149.22,141675,N, ,1174,       301.88,       247.56
N,EQ,HDFCNIMEG,HDFCAMC - HDFCNIMEG,       125.71,       126.97,       126.97,       123.11,       123.33,                  2782545.67,22551,N, ,93,       152.55,       122.97
N,EQ,HDFCPSUBK,HDFCAMC HDFCPSUBK,        80.82,        80.50,        82.16,        80.07,        81.58,                  2265348.72,27744,N, ,182,       101.25,        75.42
N,EQ,HDFCPVTBAN,HDFCAMC - HDFCPVTBAN,        27.57,        26.88,        27.80,        26.88,        27.75,                  1746099.66,63017,N, ,293,        30.17,        24.31
N,EQ,HDFCQUAL,HDFCAMC - HDFCQUAL,        55.45,        55.19,        56.60,        54.84,        54.96,                   611784.32,11128,N, ,110,        61.87,        51.91
N,EQ,HDFCSENSEX,HDFCAMC - HDFCSENSEX,        82.75,        82.02,        83.50,        82.02,        82.58,                  4061027.39,49142,N, ,648,        98.48,        78.44
N,EQ,HDFCSML250,HDFCAMC - HDFCSML250,       180.96,       180.11,       181.50,       179.51,       180.77,                170627583.62,944811,N, ,12948,       189.83,       142.70
N,EQ,HDFCVALUE,HDFCAMC - HDFCVALUE,       118.58,       118.39,       119.04,       118.00,       118.56,                   375953.96,3173,N, ,82,       147.05,       115.75
N,EQ,HEALTHADD,DSPAMC - HEALTHADD,        16.25,        16.25,        16.69,        16.14,        16.32,                   136475.41,8415,N, ,94,       165.86,        15.70
N,EQ,HEALTHAXIS,AXISAMC-HEALTHAXIS,       163.78,       161.80,       165.48,       161.80,       162.95,                   239008.69,1463,N, ,76,       190.00,       135.20
N,EQ,HEALTHCARE,MIRAEAMC - HEALTHCARE,        21.02,        21.44,        22.35,        20.97,        21.04,                   926928.31,44054,N, ,196,        23.80,        17.18
N,EQ,HEALTHIETF,ICICIPRAMC - ICICIPHARM,       165.45,       161.31,       166.01,       161.31,       164.41,                 13341982.10,81056,N, ,2121,       175.45,       138.65
N,EQ,HEALTHY,BIRLASLAMC - HEALTHY,        16.57,        16.76,        16.76,        16.27,        16.49,                 10389688.55,629906,N, ,940,        17.79,        13.58
N,EQ,HNGSNGBEES,NIP IND ETF HANGSENG BEES,       460.99,       466.50,       466.50,       460.00,       463.23,                 25153942.50,54259,N, ,3202,       579.92,       443.42
N,EQ,HYBRIDETF,MIRAEAMC - HYBRIDETF,         9.83,         9.86,         9.86,         9.81,         9.84,                    24618.44,2500,N, ,34,        11.99,         9.64
N,EQ,ICICIB22,ICICIPRAMC - BHARATIWIN,       110.00,       110.34,       110.80,       108.44,       108.86,                 21887083.03,201006,N, ,2869,       131.00,       107.59
N,EQ,IDFNIFTYET,BANDHANAMC - IDFNIFTYET,       251.47,       249.66,       251.65,       249.11,       250.44,                   270264.60,1077,N, ,37,       340.80,       244.13
N,EQ,INFRA,MIRAEAMC - INFRA,        11.59,        11.58,        11.58,        11.45,        11.47,                    98827.75,8575,N, ,197,        13.27,        10.14
N,EQ,INFRABEES,NIP IND ETF INFRA BEES,       909.15,       904.60,       911.06,       900.00,       905.74,                  5502200.86,6075,N, ,462,      1018.30,       871.35
N,EQ,INFRAIETF,ICICIPRAMC - ICICIINFRA,        90.52,        90.52,        90.75,        89.44,        89.87,                  4052404.68,45001,N, ,2602,       101.00,        86.80
N,EQ,INSURADD,DSPAMC - INSURADD,        14.51,        14.55,        14.66,        14.50,        14.61,                   225160.74,15407,N, ,37,        14.66,        14.50
N,EQ,INSUREIETF,ICICIPRAMC - INSUREIETF,        14.72,        14.72,        14.89,        14.51,        14.68,                 14226844.91,972530,N, ,271,        16.46,        14.36
N,EQ,INTERNET,MIRAEAMC - INTERNET,        13.78,        13.77,        13.97,        13.72,        13.86,                  4406051.29,317024,N, ,219,        15.80,        10.72
N,EQ,IT,KOTAKMAMC - KOTAKIT,        31.19,        30.41,        31.25,        30.33,        30.74,                  5740168.27,185562,N, ,952,        44.49,        28.54
N,EQ,ITADD,DSPAMC - DSPIT,        29.79,        29.76,        29.87,        29.42,        29.58,                  1078776.32,36632,N, ,77,        41.92,        27.17
N,EQ,ITAXIS,AXISAMC-ITAXIS,       307.77,       309.00,       310.52,       305.01,       306.14,                   415734.83,1354,N, ,52,       439.67,       230.70
N,EQ,ITBEES,NIP IND ETF IT,        31.17,        31.49,        31.49,        30.83,        30.90,                213332813.03,6866825,N, ,15597,        44.27,        28.55
N,EQ,ITBETA,UTIAMC-ITBETA,       295.00,       295.00,       296.25,       291.46,       291.72,                    63076.55,214,N, ,9,       409.94,       270.68
N,EQ,ITETF,MIRAEAMC - ITETF,        29.72,        30.12,        30.12,        29.41,        29.48,                  6671781.68,225664,N, ,677,        42.02,        27.22
N,EQ,ITIETF,ICICIPRAMC - ICICITECH,        31.22,        31.17,        31.31,        30.77,        30.91,                 42033608.34,1350791,N, ,1506,        44.30,        28.54
N,EQ,IVZBANKNF,RELIGARAMC - IVZBANKNF,        55.12,        54.83,        55.39,        54.57,        55.21,                    52495.46,956,N, ,17,        58.45,        53.23
N,EQ,IVZINNIFTY,INVESCO INDIA NIFTY ETF,       261.31,       267.84,       267.84,       258.91,       261.59,                   109559.51,421,N, ,39,      3150.00,       255.15
N,EQ,IVZSENSEX,RELIGARAMC - IVZSENSEX,        73.20,        75.03,        75.49,        72.50,        74.74,                    18626.26,255,N, ,16,        79.90,        71.69
N,EQ,JUNIORBEES,NIP IND ETF JUNIOR BEES,       758.79,       760.39,       762.80,       749.30,       752.00,                304851649.02,404636,N, ,14614,       823.97,       632.34
N,EQ,LARGEMID50,MIRAEAMC - LARGEMID50,        34.63,        34.36,        34.53,        34.28,        34.37,                    72671.38,2113,N, ,16,        38.00,        33.74
N,EQ,LICNETFGSC,LICNAMC - LICNMFET,        29.02,        28.29,        29.28,        28.29,        28.93,                   386016.29,13335,N, ,75,        30.53,        27.80
N,EQ,LICNETFN50,LICNAMC - LICNFENGP,       255.83,       255.23,       255.81,       252.87,       254.00,                    31126.53,122,N, ,20,       295.00,       248.17
N,EQ,LICNETFSEN,LICNAMC - LICNFESGP,       823.00,       825.21,       878.00,       801.11,       817.51,                   105648.14,128,N, ,22,       974.02,       801.11
N,EQ,LICNFNHGP,LICNAMC - LICNFNHGP,       262.40,       261.51,       264.13,       260.56,       260.56,                   267281.25,1019,N, ,9,       296.41,       248.02
N,EQ,LICNMID100,LICNAMC - LICNMID100,        59.62,        59.58,        60.50,        59.45,        59.58,                   916244.69,15216,N, ,89,        66.40,        52.30
N,EQ,LIQGRWBEES,NIPPONAMC - LIQGRWBEES,      1058.31,      1058.01,      1058.46,      1056.99,      1058.45,                 47832756.78,45192,N, ,219,      1063.44,       995.55
N,EQ,LIQUID,MIRAEAMC - LIQUID,       999.99,      1004.99,      1004.99,       999.99,       999.99,                138343758.21,138344,N, ,179,      1024.98,       974.99
N,EQ,LIQUID1,KOTAKMAMC - KOTAKLIQ,      1125.67,      1115.35,      1128.00,      1115.35,      1125.82,                757007458.83,672408,N, ,1198,      1147.32,      1067.98
N,EQ,LIQUIDADD,DSPAMC - LIQUIDADD,      1147.87,      1148.01,      1148.04,      1148.01,      1148.02,                368974015.62,321398,N, ,263,      1175.19,      1093.01
N,EQ,LIQUIDBEES,NIP IND ETF LIQUID BEES,       999.99,       999.99,      1000.01,       999.30,      1000.00,               5245860431.25,5245825,N, ,4832,      1029.99,       969.99
N,EQ,LIQUIDBETF,BFAM - LIQUIDBETF,      1101.75,      1101.90,      1101.92,      1101.90,      1101.91,                311305637.44,282515,N, ,67,      1116.24,      1009.94
N,EQ,LIQUIDCASE,ZERODHAAMC - LIQUIDCASE,       116.23,       116.25,       116.27,       116.25,       116.25,               2260261912.08,19441650,N, ,12356,       116.27,       107.56
N,EQ,LIQUIDETF,DSP LIQUID ETF,      1000.00,      1000.00,      1000.01,       999.99,      1000.00,                 93403010.44,93403,N, ,283,      1025.00,       995.00
N,EQ,LIQUIDIETF,ICICIPRAMC - ICICILIQ,       999.99,       999.96,      1000.01,       999.96,       999.99,                355023575.89,355024,N, ,237,      1041.19,       955.00
N,EQ,LIQUIDPLUS,MIRAEAMC - LIQUIDPLUS,      1106.32,      1106.46,      1106.48,      1106.46,      1106.47,                342112797.35,309194,N, ,270,      1127.08,      1053.50
N,EQ,LIQUIDSBI,SBIAMC - LIQUIDSBI,       999.99,       999.99,      1000.01,       999.99,      1000.01,                  1677010.37,1677,N, ,17,      1010.02,       970.23
N,EQ,LIQUIDSHRI,SHRIRAM - LIQUIDSHRI,      1124.42,      1124.54,      1124.56,      1124.54,      1124.55,                   673608.30,599,N, ,16,      1124.56,      1073.58
N,EQ,LOWVOL,MIRAEAMC - MANV30F,       193.43,       192.83,       192.87,       191.97,       192.52,                   175337.70,911,N, ,13,       219.10,       183.58
N,EQ,LOWVOL1,KOTAKMAMC - KOTAKLOVOL,        19.85,        19.85,        19.85,        19.54,        19.57,                  3338267.48,169816,N, ,12874,        22.90,        18.77
N,EQ,LOWVOLIETF,ICICI PR NIF LW VL 30 ETF,        20.69,        20.88,        20.88,        20.50,        20.53,                 18503725.56,900530,N, ,13718,        26.81,        19.84
N,EQ,LTGILTBEES,NIP IND ETF LONGTERM GILT,        29.54,        29.54,        29.58,        29.47,        29.51,                 28016670.50,949721,N, ,750,        30.61,        28.29
N,EQ,LTGILTCASE,ZERODHAAMC - LTGILTCASE,        30.08,        30.16,        30.16,        29.98,        30.06,                  9182230.52,305490,N, ,254,        31.31,        28.71
N,EQ,MAFANG,MIRAEAMC - MAFANG,       276.13,       280.40,       297.00,       276.13,       295.01,                526355266.27,1807873,N, ,34916,       297.00,       149.74
N,EQ,MAHKTECH,MIRAEAMC - MAHKTECH,        22.25,        22.45,        23.25,        22.20,        23.00,                 33948633.90,1477196,N, ,5851,        35.59,        21.00
N,EQ,MAKEINDIA,MIRAEAMC - MAMFGETF,       157.00,       157.00,       157.00,       154.81,       155.25,                  3615270.30,23264,N, ,527,       173.11,       140.12
N,EQ,MANUFGBEES,NIPPONAMC - MANUFGBEES,       155.23,       155.00,       156.00,       153.05,       153.85,                  1392631.14,9035,N, ,243,       171.58,       138.60
N,EQ,MASPTOP50,MIRAEAMC - MASPTOP50,       111.05,       113.82,       118.00,       111.32,       116.81,                182119162.27,1568731,N, ,16198,       148.90,        65.00
N,EQ,METAL,MIRAEAMC - METAL,        12.72,        12.99,        12.99,        12.42,        12.46,                 33765249.97,2702556,N, ,8474,        14.18,         8.70
N,EQ,METALIETF,ICICIPRAMC - METALIETF,        12.63,        12.63,        12.63,        12.38,        12.39,                107384922.45,8614564,N, ,11512,        14.17,        10.00
N,EQ,MID150,KOTAKMAMC - MID150,        22.31,        22.00,        22.77,        22.00,        22.26,                  1643001.55,73710,N, ,304,        24.95,        18.97
N,EQ,MID150BEES,NIP IND ETF MIDCAP 150,       227.52,       228.52,       229.80,       225.62,       226.35,                178529878.76,787083,N, ,10954,       247.15,       190.43
N,EQ,MID150CASE,ZERODHAAMC - MID150CASE,        11.06,        11.15,        11.15,        10.90,        11.02,                 12154083.64,1101337,N, ,3099,        13.00,         9.63
N,EQ,MIDBANKADD,DSPAMC - MIDBANKADD,        16.48,        16.33,        16.48,        16.22,        16.34,                   118648.96,7255,N, ,58,        18.22,        16.22
N,EQ,MIDCAP,KOTAKMAMC - KOTAKMID50,        17.42,        16.98,        17.62,        16.82,        17.32,                  8366878.51,481540,N, ,1268,       183.48,        15.01
N,EQ,MIDCAPADD,DSPAMC - MIDCAPADD,        22.21,        22.20,        22.20,        21.77,        21.83,                   641878.12,29293,N, ,294,        25.50,        19.27
N,EQ,MIDCAPBETA,UTIAMC-MIDCAPBETA,       222.14,       222.62,       223.50,       220.66,       223.50,                    75632.26,341,N, ,20,       240.00,       192.50
N,EQ,MIDCAPETF,MIRAEAMC - MAM150ETF,        22.42,        22.98,        23.00,        22.28,        22.34,                 45797899.89,2046221,N, ,5105,        24.57,        19.60
N,EQ,MIDCAPIETF,ICICIPRAMC - ICICIM150,        22.73,        22.72,        22.80,        22.48,        22.61,                 17484101.73,772286,N, ,2505,        24.88,        19.89
N,EQ,MIDQ50ADD,DSPAMC - DSPQ50ETF,        23.83,        23.83,        23.83,        23.62,        23.74,                   594107.62,25074,N, ,199,       256.70,        23.00
N,EQ,MIDSELIETF,ICICI PRUD MIDCAP SEL ETF,        18.67,        18.98,        18.98,        18.34,        18.47,                  2831067.81,152569,N, ,642,        20.39,        14.55
N,EQ,MIDSMALL,MIRAEAMC - MIDSMALL,        50.32,        50.45,        50.45,        49.89,        50.30,                  9792972.42,195314,N, ,1252,        53.07,        42.41
N,EQ,MNC,KOTAKMAMC - KOTAKMNC,        31.48,        32.26,        32.26,        31.02,        31.16,                  1598705.75,51266,N, ,495,        35.65,        27.83
N,EQ,MOALPHA50,MOTILALAMC - MOALPHA50,        54.34,        54.70,        55.06,        54.55,        54.91,                   757778.16,13783,N, ,81,        62.00,        42.10
N,EQ,MOBANK10,MOTILALAMC - MOBANK10,        16.43,        16.30,        16.41,        16.22,        16.25,                   106065.79,6503,N, ,69,        20.00,        15.75
N,EQ,MOCAPITAL,MOTILALAMC - MOCAPITAL,        52.89,        52.84,        53.29,        52.35,        52.91,                 37545886.53,708911,N, ,2306,        57.25,        41.70
N,EQ,MODEFENCE,MOTILALAMC - MODEFENCE,       102.41,       102.41,       102.41,       100.64,       100.93,                 85625877.25,843928,N, ,6704,       112.00,        77.80
N,EQ,MOENERGY,MOTILALAMC - MOENERGY,        37.11,        37.15,        37.17,        36.62,        36.81,                  4569057.80,123817,N, ,558,        43.00,        33.00
N,EQ,MOGSEC,MOTILALAMC - G5,        64.86,        64.95,        65.21,        60.83,        64.87,                  7410181.68,114334,N, ,76,        67.45,        60.83
N,EQ,MOHEALTH,MOTILALAMC - MOHEALTH,        50.86,        51.85,        51.85,        50.34,        50.39,                  1229157.29,24333,N, ,463,        53.89,        40.79
N,EQ,MOINFRA,MOTILALAMC - MOINFRA,        56.67,        56.77,        57.00,        55.92,        56.18,                   100297.86,1784,N, ,54,        66.00,        54.60
N,EQ,MOIPO,MOTILALAMC - MOIPO,        46.74,        46.53,        46.94,        46.14,        46.71,                  2006995.99,43101,N, ,45,        53.00,        36.50
N,EQ,MOLOWVOL,MOTILALAMC - MOLOWVOL,        34.25,        34.25,        34.29,        33.99,        34.17,                  6810264.14,200296,N, ,44,        43.07,        33.05
N,EQ,MOM100,MOTILAL OS MIDCAP100 ETF,        64.60,        64.75,        64.75,        63.90,        64.14,                 14763654.63,229691,N, ,2400,        70.32,        56.15
N,EQ,MOM30IETF,ICICIPRAMC - ICICIMOM30,        30.47,        30.48,        30.50,        30.10,        30.19,                 18278190.15,603947,N, ,1461,        32.90,        26.00
N,EQ,MOM50,MOTILAL OSWAL M50 ETF,       238.46,       238.05,       238.23,       235.85,       236.09,                  1343708.80,5672,N, ,128,       279.33,       221.55
N,EQ,MOMENTUM,BIRLASLAMC - MOMENTUM,        30.25,        30.25,        30.50,        29.96,        30.17,                   847167.26,28164,N, ,165,        33.00,        27.05
N,EQ,MOMENTUM30,KOTAKMAMC - MOMENTUM30,        29.80,        29.74,        29.86,        29.60,        29.74,                   197301.20,6630,N, ,88,        37.38,        26.91
N,EQ,MOMENTUM50,MOTILALAMC - MOMENTUM50,        53.24,        53.50,        53.50,        52.82,        52.97,                 16311688.07,307418,N, ,14176,        55.97,        44.96
N,EQ,MOMETAL,MOTILALAMC - MOMETAL,        12.62,        12.60,        12.62,        12.32,        12.35,                   841363.20,67825,N, ,189,        14.55,        12.31
N,EQ,MOMGF,MOTILALAMC - MOMGF,       153.92,       153.08,       153.27,       151.95,       152.85,                    41344.43,271,N, ,27,       171.26,       137.90
N,EQ,MOMIDMTM,MOTILALAMC - MOMIDMTM,        62.14,        62.45,        62.51,        61.86,        62.23,                  2211781.58,35623,N, ,210,        70.00,        54.78
N,EQ,MOMMIDCAP,MIRAEAMC - MOMMIDCAP,        12.61,        12.49,        12.63,        12.49,        12.56,                  8361947.57,665148,N, ,363,        14.99,        10.80
N,EQ,MOMNC,MOTILALAMC - MOMNC,        30.72,        30.28,        30.36,        30.12,        30.18,                    45842.47,1515,N, ,27,        35.80,        27.03
N,EQ,MOMOMENTUM,MOTILALAMC - MOMOMENTUM,        60.72,        60.72,        60.72,        59.78,        59.98,                  1964354.65,32652,N, ,391,        66.28,        54.32
N,EQ,MON100,MOTILAL OS NASDAQ100 ETF,       330.43,       338.69,       338.69,       331.00,       332.06,                300494834.51,903342,N, ,18259,       354.90,       213.01
N,EQ,MON50EQUAL,MOTILALAMC - MON50EQUAL,        31.79,        31.85,        31.85,        31.10,        31.15,                  1179616.31,37853,N, ,126,        36.00,        29.43
N,EQ,MONEXT50,MOTILALAMC - MONEXT50,        69.80,        70.14,        70.14,        69.22,        69.51,                   239731.08,3439,N, ,40,        75.89,        59.43
N,EQ,MONIFTY100,MOTILALAMC - MONIFTY100,        23.91,        23.31,        24.13,        23.31,        23.84,                   585367.86,24568,N, ,83,        27.97,        22.38
N,EQ,MONIFTY500,MOTILALAMC - MONIFTY500,        22.74,        23.30,        23.30,        22.54,        22.59,                 10717832.65,473388,N, ,1513,        28.28,        20.75
N,EQ,MONQ50,MOTILALAMC - MONQ50,       219.20,       223.90,       263.04,       219.50,       258.57,                704740397.90,2886068,N, ,45877,       471.99,        92.01
N,EQ,MOOILGAS,MOTILALAMC - MOOILGAS,        10.74,        10.74,        11.15,        10.58,        10.98,                    81050.66,7581,N, ,69,        12.15,        10.41
N,EQ,MOPSE,MOTILALAMC - MOPSE,        94.99,        95.35,        96.90,        94.41,        95.53,                    13449.21,141,N, ,10,       114.70,        93.05
N,EQ,MOQUALITY,MOTILALAMC - MOQUALITY,       191.38,       191.38,       191.38,       187.60,       188.19,                   196095.37,1042,N, ,67,       225.60,       176.15
N,EQ,MOREALTY,MOTILALAMC - MOREALTY,        83.96,        83.96,        84.02,        82.55,        82.77,                 21999568.34,264689,N, ,1872,        99.49,        64.00
N,EQ,MOSERVICE,MOTILALAMC - MOSERVICE,        29.33,        29.30,        29.46,        29.21,        29.25,                    48149.38,1645,N, ,56,        35.37,        28.30
N,EQ,MOSMALL250,MOTILALAMC - MOSMALL250,        17.95,        18.39,        18.39,        17.78,        17.95,                 17245978.45,959527,N, ,1776,        19.38,        14.22
N,EQ,MOTOUR,MOTILALAMC - MOTOUR,        76.55,        76.84,        77.10,        75.99,        76.15,                   506995.51,6633,N, ,107,        92.00,        64.00
N,EQ,MOVALUE,MOTILALAMC - MOVALUE,       106.86,       107.39,       107.39,       106.01,       106.50,                  8041168.70,75533,N, ,653,       128.77,       103.53
N,EQ,MSCI360,360ONEAMC - MSCI360,         9.56,         9.58,         9.60,         9.51,         9.51,                    82704.79,8657,N, ,198,        12.24,         9.40
N,EQ,MSCIADD,DSPAMC - MSCIADD,        28.03,        27.83,        27.89,        27.83,        27.88,                    33858.89,1216,N, ,108,        33.82,        26.40
N,EQ,MSCIINDIA,KOTAKMAMC - MSCIINDIA,        28.37,        28.20,        28.77,        28.09,        28.18,                   386872.81,13733,N, ,180,        32.14,        26.50
N,EQ,MULTICAP,MIRAEAMC - MULTICAP,        16.02,        16.21,        16.21,        15.90,        15.95,                  1353687.05,84694,N, ,496,        17.50,        14.20
N,EQ,NETF,TATAAML - NETF,       247.59,       250.98,       250.98,       246.09,       246.55,                   728031.91,2948,N, ,127,       292.90,       240.66
N,EQ,NEXT30ADD,DSPAMC - NEXT30ADD,        40.29,        40.19,        40.25,        39.81,        39.96,                   628649.90,15717,N, ,67,        46.70,        36.98
N,EQ,NEXT50,MIRAEAMC - MANXT50,       723.61,       719.99,       727.23,       715.75,       718.03,                 24848264.47,34559,N, ,4025,       785.96,       617.00
N,EQ,NEXT50ADD,DSPAMC - NEXT50ADD,        70.56,        70.14,        70.33,        69.78,        69.98,                   362806.59,5182,N, ,40,        81.00,        56.25
N,EQ,NEXT50BETA,UTIAMC-NEXT50BETA,        75.50,        75.40,        75.80,        74.72,        75.08,                  3825904.51,50862,N, ,652,        82.51,        64.34
N,EQ,NEXT50ETF,KOTAKMAMC - NEXT50ETF,        70.59,        71.29,        71.29,        69.82,        70.11,                   517200.97,7372,N, ,200,        78.00,        60.15
N,EQ,NEXT50IETF,ICICIPRAMC - ICICINXT50,        74.04,        73.98,        73.98,        72.80,        73.40,                 36023624.72,489870,N, ,5022,        80.38,        62.60
N,EQ,NIF100BEES,NIP IND ETF NIFTY 100,       253.11,       252.01,       252.91,       250.95,       251.24,                  8603245.12,34167,N, ,970,       290.00,       240.00
N,EQ,NIF100IETF,ICICI PRUD NIFTY 100 ETF,        26.65,        27.18,        27.18,        26.42,        26.51,                  4421261.35,166779,N, ,1766,        30.88,        23.00
N,EQ,NIF500BETA,UTIAMC - NIF500BETA,        35.99,        35.27,        36.49,        35.27,        35.36,                   298484.78,8319,N, ,70,        38.90,        34.53
N,EQ,NIFTY1,KOTAK NIFTY ETF,       252.54,       252.01,       252.72,       250.01,       251.29,                 69434853.07,275401,N, ,1301,       295.80,       244.80
N,EQ,NIFTY100EW,KOTAKMAMC - NIFTY100EW,        33.37,        33.59,        33.60,        32.98,        33.38,                  2515108.36,75880,N, ,419,        41.41,        29.84
N,EQ,NIFTYADD,DSPAMC - DSPNIFTY,       239.92,       242.32,       242.32,       237.71,       238.12,                   944228.78,3953,N, ,169,       300.00,       232.64
N,EQ,NIFTYAXIS,AXISAMC-NIFTYAXIS,       251.28,       254.00,       254.00,       250.05,       250.50,                  1779624.57,7095,N, ,194,       296.38,       243.19
N,EQ,NIFTYBEES,NIP IND ETF NIFTY BEES,       258.89,       258.59,       258.99,       257.13,       257.59,               1521432986.32,5897585,N, ,49269,       302.25,       251.70
N,EQ,NIFTYBETA,UTIAMC-NIFTYBETA,       252.39,       252.40,       252.42,       250.54,       250.97,                  7871572.20,31322,N, ,514,       297.48,       244.90
N,EQ,NIFTYBETF,BFAM - NIFTYBETF,       233.91,       233.37,       234.63,       231.98,       232.77,                  4080508.07,17439,N, ,115,       279.99,       227.01
N,EQ,NIFTYCASE,ZERODHAAMC - NIFTYCASE,         9.11,         9.33,         9.33,         9.06,         9.09,                  4981122.82,547456,N, ,1851,        11.61,         8.84
N,EQ,NIFTYETF,MIRAEAMC - MAN50ETF,       247.58,       253.76,       253.76,       245.74,       246.38,                104867392.53,424784,N, ,2120,       289.05,       239.81
N,EQ,NIFTYIETF,ICICI PRUD NIFTY ETF,       257.79,       261.50,       261.50,       256.10,       256.50,                 91904971.99,357999,N, ,12911,       304.14,       250.40
N,EQ,NIFTYJBLK,JIOBLACKROCKAMC-NIFTYJBLK,        11.65,        11.94,        11.94,        11.57,        11.61,                   676966.51,58269,N, ,466,        13.05,         9.94
N,EQ,NIFTYQLITY,BIRLASLAMC - NIFTYQLITY,        20.10,        20.10,        20.28,        19.71,        19.78,                   750970.36,37884,N, ,315,        23.03,        18.95
N,EQ,NPBET,TATAAML - NPBET,       281.10,       279.83,       283.20,       279.83,       281.53,                   263273.19,936,N, ,19,       307.00,       246.26
N,EQ,NV20,KOTAKMAMC - KTKNV20ETF,        13.23,        13.48,        13.48,        13.07,        13.08,                  1366309.55,103954,N, ,448,       168.70,        12.62
N,EQ,NV20BEES,NIP IND ETF ETF NV20,       134.00,       136.50,       136.50,       131.12,       131.77,                  3941830.45,29941,N, ,380,       160.00,       128.49
N,EQ,NV20IETF,ICICI PRUDENTIAL NV20 ETF,        12.85,        12.96,        12.96,        12.70,        12.83,                  2440403.10,190085,N, ,1820,        16.00,        12.50
N,EQ,OILIETF,ICICIPRAMC - OILIETF,        10.82,        10.77,        10.84,        10.75,        10.78,                  3386372.73,313749,N, ,1935,        14.00,         9.80
N,EQ,PHARMABEES,NIPPONAMC - NETFPHARMA,        27.30,        27.30,        27.50,        27.08,        27.16,                 82083837.03,3016478,N, ,8564,        28.58,        21.69
N,EQ,PSUBANK,KOTAK PSU BANK,        80.09,        82.09,        82.09,        79.32,        80.92,                207004989.08,2565596,N, ,982,      1010.00,        78.79
N,EQ,PSUBANKADD,DSPAMC - DSPPSBKETF,        80.60,        79.03,        82.10,        79.03,        81.72,                  1707695.70,20961,N, ,164,        99.88,        75.27
N,EQ,PSUBNKBEES,NIP IND ETF PSU BANK BEES,        89.11,        89.50,        90.62,        88.45,        90.12,                178196938.29,1982905,N, ,5393,       110.40,        83.32
N,EQ,PSUBNKIETF,ICICIPRAMC - PSUBANKICI,        81.24,        81.24,        82.49,        80.36,        82.34,                  5370534.35,65713,N, ,625,       104.00,        75.59
N,EQ,PVTBANIETF,ICICIPRAMC - ICICIBANKP,        27.41,        28.09,        28.09,        27.22,        27.50,                174208118.69,6335925,N, ,1228,        30.32,        24.18
N,EQ,PVTBANK,KOTAKMAMC - PVTBANK,        27.14,        27.19,        27.34,        27.06,        27.19,                   907146.92,33373,N, ,50,        29.65,        26.00
N,EQ,PVTBANKADD,DSPAMC - DSPPVBKETF,        27.55,        27.42,        27.74,        27.36,        27.48,                 51172931.33,1861463,N, ,1397,        31.88,        24.02
N,EQ,PVTBKGROWW,GROWWAMC - PVTBKGROWW,        27.06,        27.16,        27.50,        26.76,        26.99,                   555755.14,20502,N, ,90,        29.57,        25.45
N,EQ,QNIFTY,QUANTUM NIFTY 50 ETF,       250.58,       255.00,       255.00,       248.20,       249.49,                  2464560.45,9876,N, ,133,      2911.90,       243.20
N,EQ,QUAL30IETF,ICICIPRAMC - ICICIQTY30,        19.83,        19.70,        19.98,        19.54,        19.62,                  5981296.85,305676,N, ,362,        23.00,        18.00
N,EQ,QUALITY30,KOTAKMAMC - QUALITY30,        19.40,        19.32,        19.36,        19.20,        19.24,                  1022482.86,53091,N, ,165,        23.18,        18.09
N,EQ,SBIBPB,SBIAMC - SBIBPB,        46.61,        46.86,        47.26,        46.10,        46.74,                 14976939.84,320442,N, ,343,        58.27,        42.76
N,EQ,SBIETFCON,SBIAMC - SBIETFCON,       113.94,       111.09,       116.20,       111.09,       113.42,                   212935.65,1877,N, ,80,       133.97,       100.00
N,EQ,SBIETFIT,SBIAMC - SBIETFIT,       311.04,       311.29,       311.97,       307.64,       308.87,                   584176.15,1886,N, ,115,       439.27,       285.00
N,EQ,SBIETFPB,SBIAMC - SBIETFPB,       275.91,       275.86,       278.99,       275.01,       277.45,                   356185.64,1284,N, ,67,       304.58,       244.18
N,EQ,SBIETFQLTY,SBIAMC - SBIETFQLTY,       207.80,       211.96,       211.96,       206.00,       206.30,                   655316.84,3175,N, ,67,       247.28,       194.00
N,EQ,SBILIQETF,SBIAMC - SBILIQETF,      1058.89,      1059.06,      1059.06,      1059.04,      1059.04,                143417444.83,135422,N, ,78,      1087.09,       999.00
N,EQ,SBIMIDMOM,SBIAMC - SBIMIDMOM,        61.56,        61.86,        67.67,        61.00,        61.62,                  4553219.01,73965,N, ,165,        67.74,        53.86
N,EQ,SBINEQWETF,SBIAMC - SBINEQWETF,        32.01,        32.01,        32.01,        31.12,        31.31,                  1743828.02,55730,N, ,431,        36.40,        29.64
N,EQ,SBINMID150,SBIAMC - SBINMID150,        21.98,        22.08,        22.11,        21.83,        21.93,                 14046227.78,638981,N, ,1319,        24.06,        19.81
N,EQ,SBISMLETF,SBIAMC - SBISMLETF,        17.90,        17.82,        18.00,        17.79,        17.95,                   439002.37,24521,N, ,191,        18.97,        16.53
N,EQ,SBIVALETF,SBIAMC - SBIVALETF,        13.95,        13.95,        14.02,        13.81,        13.87,                452371862.80,32602500,N, ,762,        17.70,        13.67
N,EQ,SECLEDBETA,UTIAMC - SECLEDBETA,        13.97,        13.97,        13.97,        13.85,        13.89,                    67158.80,4846,N, ,26,        15.50,        13.61
N,EQ,SELECTIPO,MIRAEAMC - SELECTIPO,        46.64,        46.47,        46.88,        46.41,        46.55,                  1376117.18,29492,N, ,113,        50.72,        37.80
N,EQ,SENSEXADD,DSPAMC - DSPSENXETF,        75.35,        75.17,        75.48,        75.00,        75.12,                   100786.70,1342,N, ,30,        88.20,        73.27
N,EQ,SENSEXAXIS,AXISAMC-SENSEXAXIS,        75.78,        75.65,        75.96,        75.30,        75.32,                   243810.04,3227,N, ,61,        91.35,        73.43
N,EQ,SENSEXBETA,UTIAMC-SENSEXBETA,       809.72,       812.54,       812.54,       801.30,       804.11,                  1062403.32,1318,N, ,109,       952.91,       785.00
N,EQ,SENSEXETF,MIRAEAMC - SENSEXETF,        75.41,        75.31,        75.46,        74.86,        75.05,                  2927908.42,38979,N, ,314,        88.70,        73.33
N,EQ,SENSEXIETF,ICICI PRUD SENSEX ETF,       838.12,       842.00,       842.00,       834.70,       836.45,                  4199403.32,5013,N, ,388,       999.84,       731.00
N,EQ,SETF10GILT,SBIAMC - SETF10GILT,       259.78,       260.01,       260.92,       259.98,       260.15,                   255220.43,979,N, ,28,       272.31,       250.95
N,EQ,SETFNIF50,SBI-ETF NIFTY 50,       245.14,       245.43,       245.43,       243.20,       243.65,                122576550.30,502526,N, ,6209,       287.33,       237.90
N,EQ,SETFNIFBK,SBI-ETF NIFTY BANK,       565.47,       565.58,       568.64,       561.61,       566.09,                 47435843.07,83760,N, ,2289,       646.11,       465.64
N,EQ,SETFNN50,SBI-ETF NIFTY NEXT 50,       751.83,       746.30,       751.67,       743.85,       746.57,                 15236031.53,20385,N, ,1025,       840.00,       636.01
N,EQ,SHARIABEES,NIP IND ETF SHARIAH BEES,       424.70,       424.70,       424.99,       415.87,       419.52,                  2660571.54,6324,N, ,422,       534.61,       415.87
N,EQ,SMALL250,MIRAEAMC - SMALL250,        17.96,        17.86,        18.03,        17.77,        17.93,                 11639888.58,648384,N, ,696,        19.95,        14.16
N,EQ,SMALLADD,DSPAMC - SMALLADD,        17.98,        17.98,        18.11,        17.96,        18.04,                   355192.99,19696,N, ,195,        19.50,        14.01
N,EQ,SMALLCAP,MIRAEAMC - SMALLCAP,        48.24,        49.20,        49.20,        47.53,        48.45,                 50678329.33,1047947,N, ,2849,        54.50,        37.34
N,EQ,SMALLGROWW,GROWWAMC - SMALLGROWW,        48.29,        48.40,        48.68,        48.07,        48.67,                   276864.77,5745,N, ,65,        50.84,        39.41
N,EQ,SMALLIETF,ICICIPRAMC - SMALLIETF,        18.01,        18.01,        18.19,        17.88,        17.91,                  2899442.68,161366,N, ,118,        19.49,        17.40
N,EQ,SML100CASE,ZERODHAAMC - SML100CASE,        10.99,        10.99,        11.10,        10.90,        11.06,                 15633206.04,1414994,N, ,1274,        11.77,         8.50
N,EQ,SNXT30BEES,NIPPONAMC - SNXT30BEES,        40.16,        40.07,        40.07,        39.78,        39.83,                   239220.77,5999,N, ,75,        44.56,        36.83
N,EQ,SNXT50BETA,UTIAMC-SNXT50BETA,        90.07,        89.62,        90.83,        89.34,        89.63,                   204831.87,2278,N, ,76,        99.00,        77.11
N,EQ,TECH,BIRLASLAMC - TECH,        30.71,        30.50,        31.06,        30.42,        30.48,                   375869.21,12303,N, ,114,        49.41,        28.00
N,EQ,TNIDETF,TATAAML - TNIDETF,        84.01,        82.20,        85.12,        82.20,        84.55,                  4722312.70,55773,N, ,361,       103.26,        74.50
N,EQ,TOP100CASE,ZERODHAAMC - TOP100CASE,        10.03,        10.10,        10.10,         9.92,         9.97,                  4523061.04,452981,N, ,1271,        11.57,         9.48
N,EQ,TOP10ADD,DSPAMC - TOP10ADD,        83.84,        83.84,        84.18,        83.31,        83.76,                  9245662.48,110150,N, ,339,       103.04,        81.53
N,EQ,TOP15IETF,ICICIPRAMC - TOP15IETF,         9.30,         9.26,         9.35,         9.20,         9.24,                   632657.56,68504,N, ,210,        11.36,         9.03
N,EQ,TOP20,MIRAEAMC - TOP20,         8.40,         8.40,         8.41,         8.34,         8.35,                   108440.82,12952,N, ,146,         9.99,         8.00
N,EQ,VAL30IETF,ICICIPRAMC - VAL30IETF,        14.34,        14.34,        14.37,        14.21,        14.29,                  4848408.81,339782,N, ,535,        17.70,        13.54
N,EQ,VALUE,MIRAEAMC - VALUE,        15.25,        15.24,        15.24,        15.09,        15.14,                   348512.70,22990,N, ,117,        19.69,        14.83
N,EQ,VALUEAXIS,AXISAMC-VALUEAXIS,        30.93,        31.01,        31.05,        30.75,        30.93,                  1606496.82,52045,N, ,349,        39.00,        26.76
